[14:25:22] === 0. Что у нас есть до удаления ===
--- units (включая masked) ---
nodered.service                              masked          enabled
start_nodered.service                        masked          enabled
--- installed packages ---
--- npm globals ---
--- processes ---
  (нет процессов)
--- files ---
  lrwxrwxrwx 1 root root    9 мая  4 13:34 /etc/systemd/system/nodered.service -> /dev/null
  -rw-r--r-- 1 root root 1328 дек  2 15:30 /lib/systemd/system/nodered.service
  lrwxrwxrwx 1 root root   35 дек  2 15:29 /usr/bin/node-red -> ../lib/node_modules/node-red/red.js
  -rwxr-xr-x 1 root root  346 дек  2 15:30 /usr/bin/node-red-log
  lrwxrwxrwx 1 root root   44 дек  2 15:29 /usr/bin/node-red-pi -> ../lib/node_modules/node-red/bin/node-red-pi
  -rwxr-xr-x 1 root root   44 дек  2 15:30 /usr/bin/node-red-reload
  -rwxr-xr-x 1 root root   99 дек  2 15:30 /usr/bin/node-red-restart
  -rwxr-xr-x 1 root root 3438 дек  2 15:30 /usr/bin/node-red-start
  -rwxr-xr-x 1 root root  188 дек  2 15:30 /usr/bin/node-red-stop
  -rw-r--r-- 1 root root 1328 дек  2 15:30 /usr/lib/systemd/system/nodered.service
  
  /root/.node-red:
  total 116
  drwxr-xr-x  4 root root  4096 фев 13 01:08 .
  drwx------ 10 root root  4096 мая  4 14:02 ..
  -rw-r--r--  1 root root 19884 дек  2 15:32 .config.nodes.json
  -rw-r--r--  1 root root   163 дек  2 15:32 .config.runtime.json
  -rw-r--r--  1 root root   133 дек  2 15:32 .config.runtime.json.backup
  -rw-r--r--  1 root root   745 дек  2 15:55 .config.users.json
  -rw-r--r--  1 root root   706 дек  2 15:55 .config.users.json.backup
  -rw-r--r--  1 root root    28 дек  2 15:30 environment
  -rw-r--r--  1 root root    51 дек  2 15:42 flows_cred.json
  -rw-r--r--  1 root root   170 фев 13 01:08 flows.json
  -rw-r--r--  1 root root   614 фев 13 01:08 .flows.json.backup
  drwxr-xr-x  3 root root  4096 дек  2 15:32 lib
  drwxr-xr-x 16 root root  4096 дек  2 15:30 node_modules
  -rw-r--r--  1 root root   448 дек  2 15:30 package.json
  -rw-r--r--  1 root root 13780 дек  2 15:30 package-lock.json
  -rw-r--r--  1 root root 25840 дек  2 15:32 settings.js
[14:25:26] === 1. Стоп + disable + unmask ===
[14:25:32] === 2. Удаляем unit-файлы и override-каталоги ===
removed '/usr/lib/systemd/system/nodered.service'
[14:25:32] === 3. apt purge (если установлен через пакет) ===
Чтение списков пакетов…
Построение дерева зависимостей…
Чтение информации о состоянии…
E: Невозможно найти пакет nodered
E: Невозможно найти пакет node-red
[14:25:33] === 4. Удаляем бинарники / симлинки / конфиги / данные ===
removed '/usr/bin/node-red'
removed '/usr/bin/node-red-pi'
removed '/usr/bin/node-red-start'
removed '/usr/bin/node-red-stop'
removed '/usr/bin/node-red-log'
removed '/usr/bin/node-red-restart'
removed '/usr/bin/node-red-reload'
removed '/usr/lib/node_modules/node-red/package.json'
removed '/usr/lib/node_modules/node-red/red.js'
removed '/usr/lib/node_modules/node-red/settings.js'
removed '/usr/lib/node_modules/node-red/README.md'
removed '/usr/lib/node_modules/node-red/bin/node-red-pi'
removed directory '/usr/lib/node_modules/node-red/bin'
removed '/usr/lib/node_modules/node-red/node_modules/@szmarczak/http-timer/package.json'
removed '/usr/lib/node_modules/node-red/node_modules/@szmarczak/http-timer/dist/source/index.js'
removed '/usr/lib/node_modules/node-red/node_modules/@szmarczak/http-timer/dist/source/index.d.ts'
removed directory '/usr/lib/node_modules/node-red/node_modules/@szmarczak/http-timer/dist/source'
removed directory '/usr/lib/node_modules/node-red/node_modules/@szmarczak/http-timer/dist'
removed '/usr/lib/node_modules/node-red/node_modules/@szmarczak/http-timer/README.md'
removed '/usr/lib/node_modules/node-red/node_modules/@szmarczak/http-timer/LICENSE'
removed directory '/usr/lib/node_modules/node-red/node_modules/@szmarczak/http-timer'
removed directory '/usr/lib/node_modules/node-red/node_modules/@szmarczak'
removed '/usr/lib/node_modules/node-red/node_modules/boolbase/package.json'
removed '/usr/lib/node_modules/node-red/node_modules/boolbase/index.js'
removed '/usr/lib/node_modules/node-red/node_modules/boolbase/README.md'
removed directory '/usr/lib/node_modules/node-red/node_modules/boolbase'
removed '/usr/lib/node_modules/node-red/node_modules/ipaddr.js/package.json'
removed '/usr/lib/node_modules/node-red/node_modules/ipaddr.js/ipaddr.min.js'
removed '/usr/lib/node_modules/node-red/node_modules/ipaddr.js/README.md'
removed '/usr/lib/node_modules/node-red/node_modules/ipaddr.js/lib/ipaddr.js'
removed '/usr/lib/node_modules/node-red/node_modules/ipaddr.js/lib/ipaddr.js.d.ts'
removed directory '/usr/lib/node_modules/node-red/node_modules/ipaddr.js/lib'
removed '/usr/lib/node_modules/node-red/node_modules/ipaddr.js/LICENSE'
removed directory '/usr/lib/node_modules/node-red/node_modules/ipaddr.js'
removed '/usr/lib/node_modules/node-red/node_modules/mustache/package.json'
removed '/usr/lib/node_modules/node-red/node_modules/mustache/README.md'
removed '/usr/lib/node_modules/node-red/node_modules/mustache/bin/mustache'
removed directory '/usr/lib/node_modules/node-red/node_modules/mustache/bin'
removed '/usr/lib/node_modules/node-red/node_modules/mustache/CHANGELOG.md'
removed '/usr/lib/node_modules/node-red/node_modules/mustache/wrappers/yui3/mustache.js.pre'
removed '/usr/lib/node_modules/node-red/node_modules/mustache/wrappers/yui3/mustache.js.post'
removed directory '/usr/lib/node_modules/node-red/node_modules/mustache/wrappers/yui3'
removed '/usr/lib/node_modules/node-red/node_modules/mustache/wrappers/mootools/mustache.js.pre'
removed '/usr/lib/node_modules/node-red/node_modules/mustache/wrappers/mootools/mustache.js.post'
removed directory '/usr/lib/node_modules/node-red/node_modules/mustache/wrappers/mootools'
removed '/usr/lib/node_modules/node-red/node_modules/mustache/wrappers/qooxdoo/mustache.js.pre'
removed '/usr/lib/node_modules/node-red/node_modules/mustache/wrappers/qooxdoo/mustache.js.post'
removed directory '/usr/lib/node_modules/node-red/node_modules/mustache/wrappers/qooxdoo'
removed '/usr/lib/node_modules/node-red/node_modules/mustache/wrappers/dojo/mustache.js.pre'
removed '/usr/lib/node_modules/node-red/node_modules/mustache/wrappers/dojo/mustache.js.post'
removed directory '/usr/lib/node_modules/node-red/node_modules/mustache/wrappers/dojo'
removed '/usr/lib/node_modules/node-red/node_modules/mustache/wrappers/jquery/mustache.js.pre'
removed '/usr/lib/node_modules/node-red/node_modules/mustache/wrappers/jquery/mustache.js.post'
removed directory '/usr/lib/node_modules/node-red/node_modules/mustache/wrappers/jquery'
removed directory '/usr/lib/node_modules/node-red/node_modules/mustache/wrappers'
removed '/usr/lib/node_modules/node-red/node_modules/mustache/mustache.mjs'
removed '/usr/lib/node_modules/node-red/node_modules/mustache/mustache.js'
removed '/usr/lib/node_modules/node-red/node_modules/mustache/mustache.min.js'
removed '/usr/lib/node_modules/node-red/node_modules/mustache/LICENSE'
removed directory '/usr/lib/node_modules/node-red/node_modules/mustache'
removed '/usr/lib/node_modules/node-red/node_modules/quick-lru/readme.md'
removed '/usr/lib/node_modules/node-red/node_modules/quick-lru/package.json'
removed '/usr/lib/node_modules/node-red/node_modules/quick-lru/license'
removed '/usr/lib/node_modules/node-red/node_modules/quick-lru/index.js'
removed '/usr/lib/node_modules/node-red/node_modules/quick-lru/index.d.ts'
removed directory '/usr/lib/node_modules/node-red/node_modules/quick-lru'
removed '/usr/lib/node_modules/node-red/node_modules/clone/package.json'
removed '/usr/lib/node_modules/node-red/node_modules/clone/clone.iml'
removed '/usr/lib/node_modules/node-red/node_modules/clone/.npmignore'
removed '/usr/lib/node_modules/node-red/node_modules/clone/README.md'
removed '/usr/lib/node_modules/node-red/node_modules/clone/clone.js'
removed '/usr/lib/node_modules/node-red/node_modules/clone/LICENSE'
removed directory '/usr/lib/node_modules/node-red/node_modules/clone'
removed '/usr/lib/node_modules/node-red/node_modules/gopd/tsconfig.json'
removed '/usr/lib/node_modules/node-red/node_modules/gopd/package.json'
removed '/usr/lib/node_modules/node-red/node_modules/gopd/test/index.js'
removed directory '/usr/lib/node_modules/node-red/node_modules/gopd/test'
removed '/usr/lib/node_modules/node-red/node_modules/gopd/index.js'
removed '/usr/lib/node_modules/node-red/node_modules/gopd/gOPD.js'
removed '/usr/lib/node_modules/node-red/node_modules/gopd/README.md'
removed '/usr/lib/node_modules/node-red/node_modules/gopd/.eslintrc'
removed '/usr/lib/node_modules/node-red/node_modules/gopd/.github/FUNDING.yml'
removed directory '/usr/lib/node_modules/node-red/node_modules/gopd/.github'
removed '/usr/lib/node_modules/node-red/node_modules/gopd/CHANGELOG.md'
removed '/usr/lib/node_modules/node-red/node_modules/gopd/index.d.ts'
removed '/usr/lib/node_modules/node-red/node_modules/gopd/gOPD.d.ts'
removed '/usr/lib/node_modules/node-red/node_modules/gopd/LICENSE'
removed directory '/usr/lib/node_modules/node-red/node_modules/gopd'
removed '/usr/lib/node_modules/node-red/node_modules/commist/package.json'
removed '/usr/lib/node_modules/node-red/node_modules/commist/index.js'
removed '/usr/lib/node_modules/node-red/node_modules/commist/leven.js'
removed '/usr/lib/node_modules/node-red/node_modules/commist/example.js'
removed '/usr/lib/node_modules/node-red/node_modules/commist/README.md'
removed '/usr/lib/node_modules/node-red/node_modules/commist/test.js'
removed '/usr/lib/node_modules/node-red/node_modules/commist/.github/workflows/ci.yml'
removed directory '/usr/lib/node_modules/node-red/node_modules/commist/.github/workflows'
removed directory '/usr/lib/node_modules/node-red/node_modules/commist/.github'
removed '/usr/lib/node_modules/node-red/node_modules/commist/LICENSE'
removed directory '/usr/lib/node_modules/node-red/node_modules/commist'
removed '/usr/lib/node_modules/node-red/node_modules/js-sdsl/README.zh-CN.md'
removed '/usr/lib/node_modules/node-red/node_modules/js-sdsl/package.json'
removed '/usr/lib/node_modules/node-red/node_modules/js-sdsl/dist/esm/utils/throwError.d.ts'
removed '/usr/lib/node_modules/node-red/node_modules/js-sdsl/dist/esm/utils/throwError.js.map'
removed '/usr/lib/node_modules/node-red/node_modules/js-sdsl/dist/esm/utils/checkObject.js'
removed '/usr/lib/node_modules/node-red/node_modules/js-sdsl/dist/esm/utils/checkObject.d.ts'
removed '/usr/lib/node_modules/node-red/node_modules/js-sdsl/dist/esm/utils/checkObject.js.map'
removed '/usr/lib/node_modules/node-red/node_modules/js-sdsl/dist/esm/utils/throwError.js'
removed directory '/usr/lib/node_modules/node-red/node_modules/js-sdsl/dist/esm/utils'
removed '/usr/lib/node_modules/node-red/node_modules/js-sdsl/dist/esm/index.js'
removed '/usr/lib/node_modules/node-red/node_modules/js-sdsl/dist/esm/index.js.map'
removed '/usr/lib/node_modules/node-red/node_modules/js-sdsl/dist/esm/container/HashContainer/HashSet.js'
removed '/usr/lib/node_modules/node-red/node_modules/js-sdsl/dist/esm/container/HashContainer/HashSet.d.ts'
removed '/usr/lib/node_modules/node-red/node_modules/js-sdsl/dist/esm/container/HashContainer/HashMap.js.map'
removed '/usr/lib/node_modules/node-red/node_modules/js-sdsl/dist/esm/container/HashContainer/Base/index.js'
removed '/usr/lib/node_modules/node-red/node_modules/js-sdsl/dist/esm/container/HashContainer/Base/index.js.map'
removed '/usr/lib/node_modules/node-red/node_modules/js-sdsl/dist/esm/container/HashContainer/Base/index.d.ts'
removed directory '/usr/lib/node_modules/node-red/node_modules/js-sdsl/dist/esm/container/HashContainer/Base'
removed '/usr/lib/node_modules/node-red/node_modules/js-sdsl/dist/esm/container/HashContainer/HashSet.js.map'
removed '/usr/lib/node_modules/node-red/node_modules/js-sdsl/dist/esm/container/HashContainer/HashMap.d.ts'
removed '/usr/lib/node_modules/node-red/node_modules/js-sdsl/dist/esm/container/HashContainer/HashMap.js'
removed directory '/usr/lib/node_modules/node-red/node_modules/js-sdsl/dist/esm/container/HashContainer'
removed '/usr/lib/node_modules/node-red/node_modules/js-sdsl/dist/esm/container/OtherContainer/PriorityQueue.js'
removed '/usr/lib/node_modules/node-red/node_modules/js-sdsl/dist/esm/container/OtherContainer/Stack.js'
removed '/usr/lib/node_modules/node-red/node_modules/js-sdsl/dist/esm/container/OtherContainer/Stack.js.map'
removed '/usr/lib/node_modules/node-red/node_modules/js-sdsl/dist/esm/container/OtherContainer/PriorityQueue.d.ts'
removed '/usr/lib/node_modules/node-red/node_modules/js-sdsl/dist/esm/container/OtherContainer/PriorityQueue.js.map'
removed '/usr/lib/node_modules/node-red/node_modules/js-sdsl/dist/esm/container/OtherContainer/Queue.js'
removed '/usr/lib/node_modules/node-red/node_modules/js-sdsl/dist/esm/container/OtherContainer/Stack.d.ts'
removed '/usr/lib/node_modules/node-red/node_modules/js-sdsl/dist/esm/container/OtherContainer/Queue.d.ts'
removed '/usr/lib/node_modules/node-red/node_modules/js-sdsl/dist/esm/container/OtherContainer/Queue.js.map'
removed directory '/usr/lib/node_modules/node-red/node_modules/js-sdsl/dist/esm/container/OtherContainer'
removed '/usr/lib/node_modules/node-red/node_modules/js-sdsl/dist/esm/container/ContainerBase/index.js'
removed '/usr/lib/node_modules/node-red/node_modules/js-sdsl/dist/esm/container/ContainerBase/index.js.map'
removed '/usr/lib/node_modules/node-red/node_modules/js-sdsl/dist/esm/container/ContainerBase/index.d.ts'
removed directory '/usr/lib/node_modules/node-red/node_modules/js-sdsl/dist/esm/container/ContainerBase'
removed '/usr/lib/node_modules/node-red/node_modules/js-sdsl/dist/esm/container/SequentialContainer/LinkList.js'
removed '/usr/lib/node_modules/node-red/node_modules/js-sdsl/dist/esm/container/SequentialContainer/LinkList.d.ts'
removed '/usr/lib/node_modules/node-red/node_modules/js-sdsl/dist/esm/container/SequentialContainer/Deque.js.map'
removed '/usr/lib/node_modules/node-red/node_modules/js-sdsl/dist/esm/container/SequentialContainer/Base/RandomIterator.d.ts'
removed '/usr/lib/node_modules/node-red/node_modules/js-sdsl/dist/esm/container/SequentialContainer/Base/RandomIterator.js.map'
removed '/usr/lib/node_modules/node-red/node_modules/js-sdsl/dist/esm/container/SequentialContainer/Base/index.js'
removed '/usr/lib/node_modules/node-red/node_modules/js-sdsl/dist/esm/container/SequentialContainer/Base/index.js.map'
removed '/usr/lib/node_modules/node-red/node_modules/js-sdsl/dist/esm/container/SequentialContainer/Base/RandomIterator.js'
removed '/usr/lib/node_modules/node-red/node_modules/js-sdsl/dist/esm/container/SequentialContainer/Base/index.d.ts'
removed directory '/usr/lib/node_modules/node-red/node_modules/js-sdsl/dist/esm/container/SequentialContainer/Base'
removed '/usr/lib/node_modules/node-red/node_modules/js-sdsl/dist/esm/container/SequentialContainer/Vector.js.map'
removed '/usr/lib/node_modules/node-red/node_modules/js-sdsl/dist/esm/container/SequentialContainer/Deque.js'
removed '/usr/lib/node_modules/node-red/node_modules/js-sdsl/dist/esm/container/SequentialContainer/Deque.d.ts'
removed '/usr/lib/node_modules/node-red/node_modules/js-sdsl/dist/esm/container/SequentialContainer/Vector.js'
removed '/usr/lib/node_modules/node-red/node_modules/js-sdsl/dist/esm/container/SequentialContainer/Vector.d.ts'
removed '/usr/lib/node_modules/node-red/node_modules/js-sdsl/dist/esm/container/SequentialContainer/LinkList.js.map'
removed directory '/usr/lib/node_modules/node-red/node_modules/js-sdsl/dist/esm/container/SequentialContainer'
removed '/usr/lib/node_modules/node-red/node_modules/js-sdsl/dist/esm/container/TreeContainer/OrderedSet.js'
removed '/usr/lib/node_modules/node-red/node_modules/js-sdsl/dist/esm/container/TreeContainer/OrderedSet.js.map'
removed '/usr/lib/node_modules/node-red/node_modules/js-sdsl/dist/esm/container/TreeContainer/Base/TreeNode.js'
removed '/usr/lib/node_modules/node-red/node_modules/js-sdsl/dist/esm/container/TreeContainer/Base/TreeIterator.js'
removed '/usr/lib/node_modules/node-red/node_modules/js-sdsl/dist/esm/container/TreeContainer/Base/TreeIterator.d.ts'
removed '/usr/lib/node_modules/node-red/node_modules/js-sdsl/dist/esm/container/TreeContainer/Base/TreeNode.js.map'
removed '/usr/lib/node_modules/node-red/node_modules/js-sdsl/dist/esm/container/TreeContainer/Base/index.js'
removed '/usr/lib/node_modules/node-red/node_modules/js-sdsl/dist/esm/container/TreeContainer/Base/index.js.map'
removed '/usr/lib/node_modules/node-red/node_modules/js-sdsl/dist/esm/container/TreeContainer/Base/TreeNode.d.ts'
removed '/usr/lib/node_modules/node-red/node_modules/js-sdsl/dist/esm/container/TreeContainer/Base/TreeIterator.js.map'
removed '/usr/lib/node_modules/node-red/node_modules/js-sdsl/dist/esm/container/TreeContainer/Base/index.d.ts'
removed directory '/usr/lib/node_modules/node-red/node_modules/js-sdsl/dist/esm/container/TreeContainer/Base'
removed '/usr/lib/node_modules/node-red/node_modules/js-sdsl/dist/esm/container/TreeContainer/OrderedSet.d.ts'
removed '/usr/lib/node_modules/node-red/node_modules/js-sdsl/dist/esm/container/TreeContainer/OrderedMap.js.map'
removed '/usr/lib/node_modules/node-red/node_modules/js-sdsl/dist/esm/container/TreeContainer/OrderedMap.js'
removed '/usr/lib/node_modules/node-red/node_modules/js-sdsl/dist/esm/container/TreeContainer/OrderedMap.d.ts'
removed directory '/usr/lib/node_modules/node-red/node_modules/js-sdsl/dist/esm/container/TreeContainer'
removed directory '/usr/lib/node_modules/node-red/node_modules/js-sdsl/dist/esm/container'
removed '/usr/lib/node_modules/node-red/node_modules/js-sdsl/dist/esm/index.d.ts'
removed directory '/usr/lib/node_modules/node-red/node_modules/js-sdsl/dist/esm'
removed '/usr/lib/node_modules/node-red/node_modules/js-sdsl/dist/cjs/utils/throwError.d.ts'
removed '/usr/lib/node_modules/node-red/node_modules/js-sdsl/dist/cjs/utils/throwError.js.map'
removed '/usr/lib/node_modules/node-red/node_modules/js-sdsl/dist/cjs/utils/checkObject.js'
removed '/usr/lib/node_modules/node-red/node_modules/js-sdsl/dist/cjs/utils/checkObject.d.ts'
removed '/usr/lib/node_modules/node-red/node_modules/js-sdsl/dist/cjs/utils/checkObject.js.map'
removed '/usr/lib/node_modules/node-red/node_modules/js-sdsl/dist/cjs/utils/throwError.js'
removed directory '/usr/lib/node_modules/node-red/node_modules/js-sdsl/dist/cjs/utils'
removed '/usr/lib/node_modules/node-red/node_modules/js-sdsl/dist/cjs/index.js'
removed '/usr/lib/node_modules/node-red/node_modules/js-sdsl/dist/cjs/index.js.map'
removed '/usr/lib/node_modules/node-red/node_modules/js-sdsl/dist/cjs/container/HashContainer/HashSet.js'
removed '/usr/lib/node_modules/node-red/node_modules/js-sdsl/dist/cjs/container/HashContainer/HashSet.d.ts'
removed '/usr/lib/node_modules/node-red/node_modules/js-sdsl/dist/cjs/container/HashContainer/HashMap.js.map'
removed '/usr/lib/node_modules/node-red/node_modules/js-sdsl/dist/cjs/container/HashContainer/Base/index.js'
removed '/usr/lib/node_modules/node-red/node_modules/js-sdsl/dist/cjs/container/HashContainer/Base/index.js.map'
removed '/usr/lib/node_modules/node-red/node_modules/js-sdsl/dist/cjs/container/HashContainer/Base/index.d.ts'
removed directory '/usr/lib/node_modules/node-red/node_modules/js-sdsl/dist/cjs/container/HashContainer/Base'
removed '/usr/lib/node_modules/node-red/node_modules/js-sdsl/dist/cjs/container/HashContainer/HashSet.js.map'
removed '/usr/lib/node_modules/node-red/node_modules/js-sdsl/dist/cjs/container/HashContainer/HashMap.d.ts'
removed '/usr/lib/node_modules/node-red/node_modules/js-sdsl/dist/cjs/container/HashContainer/HashMap.js'
removed directory '/usr/lib/node_modules/node-red/node_modules/js-sdsl/dist/cjs/container/HashContainer'
removed '/usr/lib/node_modules/node-red/node_modules/js-sdsl/dist/cjs/container/OtherContainer/PriorityQueue.js'
removed '/usr/lib/node_modules/node-red/node_modules/js-sdsl/dist/cjs/container/OtherContainer/Stack.js'
removed '/usr/lib/node_modules/node-red/node_modules/js-sdsl/dist/cjs/container/OtherContainer/Stack.js.map'
removed '/usr/lib/node_modules/node-red/node_modules/js-sdsl/dist/cjs/container/OtherContainer/PriorityQueue.d.ts'
removed '/usr/lib/node_modules/node-red/node_modules/js-sdsl/dist/cjs/container/OtherContainer/PriorityQueue.js.map'
removed '/usr/lib/node_modules/node-red/node_modules/js-sdsl/dist/cjs/container/OtherContainer/Queue.js'
removed '/usr/lib/node_modules/node-red/node_modules/js-sdsl/dist/cjs/container/OtherContainer/Stack.d.ts'
removed '/usr/lib/node_modules/node-red/node_modules/js-sdsl/dist/cjs/container/OtherContainer/Queue.d.ts'
removed '/usr/lib/node_modules/node-red/node_modules/js-sdsl/dist/cjs/container/OtherContainer/Queue.js.map'
removed directory '/usr/lib/node_modules/node-red/node_modules/js-sdsl/dist/cjs/container/OtherContainer'
removed '/usr/lib/node_modules/node-red/node_modules/js-sdsl/dist/cjs/container/ContainerBase/index.js'
removed '/usr/lib/node_modules/node-red/node_modules/js-sdsl/dist/cjs/container/ContainerBase/index.js.map'
removed '/usr/lib/node_modules/node-red/node_modules/js-sdsl/dist/cjs/container/ContainerBase/index.d.ts'
removed directory '/usr/lib/node_modules/node-red/node_modules/js-sdsl/dist/cjs/container/ContainerBase'
removed '/usr/lib/node_modules/node-red/node_modules/js-sdsl/dist/cjs/container/SequentialContainer/LinkList.js'
removed '/usr/lib/node_modules/node-red/node_modules/js-sdsl/dist/cjs/container/SequentialContainer/LinkList.d.ts'
removed '/usr/lib/node_modules/node-red/node_modules/js-sdsl/dist/cjs/container/SequentialContainer/Deque.js.map'
removed '/usr/lib/node_modules/node-red/node_modules/js-sdsl/dist/cjs/container/SequentialContainer/Base/RandomIterator.d.ts'
removed '/usr/lib/node_modules/node-red/node_modules/js-sdsl/dist/cjs/container/SequentialContainer/Base/RandomIterator.js.map'
removed '/usr/lib/node_modules/node-red/node_modules/js-sdsl/dist/cjs/container/SequentialContainer/Base/index.js'
removed '/usr/lib/node_modules/node-red/node_modules/js-sdsl/dist/cjs/container/SequentialContainer/Base/index.js.map'
removed '/usr/lib/node_modules/node-red/node_modules/js-sdsl/dist/cjs/container/SequentialContainer/Base/RandomIterator.js'
removed '/usr/lib/node_modules/node-red/node_modules/js-sdsl/dist/cjs/container/SequentialContainer/Base/index.d.ts'
removed directory '/usr/lib/node_modules/node-red/node_modules/js-sdsl/dist/cjs/container/SequentialContainer/Base'
removed '/usr/lib/node_modules/node-red/node_modules/js-sdsl/dist/cjs/container/SequentialContainer/Vector.js.map'
removed '/usr/lib/node_modules/node-red/node_modules/js-sdsl/dist/cjs/container/SequentialContainer/Deque.js'
removed '/usr/lib/node_modules/node-red/node_modules/js-sdsl/dist/cjs/container/SequentialContainer/Deque.d.ts'
removed '/usr/lib/node_modules/node-red/node_modules/js-sdsl/dist/cjs/container/SequentialContainer/Vector.js'
removed '/usr/lib/node_modules/node-red/node_modules/js-sdsl/dist/cjs/container/SequentialContainer/Vector.d.ts'
removed '/usr/lib/node_modules/node-red/node_modules/js-sdsl/dist/cjs/container/SequentialContainer/LinkList.js.map'
removed directory '/usr/lib/node_modules/node-red/node_modules/js-sdsl/dist/cjs/container/SequentialContainer'
removed '/usr/lib/node_modules/node-red/node_modules/js-sdsl/dist/cjs/container/TreeContainer/OrderedSet.js'
removed '/usr/lib/node_modules/node-red/node_modules/js-sdsl/dist/cjs/container/TreeContainer/OrderedSet.js.map'
removed '/usr/lib/node_modules/node-red/node_modules/js-sdsl/dist/cjs/container/TreeContainer/Base/TreeNode.js'
removed '/usr/lib/node_modules/node-red/node_modules/js-sdsl/dist/cjs/container/TreeContainer/Base/TreeIterator.js'
removed '/usr/lib/node_modules/node-red/node_modules/js-sdsl/dist/cjs/container/TreeContainer/Base/TreeIterator.d.ts'
removed '/usr/lib/node_modules/node-red/node_modules/js-sdsl/dist/cjs/container/TreeContainer/Base/TreeNode.js.map'
removed '/usr/lib/node_modules/node-red/node_modules/js-sdsl/dist/cjs/container/TreeContainer/Base/index.js'
removed '/usr/lib/node_modules/node-red/node_modules/js-sdsl/dist/cjs/container/TreeContainer/Base/index.js.map'
removed '/usr/lib/node_modules/node-red/node_modules/js-sdsl/dist/cjs/container/TreeContainer/Base/TreeNode.d.ts'
removed '/usr/lib/node_modules/node-red/node_modules/js-sdsl/dist/cjs/container/TreeContainer/Base/TreeIterator.js.map'
removed '/usr/lib/node_modules/node-red/node_modules/js-sdsl/dist/cjs/container/TreeContainer/Base/index.d.ts'
removed directory '/usr/lib/node_modules/node-red/node_modules/js-sdsl/dist/cjs/container/TreeContainer/Base'
removed '/usr/lib/node_modules/node-red/node_modules/js-sdsl/dist/cjs/container/TreeContainer/OrderedSet.d.ts'
removed '/usr/lib/node_modules/node-red/node_modules/js-sdsl/dist/cjs/container/TreeContainer/OrderedMap.js.map'
removed '/usr/lib/node_modules/node-red/node_modules/js-sdsl/dist/cjs/container/TreeContainer/OrderedMap.js'
removed '/usr/lib/node_modules/node-red/node_modules/js-sdsl/dist/cjs/container/TreeContainer/OrderedMap.d.ts'
removed directory '/usr/lib/node_modules/node-red/node_modules/js-sdsl/dist/cjs/container/TreeContainer'
removed directory '/usr/lib/node_modules/node-red/node_modules/js-sdsl/dist/cjs/container'
removed '/usr/lib/node_modules/node-red/node_modules/js-sdsl/dist/cjs/index.d.ts'
removed directory '/usr/lib/node_modules/node-red/node_modules/js-sdsl/dist/cjs'
removed '/usr/lib/node_modules/node-red/node_modules/js-sdsl/dist/umd/js-sdsl.js'
removed '/usr/lib/node_modules/node-red/node_modules/js-sdsl/dist/umd/js-sdsl.min.js.map'
removed '/usr/lib/node_modules/node-red/node_modules/js-sdsl/dist/umd/js-sdsl.min.js'
removed directory '/usr/lib/node_modules/node-red/node_modules/js-sdsl/dist/umd'
removed directory '/usr/lib/node_modules/node-red/node_modules/js-sdsl/dist'
removed '/usr/lib/node_modules/node-red/node_modules/js-sdsl/README.md'
removed '/usr/lib/node_modules/node-red/node_modules/js-sdsl/CHANGELOG.md'
removed '/usr/lib/node_modules/node-red/node_modules/js-sdsl/LICENSE'
removed directory '/usr/lib/node_modules/node-red/node_modules/js-sdsl'
removed '/usr/lib/node_modules/node-red/node_modules/parseurl/package.json'
removed '/usr/lib/node_modules/node-red/node_modules/parseurl/HISTORY.md'
removed '/usr/lib/node_modules/node-red/node_modules/parseurl/index.js'
removed '/usr/lib/node_modules/node-red/node_modules/parseurl/README.md'
removed '/usr/lib/node_modules/node-red/node_modules/parseurl/LICENSE'
removed directory '/usr/lib/node_modules/node-red/node_modules/parseurl'
removed '/usr/lib/node_modules/node-red/node_modules/side-channel-map/tsconfig.json'
removed '/usr/lib/node_modules/node-red/node_modules/side-channel-map/package.json'
removed '/usr/lib/node_modules/node-red/node_modules/side-channel-map/test/index.js'
removed directory '/usr/lib/node_modules/node-red/node_modules/side-channel-map/test'
removed '/usr/lib/node_modules/node-red/node_modules/side-channel-map/index.js'
removed '/usr/lib/node_modules/node-red/node_modules/side-channel-map/README.md'
removed '/usr/lib/node_modules/node-red/node_modules/side-channel-map/.eslintrc'
removed '/usr/lib/node_modules/node-red/node_modules/side-channel-map/.github/FUNDING.yml'
removed directory '/usr/lib/node_modules/node-red/node_modules/side-channel-map/.github'
removed '/usr/lib/node_modules/node-red/node_modules/side-channel-map/.editorconfig'
removed '/usr/lib/node_modules/node-red/node_modules/side-channel-map/CHANGELOG.md'
removed '/usr/lib/node_modules/node-red/node_modules/side-channel-map/index.d.ts'
removed '/usr/lib/node_modules/node-red/node_modules/side-channel-map/LICENSE'
removed '/usr/lib/node_modules/node-red/node_modules/side-channel-map/.nycrc'
removed directory '/usr/lib/node_modules/node-red/node_modules/side-channel-map'
removed '/usr/lib/node_modules/node-red/node_modules/hasown/tsconfig.json'
removed '/usr/lib/node_modules/node-red/node_modules/hasown/package.json'
removed '/usr/lib/node_modules/node-red/node_modules/hasown/index.js'
removed '/usr/lib/node_modules/node-red/node_modules/hasown/README.md'
removed '/usr/lib/node_modules/node-red/node_modules/hasown/.eslintrc'
removed '/usr/lib/node_modules/node-red/node_modules/hasown/.github/FUNDING.yml'
removed directory '/usr/lib/node_modules/node-red/node_modules/hasown/.github'
removed '/usr/lib/node_modules/node-red/node_modules/hasown/CHANGELOG.md'
removed '/usr/lib/node_modules/node-red/node_modules/hasown/index.d.ts'
removed '/usr/lib/node_modules/node-red/node_modules/hasown/LICENSE'
removed '/usr/lib/node_modules/node-red/node_modules/hasown/.nycrc'
removed directory '/usr/lib/node_modules/node-red/node_modules/hasown'
removed '/usr/lib/node_modules/node-red/node_modules/vary/package.json'
removed '/usr/lib/node_modules/node-red/node_modules/vary/HISTORY.md'
removed '/usr/lib/node_modules/node-red/node_modules/vary/index.js'
removed '/usr/lib/node_modules/node-red/node_modules/vary/README.md'
removed '/usr/lib/node_modules/node-red/node_modules/vary/LICENSE'
removed directory '/usr/lib/node_modules/node-red/node_modules/vary'
removed '/usr/lib/node_modules/node-red/node_modules/argparse/package.json'
removed '/usr/lib/node_modules/node-red/node_modules/argparse/README.md'
removed '/usr/lib/node_modules/node-red/node_modules/argparse/lib/sub.js'
removed '/usr/lib/node_modules/node-red/node_modules/argparse/lib/textwrap.js'
removed directory '/usr/lib/node_modules/node-red/node_modules/argparse/lib'
removed '/usr/lib/node_modules/node-red/node_modules/argparse/CHANGELOG.md'
removed '/usr/lib/node_modules/node-red/node_modules/argparse/LICENSE'
removed '/usr/lib/node_modules/node-red/node_modules/argparse/argparse.js'
removed directory '/usr/lib/node_modules/node-red/node_modules/argparse'
removed '/usr/lib/node_modules/node-red/node_modules/debug/package.json'
removed '/usr/lib/node_modules/node-red/node_modules/debug/.npmignore'
removed '/usr/lib/node_modules/node-red/node_modules/debug/README.md'
removed '/usr/lib/node_modules/node-red/node_modules/debug/.eslintrc'
removed '/usr/lib/node_modules/node-red/node_modules/debug/.coveralls.yml'
removed '/usr/lib/node_modules/node-red/node_modules/debug/Makefile'
removed '/usr/lib/node_modules/node-red/node_modules/debug/CHANGELOG.md'
removed '/usr/lib/node_modules/node-red/node_modules/debug/src/index.js'
removed '/usr/lib/node_modules/node-red/node_modules/debug/src/inspector-log.js'
removed '/usr/lib/node_modules/node-red/node_modules/debug/src/debug.js'
removed '/usr/lib/node_modules/node-red/node_modules/debug/src/browser.js'
removed '/usr/lib/node_modules/node-red/node_modules/debug/src/node.js'
removed directory '/usr/lib/node_modules/node-red/node_modules/debug/src'
removed '/usr/lib/node_modules/node-red/node_modules/debug/node.js'
removed '/usr/lib/node_modules/node-red/node_modules/debug/.travis.yml'
removed '/usr/lib/node_modules/node-red/node_modules/debug/component.json'
removed '/usr/lib/node_modules/node-red/node_modules/debug/karma.conf.js'
removed '/usr/lib/node_modules/node-red/node_modules/debug/LICENSE'
removed directory '/usr/lib/node_modules/node-red/node_modules/debug'
removed '/usr/lib/node_modules/node-red/node_modules/node-watch/package.json'
removed '/usr/lib/node_modules/node-red/node_modules/node-watch/README.md'
removed '/usr/lib/node_modules/node-red/node_modules/node-watch/lib/watch.js'
removed '/usr/lib/node_modules/node-red/node_modules/node-watch/lib/has-native-recursive.js'
removed '/usr/lib/node_modules/node-red/node_modules/node-watch/lib/is.js'
removed '/usr/lib/node_modules/node-red/node_modules/node-watch/lib/watch.d.ts'
removed directory '/usr/lib/node_modules/node-red/node_modules/node-watch/lib'
removed '/usr/lib/node_modules/node-red/node_modules/node-watch/LICENSE'
removed directory '/usr/lib/node_modules/node-red/node_modules/node-watch'
removed '/usr/lib/node_modules/node-red/node_modules/moment-timezone/changelog.md'
removed '/usr/lib/node_modules/node-red/node_modules/moment-timezone/data/meta/latest.json'
removed directory '/usr/lib/node_modules/node-red/node_modules/moment-timezone/data/meta'
removed '/usr/lib/node_modules/node-red/node_modules/moment-timezone/data/packed/latest.json'
removed directory '/usr/lib/node_modules/node-red/node_modules/moment-timezone/data/packed'
removed directory '/usr/lib/node_modules/node-red/node_modules/moment-timezone/data'
removed '/usr/lib/node_modules/node-red/node_modules/moment-timezone/moment-timezone.js'
removed '/usr/lib/node_modules/node-red/node_modules/moment-timezone/package.json'
removed '/usr/lib/node_modules/node-red/node_modules/moment-timezone/index.js'
removed '/usr/lib/node_modules/node-red/node_modules/moment-timezone/moment-timezone-utils.js'
removed '/usr/lib/node_modules/node-red/node_modules/moment-timezone/builds/moment-timezone-with-data-2012-2022.min.js'
removed '/usr/lib/node_modules/node-red/node_modules/moment-timezone/builds/moment-timezone-with-data-10-year-range.js'
removed '/usr/lib/node_modules/node-red/node_modules/moment-timezone/builds/moment-timezone-with-data-2012-2022.js'
removed '/usr/lib/node_modules/node-red/node_modules/moment-timezone/builds/moment-timezone-with-data-1970-2030.min.js'
removed '/usr/lib/node_modules/node-red/node_modules/moment-timezone/builds/moment-timezone-with-data-1970-2030.js'
removed '/usr/lib/node_modules/node-red/node_modules/moment-timezone/builds/moment-timezone-with-data.min.js'
removed '/usr/lib/node_modules/node-red/node_modules/moment-timezone/builds/moment-timezone-with-data.js'
removed '/usr/lib/node_modules/node-red/node_modules/moment-timezone/builds/moment-timezone.min.js'
removed '/usr/lib/node_modules/node-red/node_modules/moment-timezone/builds/moment-timezone-with-data-10-year-range.min.js'
removed directory '/usr/lib/node_modules/node-red/node_modules/moment-timezone/builds'
removed '/usr/lib/node_modules/node-red/node_modules/moment-timezone/moment-timezone-utils.d.ts'
removed '/usr/lib/node_modules/node-red/node_modules/moment-timezone/README.md'
removed '/usr/lib/node_modules/node-red/node_modules/moment-timezone/composer.json'
removed '/usr/lib/node_modules/node-red/node_modules/moment-timezone/.editorconfig'
removed '/usr/lib/node_modules/node-red/node_modules/moment-timezone/index.d.ts'
removed '/usr/lib/node_modules/node-red/node_modules/moment-timezone/LICENSE'
removed directory '/usr/lib/node_modules/node-red/node_modules/moment-timezone'
removed '/usr/lib/node_modules/node-red/node_modules/ieee754/package.json'
removed '/usr/lib/node_modules/node-red/node_modules/ieee754/index.js'
removed '/usr/lib/node_modules/node-red/node_modules/ieee754/README.md'
removed '/usr/lib/node_modules/node-red/node_modules/ieee754/index.d.ts'
removed '/usr/lib/node_modules/node-red/node_modules/ieee754/LICENSE'
removed directory '/usr/lib/node_modules/node-red/node_modules/ieee754'
removed '/usr/lib/node_modules/node-red/node_modules/is-utf8/package.json'
removed '/usr/lib/node_modules/node-red/node_modules/is-utf8/README.md'
removed '/usr/lib/node_modules/node-red/node_modules/is-utf8/is-utf8.js'
removed '/usr/lib/node_modules/node-red/node_modules/is-utf8/LICENSE'
removed directory '/usr/lib/node_modules/node-red/node_modules/is-utf8'
removed '/usr/lib/node_modules/node-red/node_modules/express/package.json'
removed '/usr/lib/node_modules/node-red/node_modules/express/index.js'
removed '/usr/lib/node_modules/node-red/node_modules/express/node_modules/cookie/package.json'
removed '/usr/lib/node_modules/node-red/node_modules/express/node_modules/cookie/index.js'
removed '/usr/lib/node_modules/node-red/node_modules/express/node_modules/cookie/README.md'
removed '/usr/lib/node_modules/node-red/node_modules/express/node_modules/cookie/SECURITY.md'
removed '/usr/lib/node_modules/node-red/node_modules/express/node_modules/cookie/LICENSE'
removed directory '/usr/lib/node_modules/node-red/node_modules/express/node_modules/cookie'
removed '/usr/lib/node_modules/node-red/node_modules/express/node_modules/safe-buffer/package.json'
removed '/usr/lib/node_modules/node-red/node_modules/express/node_modules/safe-buffer/index.js'
removed '/usr/lib/node_modules/node-red/node_modules/express/node_modules/safe-buffer/README.md'
removed '/usr/lib/node_modules/node-red/node_modules/express/node_modules/safe-buffer/index.d.ts'
removed '/usr/lib/node_modules/node-red/node_modules/express/node_modules/safe-buffer/LICENSE'
removed directory '/usr/lib/node_modules/node-red/node_modules/express/node_modules/safe-buffer'
removed directory '/usr/lib/node_modules/node-red/node_modules/express/node_modules'
removed '/usr/lib/node_modules/node-red/node_modules/express/lib/application.js'
removed '/usr/lib/node_modules/node-red/node_modules/express/lib/middleware/query.js'
removed '/usr/lib/node_modules/node-red/node_modules/express/lib/middleware/init.js'
removed directory '/usr/lib/node_modules/node-red/node_modules/express/lib/middleware'
removed '/usr/lib/node_modules/node-red/node_modules/express/lib/request.js'
removed '/usr/lib/node_modules/node-red/node_modules/express/lib/express.js'
removed '/usr/lib/node_modules/node-red/node_modules/express/lib/utils.js'
removed '/usr/lib/node_modules/node-red/node_modules/express/lib/response.js'
removed '/usr/lib/node_modules/node-red/node_modules/express/lib/router/index.js'
removed '/usr/lib/node_modules/node-red/node_modules/express/lib/router/layer.js'
removed '/usr/lib/node_modules/node-red/node_modules/express/lib/router/route.js'
removed directory '/usr/lib/node_modules/node-red/node_modules/express/lib/router'
removed '/usr/lib/node_modules/node-red/node_modules/express/lib/view.js'
removed directory '/usr/lib/node_modules/node-red/node_modules/express/lib'
removed '/usr/lib/node_modules/node-red/node_modules/express/History.md'
removed '/usr/lib/node_modules/node-red/node_modules/express/Readme.md'
removed '/usr/lib/node_modules/node-red/node_modules/express/LICENSE'
removed directory '/usr/lib/node_modules/node-red/node_modules/express'
removed '/usr/lib/node_modules/node-red/node_modules/undici-types/mock-interceptor.d.ts'
removed '/usr/lib/node_modules/node-red/node_modules/undici-types/cookies.d.ts'
removed '/usr/lib/node_modules/node-red/node_modules/undici-types/pool.d.ts'
removed '/usr/lib/node_modules/node-red/node_modules/undici-types/diagnostics-channel.d.ts'
removed '/usr/lib/node_modules/node-red/node_modules/undici-types/connector.d.ts'
removed '/usr/lib/node_modules/node-red/node_modules/undici-types/cache.d.ts'
removed '/usr/lib/node_modules/node-red/node_modules/undici-types/content-type.d.ts'
removed '/usr/lib/node_modules/node-red/node_modules/undici-types/global-dispatcher.d.ts'
removed '/usr/lib/node_modules/node-red/node_modules/undici-types/package.json'
removed '/usr/lib/node_modules/node-red/node_modules/undici-types/retry-handler.d.ts'
removed '/usr/lib/node_modules/node-red/node_modules/undici-types/mock-pool.d.ts'
removed '/usr/lib/node_modules/node-red/node_modules/undici-types/mock-call-history.d.ts'
removed '/usr/lib/node_modules/node-red/node_modules/undici-types/client-stats.d.ts'
removed '/usr/lib/node_modules/node-red/node_modules/undici-types/handlers.d.ts'
removed '/usr/lib/node_modules/node-red/node_modules/undici-types/retry-agent.d.ts'
removed '/usr/lib/node_modules/node-red/node_modules/undici-types/eventsource.d.ts'
removed '/usr/lib/node_modules/node-red/node_modules/undici-types/readable.d.ts'
removed '/usr/lib/node_modules/node-red/node_modules/undici-types/proxy-agent.d.ts'
removed '/usr/lib/node_modules/node-red/node_modules/undici-types/api.d.ts'
removed '/usr/lib/node_modules/node-red/node_modules/undici-types/mock-agent.d.ts'
removed '/usr/lib/node_modules/node-red/node_modules/undici-types/patch.d.ts'
removed '/usr/lib/node_modules/node-red/node_modules/undici-types/interceptors.d.ts'
removed '/usr/lib/node_modules/node-red/node_modules/undici-types/mock-errors.d.ts'
removed '/usr/lib/node_modules/node-red/node_modules/undici-types/fetch.d.ts'
removed '/usr/lib/node_modules/node-red/node_modules/undici-types/websocket.d.ts'
removed '/usr/lib/node_modules/node-red/node_modules/undici-types/env-http-proxy-agent.d.ts'
removed '/usr/lib/node_modules/node-red/node_modules/undici-types/header.d.ts'
removed '/usr/lib/node_modules/node-red/node_modules/undici-types/errors.d.ts'
removed '/usr/lib/node_modules/node-red/node_modules/undici-types/README.md'
removed '/usr/lib/node_modules/node-red/node_modules/undici-types/cache-interceptor.d.ts'
removed '/usr/lib/node_modules/node-red/node_modules/undici-types/util.d.ts'
removed '/usr/lib/node_modules/node-red/node_modules/undici-types/utility.d.ts'
removed '/usr/lib/node_modules/node-red/node_modules/undici-types/balanced-pool.d.ts'
removed '/usr/lib/node_modules/node-red/node_modules/undici-types/dispatcher.d.ts'
removed '/usr/lib/node_modules/node-red/node_modules/undici-types/client.d.ts'
removed '/usr/lib/node_modules/node-red/node_modules/undici-types/h2c-client.d.ts'
removed '/usr/lib/node_modules/node-red/node_modules/undici-types/agent.d.ts'
removed '/usr/lib/node_modules/node-red/node_modules/undici-types/snapshot-agent.d.ts'
removed '/usr/lib/node_modules/node-red/node_modules/undici-types/webidl.d.ts'
removed '/usr/lib/node_modules/node-red/node_modules/undici-types/formdata.d.ts'
removed '/usr/lib/node_modules/node-red/node_modules/undici-types/pool-stats.d.ts'
removed '/usr/lib/node_modules/node-red/node_modules/undici-types/global-origin.d.ts'
removed '/usr/lib/node_modules/node-red/node_modules/undici-types/index.d.ts'
removed '/usr/lib/node_modules/node-red/node_modules/undici-types/mock-client.d.ts'
removed '/usr/lib/node_modules/node-red/node_modules/undici-types/LICENSE'
removed directory '/usr/lib/node_modules/node-red/node_modules/undici-types'
removed '/usr/lib/node_modules/node-red/node_modules/keyv/package.json'
removed '/usr/lib/node_modules/node-red/node_modules/keyv/README.md'
removed '/usr/lib/node_modules/node-red/node_modules/keyv/src/index.js'
removed '/usr/lib/node_modules/node-red/node_modules/keyv/src/index.d.ts'
removed directory '/usr/lib/node_modules/node-red/node_modules/keyv/src'
removed directory '/usr/lib/node_modules/node-red/node_modules/keyv'
removed '/usr/lib/node_modules/node-red/node_modules/mime-types/package.json'
removed '/usr/lib/node_modules/node-red/node_modules/mime-types/HISTORY.md'
removed '/usr/lib/node_modules/node-red/node_modules/mime-types/index.js'
removed '/usr/lib/node_modules/node-red/node_modules/mime-types/README.md'
removed '/usr/lib/node_modules/node-red/node_modules/mime-types/LICENSE'
removed directory '/usr/lib/node_modules/node-red/node_modules/mime-types'
removed '/usr/lib/node_modules/node-red/node_modules/minizlib/package.json'
removed '/usr/lib/node_modules/node-red/node_modules/minizlib/dist/commonjs/constants.d.ts'
removed '/usr/lib/node_modules/node-red/node_modules/minizlib/dist/commonjs/package.json'
removed '/usr/lib/node_modules/node-red/node_modules/minizlib/dist/commonjs/constants.js.map'
removed '/usr/lib/node_modules/node-red/node_modules/minizlib/dist/commonjs/index.js'
removed '/usr/lib/node_modules/node-red/node_modules/minizlib/dist/commonjs/constants.js'
removed '/usr/lib/node_modules/node-red/node_modules/minizlib/dist/commonjs/index.js.map'
removed '/usr/lib/node_modules/node-red/node_modules/minizlib/dist/commonjs/constants.d.ts.map'
removed '/usr/lib/node_modules/node-red/node_modules/minizlib/dist/commonjs/index.d.ts'
removed '/usr/lib/node_modules/node-red/node_modules/minizlib/dist/commonjs/index.d.ts.map'
removed directory '/usr/lib/node_modules/node-red/node_modules/minizlib/dist/commonjs'
removed '/usr/lib/node_modules/node-red/node_modules/minizlib/dist/esm/constants.d.ts'
removed '/usr/lib/node_modules/node-red/node_modules/minizlib/dist/esm/package.json'
removed '/usr/lib/node_modules/node-red/node_modules/minizlib/dist/esm/constants.js.map'
removed '/usr/lib/node_modules/node-red/node_modules/minizlib/dist/esm/index.js'
removed '/usr/lib/node_modules/node-red/node_modules/minizlib/dist/esm/constants.js'
removed '/usr/lib/node_modules/node-red/node_modules/minizlib/dist/esm/index.js.map'
removed '/usr/lib/node_modules/node-red/node_modules/minizlib/dist/esm/constants.d.ts.map'
removed '/usr/lib/node_modules/node-red/node_modules/minizlib/dist/esm/index.d.ts'
removed '/usr/lib/node_modules/node-red/node_modules/minizlib/dist/esm/index.d.ts.map'
removed directory '/usr/lib/node_modules/node-red/node_modules/minizlib/dist/esm'
removed directory '/usr/lib/node_modules/node-red/node_modules/minizlib/dist'
removed '/usr/lib/node_modules/node-red/node_modules/minizlib/README.md'
removed '/usr/lib/node_modules/node-red/node_modules/minizlib/LICENSE'
removed directory '/usr/lib/node_modules/node-red/node_modules/minizlib'
removed '/usr/lib/node_modules/node-red/node_modules/decompress-response/readme.md'
removed '/usr/lib/node_modules/node-red/node_modules/decompress-response/package.json'
removed '/usr/lib/node_modules/node-red/node_modules/decompress-response/license'
removed '/usr/lib/node_modules/node-red/node_modules/decompress-response/index.js'
removed '/usr/lib/node_modules/node-red/node_modules/decompress-response/node_modules/mimic-response/readme.md'
removed '/usr/lib/node_modules/node-red/node_modules/decompress-response/node_modules/mimic-response/package.json'
removed '/usr/lib/node_modules/node-red/node_modules/decompress-response/node_modules/mimic-response/license'
removed '/usr/lib/node_modules/node-red/node_modules/decompress-response/node_modules/mimic-response/index.js'
removed '/usr/lib/node_modules/node-red/node_modules/decompress-response/node_modules/mimic-response/index.d.ts'
removed directory '/usr/lib/node_modules/node-red/node_modules/decompress-response/node_modules/mimic-response'
removed directory '/usr/lib/node_modules/node-red/node_modules/decompress-response/node_modules'
removed '/usr/lib/node_modules/node-red/node_modules/decompress-response/index.d.ts'
removed directory '/usr/lib/node_modules/node-red/node_modules/decompress-response'
removed directory '/usr/lib/node_modules/node-red/node_modules/@tybys'
removed '/usr/lib/node_modules/node-red/node_modules/@types/readable-stream/package.json'
removed '/usr/lib/node_modules/node-red/node_modules/@types/readable-stream/README.md'
removed '/usr/lib/node_modules/node-red/node_modules/@types/readable-stream/index.d.ts'
removed '/usr/lib/node_modules/node-red/node_modules/@types/readable-stream/LICENSE'
removed directory '/usr/lib/node_modules/node-red/node_modules/@types/readable-stream'
removed '/usr/lib/node_modules/node-red/node_modules/@types/http-cache-semantics/package.json'
removed '/usr/lib/node_modules/node-red/node_modules/@types/http-cache-semantics/README.md'
removed '/usr/lib/node_modules/node-red/node_modules/@types/http-cache-semantics/index.d.ts'
removed '/usr/lib/node_modules/node-red/node_modules/@types/http-cache-semantics/LICENSE'
removed directory '/usr/lib/node_modules/node-red/node_modules/@types/http-cache-semantics'
removed '/usr/lib/node_modules/node-red/node_modules/@types/node/constants.d.ts'
removed '/usr/lib/node_modules/node-red/node_modules/@types/node/process.d.ts'
removed '/usr/lib/node_modules/node-red/node_modules/@types/node/stream/consumers.d.ts'
removed '/usr/lib/node_modules/node-red/node_modules/@types/node/stream/web.d.ts'
removed '/usr/lib/node_modules/node-red/node_modules/@types/node/stream/promises.d.ts'
removed directory '/usr/lib/node_modules/node-red/node_modules/@types/node/stream'
removed '/usr/lib/node_modules/node-red/node_modules/@types/node/stream.d.ts'
removed '/usr/lib/node_modules/node-red/node_modules/@types/node/http2.d.ts'
removed '/usr/lib/node_modules/node-red/node_modules/@types/node/buffer.d.ts'
removed '/usr/lib/node_modules/node-red/node_modules/@types/node/perf_hooks.d.ts'
removed '/usr/lib/node_modules/node-red/node_modules/@types/node/ts5.6/buffer.buffer.d.ts'
removed '/usr/lib/node_modules/node-red/node_modules/@types/node/ts5.6/compatibility/float16array.d.ts'
removed directory '/usr/lib/node_modules/node-red/node_modules/@types/node/ts5.6/compatibility'
removed '/usr/lib/node_modules/node-red/node_modules/@types/node/ts5.6/globals.typedarray.d.ts'
removed '/usr/lib/node_modules/node-red/node_modules/@types/node/ts5.6/index.d.ts'
removed directory '/usr/lib/node_modules/node-red/node_modules/@types/node/ts5.6'
removed '/usr/lib/node_modules/node-red/node_modules/@types/node/fs/promises.d.ts'
removed directory '/usr/lib/node_modules/node-red/node_modules/@types/node/fs'
removed '/usr/lib/node_modules/node-red/node_modules/@types/node/readline.d.ts'
removed '/usr/lib/node_modules/node-red/node_modules/@types/node/crypto.d.ts'
removed '/usr/lib/node_modules/node-red/node_modules/@types/node/package.json'
removed '/usr/lib/node_modules/node-red/node_modules/@types/node/buffer.buffer.d.ts'
removed '/usr/lib/node_modules/node-red/node_modules/@types/node/domain.d.ts'
removed '/usr/lib/node_modules/node-red/node_modules/@types/node/dgram.d.ts'
removed '/usr/lib/node_modules/node-red/node_modules/@types/node/sea.d.ts'
removed '/usr/lib/node_modules/node-red/node_modules/@types/node/inspector.d.ts'
removed '/usr/lib/node_modules/node-red/node_modules/@types/node/compatibility/iterators.d.ts'
removed directory '/usr/lib/node_modules/node-red/node_modules/@types/node/compatibility'
removed '/usr/lib/node_modules/node-red/node_modules/@types/node/module.d.ts'
removed '/usr/lib/node_modules/node-red/node_modules/@types/node/wasi.d.ts'
removed '/usr/lib/node_modules/node-red/node_modules/@types/node/web-globals/storage.d.ts'
removed '/usr/lib/node_modules/node-red/node_modules/@types/node/web-globals/crypto.d.ts'
removed '/usr/lib/node_modules/node-red/node_modules/@types/node/web-globals/abortcontroller.d.ts'
removed '/usr/lib/node_modules/node-red/node_modules/@types/node/web-globals/events.d.ts'
removed '/usr/lib/node_modules/node-red/node_modules/@types/node/web-globals/fetch.d.ts'
removed '/usr/lib/node_modules/node-red/node_modules/@types/node/web-globals/domexception.d.ts'
removed '/usr/lib/node_modules/node-red/node_modules/@types/node/web-globals/streams.d.ts'
removed '/usr/lib/node_modules/node-red/node_modules/@types/node/web-globals/navigator.d.ts'
removed directory '/usr/lib/node_modules/node-red/node_modules/@types/node/web-globals'
removed '/usr/lib/node_modules/node-red/node_modules/@types/node/http.d.ts'
removed '/usr/lib/node_modules/node-red/node_modules/@types/node/vm.d.ts'
removed '/usr/lib/node_modules/node-red/node_modules/@types/node/timers.d.ts'
removed '/usr/lib/node_modules/node-red/node_modules/@types/node/events.d.ts'
removed '/usr/lib/node_modules/node-red/node_modules/@types/node/globals.typedarray.d.ts'
removed '/usr/lib/node_modules/node-red/node_modules/@types/node/punycode.d.ts'
removed '/usr/lib/node_modules/node-red/node_modules/@types/node/globals.d.ts'
removed '/usr/lib/node_modules/node-red/node_modules/@types/node/sqlite.d.ts'
removed '/usr/lib/node_modules/node-red/node_modules/@types/node/url.d.ts'
removed '/usr/lib/node_modules/node-red/node_modules/@types/node/v8.d.ts'
removed '/usr/lib/node_modules/node-red/node_modules/@types/node/cluster.d.ts'
removed '/usr/lib/node_modules/node-red/node_modules/@types/node/assert/strict.d.ts'
removed directory '/usr/lib/node_modules/node-red/node_modules/@types/node/assert'
removed '/usr/lib/node_modules/node-red/node_modules/@types/node/tty.d.ts'
removed '/usr/lib/node_modules/node-red/node_modules/@types/node/async_hooks.d.ts'
removed '/usr/lib/node_modules/node-red/node_modules/@types/node/dns.d.ts'
removed '/usr/lib/node_modules/node-red/node_modules/@types/node/querystring.d.ts'
removed '/usr/lib/node_modules/node-red/node_modules/@types/node/README.md'
removed '/usr/lib/node_modules/node-red/node_modules/@types/node/diagnostics_channel.d.ts'
removed '/usr/lib/node_modules/node-red/node_modules/@types/node/tls.d.ts'
removed '/usr/lib/node_modules/node-red/node_modules/@types/node/trace_events.d.ts'
removed '/usr/lib/node_modules/node-red/node_modules/@types/node/dns/promises.d.ts'
removed directory '/usr/lib/node_modules/node-red/node_modules/@types/node/dns'
removed '/usr/lib/node_modules/node-red/node_modules/@types/node/net.d.ts'
removed '/usr/lib/node_modules/node-red/node_modules/@types/node/path.d.ts'
removed '/usr/lib/node_modules/node-red/node_modules/@types/node/util.d.ts'
removed '/usr/lib/node_modules/node-red/node_modules/@types/node/repl.d.ts'
removed '/usr/lib/node_modules/node-red/node_modules/@types/node/child_process.d.ts'
removed '/usr/lib/node_modules/node-red/node_modules/@types/node/inspector.generated.d.ts'
removed '/usr/lib/node_modules/node-red/node_modules/@types/node/test.d.ts'
removed '/usr/lib/node_modules/node-red/node_modules/@types/node/console.d.ts'
removed '/usr/lib/node_modules/node-red/node_modules/@types/node/assert.d.ts'
removed '/usr/lib/node_modules/node-red/node_modules/@types/node/timers/promises.d.ts'
removed directory '/usr/lib/node_modules/node-red/node_modules/@types/node/timers'
removed '/usr/lib/node_modules/node-red/node_modules/@types/node/fs.d.ts'
removed '/usr/lib/node_modules/node-red/node_modules/@types/node/os.d.ts'
removed '/usr/lib/node_modules/node-red/node_modules/@types/node/worker_threads.d.ts'
removed '/usr/lib/node_modules/node-red/node_modules/@types/node/index.d.ts'
removed '/usr/lib/node_modules/node-red/node_modules/@types/node/zlib.d.ts'
removed '/usr/lib/node_modules/node-red/node_modules/@types/node/ts5.7/compatibility/float16array.d.ts'
removed directory '/usr/lib/node_modules/node-red/node_modules/@types/node/ts5.7/compatibility'
removed '/usr/lib/node_modules/node-red/node_modules/@types/node/ts5.7/index.d.ts'
removed directory '/usr/lib/node_modules/node-red/node_modules/@types/node/ts5.7'
removed '/usr/lib/node_modules/node-red/node_modules/@types/node/https.d.ts'
removed '/usr/lib/node_modules/node-red/node_modules/@types/node/readline/promises.d.ts'
removed directory '/usr/lib/node_modules/node-red/node_modules/@types/node/readline'
removed '/usr/lib/node_modules/node-red/node_modules/@types/node/LICENSE'
removed '/usr/lib/node_modules/node-red/node_modules/@types/node/string_decoder.d.ts'
removed directory '/usr/lib/node_modules/node-red/node_modules/@types/node'
removed '/usr/lib/node_modules/node-red/node_modules/@types/ws/package.json'
removed '/usr/lib/node_modules/node-red/node_modules/@types/ws/index.d.mts'
removed '/usr/lib/node_modules/node-red/node_modules/@types/ws/README.md'
removed '/usr/lib/node_modules/node-red/node_modules/@types/ws/index.d.ts'
removed '/usr/lib/node_modules/node-red/node_modules/@types/ws/LICENSE'
removed directory '/usr/lib/node_modules/node-red/node_modules/@types/ws'
removed directory '/usr/lib/node_modules/node-red/node_modules/@types'
removed '/usr/lib/node_modules/node-red/node_modules/nopt/package.json'
removed '/usr/lib/node_modules/node-red/node_modules/nopt/README.md'
removed '/usr/lib/node_modules/node-red/node_modules/nopt/bin/nopt.js'
removed directory '/usr/lib/node_modules/node-red/node_modules/nopt/bin'
removed '/usr/lib/node_modules/node-red/node_modules/nopt/lib/nopt.js'
removed directory '/usr/lib/node_modules/node-red/node_modules/nopt/lib'
removed '/usr/lib/node_modules/node-red/node_modules/nopt/CHANGELOG.md'
removed '/usr/lib/node_modules/node-red/node_modules/nopt/LICENSE'
removed directory '/usr/lib/node_modules/node-red/node_modules/nopt'
removed '/usr/lib/node_modules/node-red/node_modules/path-to-regexp/package.json'
removed '/usr/lib/node_modules/node-red/node_modules/path-to-regexp/index.js'
removed '/usr/lib/node_modules/node-red/node_modules/path-to-regexp/Readme.md'
removed '/usr/lib/node_modules/node-red/node_modules/path-to-regexp/LICENSE'
removed directory '/usr/lib/node_modules/node-red/node_modules/path-to-regexp'
removed '/usr/lib/node_modules/node-red/node_modules/fast-deep-equal/es6/index.js'
removed '/usr/lib/node_modules/node-red/node_modules/fast-deep-equal/es6/react.d.ts'
removed '/usr/lib/node_modules/node-red/node_modules/fast-deep-equal/es6/react.js'
removed '/usr/lib/node_modules/node-red/node_modules/fast-deep-equal/es6/index.d.ts'
removed directory '/usr/lib/node_modules/node-red/node_modules/fast-deep-equal/es6'
removed '/usr/lib/node_modules/node-red/node_modules/fast-deep-equal/package.json'
removed '/usr/lib/node_modules/node-red/node_modules/fast-deep-equal/index.js'
removed '/usr/lib/node_modules/node-red/node_modules/fast-deep-equal/react.d.ts'
removed '/usr/lib/node_modules/node-red/node_modules/fast-deep-equal/README.md'
removed '/usr/lib/node_modules/node-red/node_modules/fast-deep-equal/react.js'
removed '/usr/lib/node_modules/node-red/node_modules/fast-deep-equal/index.d.ts'
removed '/usr/lib/node_modules/node-red/node_modules/fast-deep-equal/LICENSE'
removed directory '/usr/lib/node_modules/node-red/node_modules/fast-deep-equal'
removed '/usr/lib/node_modules/node-red/node_modules/asynckit/serialOrdered.js'
removed '/usr/lib/node_modules/node-red/node_modules/asynckit/serial.js'
removed '/usr/lib/node_modules/node-red/node_modules/asynckit/package.json'
removed '/usr/lib/node_modules/node-red/node_modules/asynckit/index.js'
removed '/usr/lib/node_modules/node-red/node_modules/asynckit/stream.js'
removed '/usr/lib/node_modules/node-red/node_modules/asynckit/bench.js'
removed '/usr/lib/node_modules/node-red/node_modules/asynckit/README.md'
removed '/usr/lib/node_modules/node-red/node_modules/asynckit/lib/state.js'
removed '/usr/lib/node_modules/node-red/node_modules/asynckit/lib/iterate.js'
removed '/usr/lib/node_modules/node-red/node_modules/asynckit/lib/readable_serial_ordered.js'
removed '/usr/lib/node_modules/node-red/node_modules/asynckit/lib/terminator.js'
removed '/usr/lib/node_modules/node-red/node_modules/asynckit/lib/readable_parallel.js'
removed '/usr/lib/node_modules/node-red/node_modules/asynckit/lib/abort.js'
removed '/usr/lib/node_modules/node-red/node_modules/asynckit/lib/defer.js'
removed '/usr/lib/node_modules/node-red/node_modules/asynckit/lib/streamify.js'
removed '/usr/lib/node_modules/node-red/node_modules/asynckit/lib/async.js'
removed '/usr/lib/node_modules/node-red/node_modules/asynckit/lib/readable_serial.js'
removed '/usr/lib/node_modules/node-red/node_modules/asynckit/lib/readable_asynckit.js'
removed directory '/usr/lib/node_modules/node-red/node_modules/asynckit/lib'
removed '/usr/lib/node_modules/node-red/node_modules/asynckit/parallel.js'
removed '/usr/lib/node_modules/node-red/node_modules/asynckit/LICENSE'
removed directory '/usr/lib/node_modules/node-red/node_modules/asynckit'
removed '/usr/lib/node_modules/node-red/node_modules/pause/package.json'
removed '/usr/lib/node_modules/node-red/node_modules/pause/index.js'
removed '/usr/lib/node_modules/node-red/node_modules/pause/.npmignore'
removed '/usr/lib/node_modules/node-red/node_modules/pause/Makefile'
removed '/usr/lib/node_modules/node-red/node_modules/pause/History.md'
removed '/usr/lib/node_modules/node-red/node_modules/pause/Readme.md'
removed directory '/usr/lib/node_modules/node-red/node_modules/pause'
removed '/usr/lib/node_modules/node-red/node_modules/chalk/readme.md'
removed '/usr/lib/node_modules/node-red/node_modules/chalk/package.json'
removed '/usr/lib/node_modules/node-red/node_modules/chalk/license'
removed '/usr/lib/node_modules/node-red/node_modules/chalk/source/index.js'
removed '/usr/lib/node_modules/node-red/node_modules/chalk/source/templates.js'
removed '/usr/lib/node_modules/node-red/node_modules/chalk/source/util.js'
removed directory '/usr/lib/node_modules/node-red/node_modules/chalk/source'
removed '/usr/lib/node_modules/node-red/node_modules/chalk/index.d.ts'
removed directory '/usr/lib/node_modules/node-red/node_modules/chalk'
removed '/usr/lib/node_modules/node-red/node_modules/ajv/package.json'
removed '/usr/lib/node_modules/node-red/node_modules/ajv/dist/2020.js'
removed '/usr/lib/node_modules/node-red/node_modules/ajv/dist/compile/errors.js.map'
removed '/usr/lib/node_modules/node-red/node_modules/ajv/dist/compile/resolve.js'
removed '/usr/lib/node_modules/node-red/node_modules/ajv/dist/compile/codegen/code.js.map'
removed '/usr/lib/node_modules/node-red/node_modules/ajv/dist/compile/codegen/index.js'
removed '/usr/lib/node_modules/node-red/node_modules/ajv/dist/compile/codegen/scope.d.ts'
removed '/usr/lib/node_modules/node-red/node_modules/ajv/dist/compile/codegen/scope.js'
removed '/usr/lib/node_modules/node-red/node_modules/ajv/dist/compile/codegen/index.js.map'
removed '/usr/lib/node_modules/node-red/node_modules/ajv/dist/compile/codegen/code.d.ts'
removed '/usr/lib/node_modules/node-red/node_modules/ajv/dist/compile/codegen/code.js'
removed '/usr/lib/node_modules/node-red/node_modules/ajv/dist/compile/codegen/scope.js.map'
removed '/usr/lib/node_modules/node-red/node_modules/ajv/dist/compile/codegen/index.d.ts'
removed directory '/usr/lib/node_modules/node-red/node_modules/ajv/dist/compile/codegen'
removed '/usr/lib/node_modules/node-red/node_modules/ajv/dist/compile/ref_error.js.map'
removed '/usr/lib/node_modules/node-red/node_modules/ajv/dist/compile/index.js'
removed '/usr/lib/node_modules/node-red/node_modules/ajv/dist/compile/ref_error.d.ts'
removed '/usr/lib/node_modules/node-red/node_modules/ajv/dist/compile/validate/subschema.d.ts'
removed '/usr/lib/node_modules/node-red/node_modules/ajv/dist/compile/validate/keyword.d.ts'
removed '/usr/lib/node_modules/node-red/node_modules/ajv/dist/compile/validate/subschema.js'
removed '/usr/lib/node_modules/node-red/node_modules/ajv/dist/compile/validate/defaults.d.ts'
removed '/usr/lib/node_modules/node-red/node_modules/ajv/dist/compile/validate/applicability.js.map'
removed '/usr/lib/node_modules/node-red/node_modules/ajv/dist/compile/validate/boolSchema.d.ts'
removed '/usr/lib/node_modules/node-red/node_modules/ajv/dist/compile/validate/subschema.js.map'
removed '/usr/lib/node_modules/node-red/node_modules/ajv/dist/compile/validate/index.js'
removed '/usr/lib/node_modules/node-red/node_modules/ajv/dist/compile/validate/dataType.js'
removed '/usr/lib/node_modules/node-red/node_modules/ajv/dist/compile/validate/dataType.d.ts'
removed '/usr/lib/node_modules/node-red/node_modules/ajv/dist/compile/validate/dataType.js.map'
removed '/usr/lib/node_modules/node-red/node_modules/ajv/dist/compile/validate/index.js.map'
removed '/usr/lib/node_modules/node-red/node_modules/ajv/dist/compile/validate/applicability.d.ts'
removed '/usr/lib/node_modules/node-red/node_modules/ajv/dist/compile/validate/keyword.js'
removed '/usr/lib/node_modules/node-red/node_modules/ajv/dist/compile/validate/defaults.js'
removed '/usr/lib/node_modules/node-red/node_modules/ajv/dist/compile/validate/applicability.js'
removed '/usr/lib/node_modules/node-red/node_modules/ajv/dist/compile/validate/keyword.js.map'
removed '/usr/lib/node_modules/node-red/node_modules/ajv/dist/compile/validate/defaults.js.map'
removed '/usr/lib/node_modules/node-red/node_modules/ajv/dist/compile/validate/boolSchema.js.map'
removed '/usr/lib/node_modules/node-red/node_modules/ajv/dist/compile/validate/index.d.ts'
removed '/usr/lib/node_modules/node-red/node_modules/ajv/dist/compile/validate/boolSchema.js'
removed directory '/usr/lib/node_modules/node-red/node_modules/ajv/dist/compile/validate'
removed '/usr/lib/node_modules/node-red/node_modules/ajv/dist/compile/index.js.map'
removed '/usr/lib/node_modules/node-red/node_modules/ajv/dist/compile/rules.d.ts'
removed '/usr/lib/node_modules/node-red/node_modules/ajv/dist/compile/errors.d.ts'
removed '/usr/lib/node_modules/node-red/node_modules/ajv/dist/compile/util.js.map'
removed '/usr/lib/node_modules/node-red/node_modules/ajv/dist/compile/ref_error.js'
removed '/usr/lib/node_modules/node-red/node_modules/ajv/dist/compile/resolve.d.ts'
removed '/usr/lib/node_modules/node-red/node_modules/ajv/dist/compile/util.d.ts'
removed '/usr/lib/node_modules/node-red/node_modules/ajv/dist/compile/resolve.js.map'
removed '/usr/lib/node_modules/node-red/node_modules/ajv/dist/compile/rules.js.map'
removed '/usr/lib/node_modules/node-red/node_modules/ajv/dist/compile/names.js'
removed '/usr/lib/node_modules/node-red/node_modules/ajv/dist/compile/jtd/parse.js.map'
removed '/usr/lib/node_modules/node-red/node_modules/ajv/dist/compile/jtd/parse.d.ts'
removed '/usr/lib/node_modules/node-red/node_modules/ajv/dist/compile/jtd/types.js.map'
removed '/usr/lib/node_modules/node-red/node_modules/ajv/dist/compile/jtd/serialize.js'
removed '/usr/lib/node_modules/node-red/node_modules/ajv/dist/compile/jtd/types.d.ts'
removed '/usr/lib/node_modules/node-red/node_modules/ajv/dist/compile/jtd/parse.js'
removed '/usr/lib/node_modules/node-red/node_modules/ajv/dist/compile/jtd/types.js'
removed '/usr/lib/node_modules/node-red/node_modules/ajv/dist/compile/jtd/serialize.d.ts'
removed '/usr/lib/node_modules/node-red/node_modules/ajv/dist/compile/jtd/serialize.js.map'
removed directory '/usr/lib/node_modules/node-red/node_modules/ajv/dist/compile/jtd'
removed '/usr/lib/node_modules/node-red/node_modules/ajv/dist/compile/errors.js'
removed '/usr/lib/node_modules/node-red/node_modules/ajv/dist/compile/names.d.ts'
removed '/usr/lib/node_modules/node-red/node_modules/ajv/dist/compile/rules.js'
removed '/usr/lib/node_modules/node-red/node_modules/ajv/dist/compile/index.d.ts'
removed '/usr/lib/node_modules/node-red/node_modules/ajv/dist/compile/names.js.map'
removed '/usr/lib/node_modules/node-red/node_modules/ajv/dist/compile/util.js'
removed directory '/usr/lib/node_modules/node-red/node_modules/ajv/dist/compile'
removed '/usr/lib/node_modules/node-red/node_modules/ajv/dist/jtd.d.ts'
removed '/usr/lib/node_modules/node-red/node_modules/ajv/dist/2019.d.ts'
removed '/usr/lib/node_modules/node-red/node_modules/ajv/dist/vocabularies/applicator/additionalItems.d.ts'
removed '/usr/lib/node_modules/node-red/node_modules/ajv/dist/vocabularies/applicator/properties.js'
removed '/usr/lib/node_modules/node-red/node_modules/ajv/dist/vocabularies/applicator/oneOf.js.map'
removed '/usr/lib/node_modules/node-red/node_modules/ajv/dist/vocabularies/applicator/prefixItems.js'
removed '/usr/lib/node_modules/node-red/node_modules/ajv/dist/vocabularies/applicator/if.js'
removed '/usr/lib/node_modules/node-red/node_modules/ajv/dist/vocabularies/applicator/additionalProperties.js'
removed '/usr/lib/node_modules/node-red/node_modules/ajv/dist/vocabularies/applicator/oneOf.js'
removed '/usr/lib/node_modules/node-red/node_modules/ajv/dist/vocabularies/applicator/not.d.ts'
removed '/usr/lib/node_modules/node-red/node_modules/ajv/dist/vocabularies/applicator/items.js'
removed '/usr/lib/node_modules/node-red/node_modules/ajv/dist/vocabularies/applicator/anyOf.d.ts'
removed '/usr/lib/node_modules/node-red/node_modules/ajv/dist/vocabularies/applicator/properties.d.ts'
removed '/usr/lib/node_modules/node-red/node_modules/ajv/dist/vocabularies/applicator/dependencies.js'
removed '/usr/lib/node_modules/node-red/node_modules/ajv/dist/vocabularies/applicator/items2020.js.map'
removed '/usr/lib/node_modules/node-red/node_modules/ajv/dist/vocabularies/applicator/index.js'
removed '/usr/lib/node_modules/node-red/node_modules/ajv/dist/vocabularies/applicator/propertyNames.js.map'
removed '/usr/lib/node_modules/node-red/node_modules/ajv/dist/vocabularies/applicator/dependentSchemas.js'
removed '/usr/lib/node_modules/node-red/node_modules/ajv/dist/vocabularies/applicator/allOf.d.ts'
removed '/usr/lib/node_modules/node-red/node_modules/ajv/dist/vocabularies/applicator/dependencies.d.ts'
removed '/usr/lib/node_modules/node-red/node_modules/ajv/dist/vocabularies/applicator/additionalProperties.d.ts'
removed '/usr/lib/node_modules/node-red/node_modules/ajv/dist/vocabularies/applicator/prefixItems.js.map'
removed '/usr/lib/node_modules/node-red/node_modules/ajv/dist/vocabularies/applicator/patternProperties.d.ts'
removed '/usr/lib/node_modules/node-red/node_modules/ajv/dist/vocabularies/applicator/not.js'
removed '/usr/lib/node_modules/node-red/node_modules/ajv/dist/vocabularies/applicator/items.js.map'
removed '/usr/lib/node_modules/node-red/node_modules/ajv/dist/vocabularies/applicator/index.js.map'
removed '/usr/lib/node_modules/node-red/node_modules/ajv/dist/vocabularies/applicator/dependencies.js.map'
removed '/usr/lib/node_modules/node-red/node_modules/ajv/dist/vocabularies/applicator/additionalItems.js'
removed '/usr/lib/node_modules/node-red/node_modules/ajv/dist/vocabularies/applicator/allOf.js'
removed '/usr/lib/node_modules/node-red/node_modules/ajv/dist/vocabularies/applicator/anyOf.js.map'
removed '/usr/lib/node_modules/node-red/node_modules/ajv/dist/vocabularies/applicator/not.js.map'
removed '/usr/lib/node_modules/node-red/node_modules/ajv/dist/vocabularies/applicator/items2020.js'
removed '/usr/lib/node_modules/node-red/node_modules/ajv/dist/vocabularies/applicator/contains.js.map'
removed '/usr/lib/node_modules/node-red/node_modules/ajv/dist/vocabularies/applicator/if.js.map'
removed '/usr/lib/node_modules/node-red/node_modules/ajv/dist/vocabularies/applicator/dependentSchemas.js.map'
removed '/usr/lib/node_modules/node-red/node_modules/ajv/dist/vocabularies/applicator/thenElse.js'
removed '/usr/lib/node_modules/node-red/node_modules/ajv/dist/vocabularies/applicator/items.d.ts'
removed '/usr/lib/node_modules/node-red/node_modules/ajv/dist/vocabularies/applicator/items2020.d.ts'
removed '/usr/lib/node_modules/node-red/node_modules/ajv/dist/vocabularies/applicator/propertyNames.js'
removed '/usr/lib/node_modules/node-red/node_modules/ajv/dist/vocabularies/applicator/dependentSchemas.d.ts'
removed '/usr/lib/node_modules/node-red/node_modules/ajv/dist/vocabularies/applicator/contains.js'
removed '/usr/lib/node_modules/node-red/node_modules/ajv/dist/vocabularies/applicator/properties.js.map'
removed '/usr/lib/node_modules/node-red/node_modules/ajv/dist/vocabularies/applicator/additionalItems.js.map'
removed '/usr/lib/node_modules/node-red/node_modules/ajv/dist/vocabularies/applicator/thenElse.js.map'
removed '/usr/lib/node_modules/node-red/node_modules/ajv/dist/vocabularies/applicator/thenElse.d.ts'
removed '/usr/lib/node_modules/node-red/node_modules/ajv/dist/vocabularies/applicator/patternProperties.js'
removed '/usr/lib/node_modules/node-red/node_modules/ajv/dist/vocabularies/applicator/prefixItems.d.ts'
removed '/usr/lib/node_modules/node-red/node_modules/ajv/dist/vocabularies/applicator/if.d.ts'
removed '/usr/lib/node_modules/node-red/node_modules/ajv/dist/vocabularies/applicator/oneOf.d.ts'
removed '/usr/lib/node_modules/node-red/node_modules/ajv/dist/vocabularies/applicator/allOf.js.map'
removed '/usr/lib/node_modules/node-red/node_modules/ajv/dist/vocabularies/applicator/patternProperties.js.map'
removed '/usr/lib/node_modules/node-red/node_modules/ajv/dist/vocabularies/applicator/anyOf.js'
removed '/usr/lib/node_modules/node-red/node_modules/ajv/dist/vocabularies/applicator/contains.d.ts'
removed '/usr/lib/node_modules/node-red/node_modules/ajv/dist/vocabularies/applicator/additionalProperties.js.map'
removed '/usr/lib/node_modules/node-red/node_modules/ajv/dist/vocabularies/applicator/propertyNames.d.ts'
removed '/usr/lib/node_modules/node-red/node_modules/ajv/dist/vocabularies/applicator/index.d.ts'
removed directory '/usr/lib/node_modules/node-red/node_modules/ajv/dist/vocabularies/applicator'
removed '/usr/lib/node_modules/node-red/node_modules/ajv/dist/vocabularies/draft7.js.map'
removed '/usr/lib/node_modules/node-red/node_modules/ajv/dist/vocabularies/metadata.d.ts'
removed '/usr/lib/node_modules/node-red/node_modules/ajv/dist/vocabularies/code.js.map'
removed '/usr/lib/node_modules/node-red/node_modules/ajv/dist/vocabularies/errors.js.map'
removed '/usr/lib/node_modules/node-red/node_modules/ajv/dist/vocabularies/next.d.ts'
removed '/usr/lib/node_modules/node-red/node_modules/ajv/dist/vocabularies/validation/dependentRequired.js'
removed '/usr/lib/node_modules/node-red/node_modules/ajv/dist/vocabularies/validation/enum.js.map'
removed '/usr/lib/node_modules/node-red/node_modules/ajv/dist/vocabularies/validation/multipleOf.js'
removed '/usr/lib/node_modules/node-red/node_modules/ajv/dist/vocabularies/validation/required.d.ts'
removed '/usr/lib/node_modules/node-red/node_modules/ajv/dist/vocabularies/validation/multipleOf.d.ts'
removed '/usr/lib/node_modules/node-red/node_modules/ajv/dist/vocabularies/validation/uniqueItems.js.map'
removed '/usr/lib/node_modules/node-red/node_modules/ajv/dist/vocabularies/validation/limitContains.js.map'
removed '/usr/lib/node_modules/node-red/node_modules/ajv/dist/vocabularies/validation/limitNumber.js.map'
removed '/usr/lib/node_modules/node-red/node_modules/ajv/dist/vocabularies/validation/limitProperties.d.ts'
removed '/usr/lib/node_modules/node-red/node_modules/ajv/dist/vocabularies/validation/uniqueItems.d.ts'
removed '/usr/lib/node_modules/node-red/node_modules/ajv/dist/vocabularies/validation/enum.js'
removed '/usr/lib/node_modules/node-red/node_modules/ajv/dist/vocabularies/validation/required.js.map'
removed '/usr/lib/node_modules/node-red/node_modules/ajv/dist/vocabularies/validation/index.js'
removed '/usr/lib/node_modules/node-red/node_modules/ajv/dist/vocabularies/validation/limitItems.js.map'
removed '/usr/lib/node_modules/node-red/node_modules/ajv/dist/vocabularies/validation/const.js.map'
removed '/usr/lib/node_modules/node-red/node_modules/ajv/dist/vocabularies/validation/uniqueItems.js'
removed '/usr/lib/node_modules/node-red/node_modules/ajv/dist/vocabularies/validation/pattern.js.map'
removed '/usr/lib/node_modules/node-red/node_modules/ajv/dist/vocabularies/validation/limitProperties.js'
removed '/usr/lib/node_modules/node-red/node_modules/ajv/dist/vocabularies/validation/dependentRequired.d.ts'
removed '/usr/lib/node_modules/node-red/node_modules/ajv/dist/vocabularies/validation/pattern.d.ts'
removed '/usr/lib/node_modules/node-red/node_modules/ajv/dist/vocabularies/validation/limitProperties.js.map'
removed '/usr/lib/node_modules/node-red/node_modules/ajv/dist/vocabularies/validation/const.js'
removed '/usr/lib/node_modules/node-red/node_modules/ajv/dist/vocabularies/validation/index.js.map'
removed '/usr/lib/node_modules/node-red/node_modules/ajv/dist/vocabularies/validation/limitItems.d.ts'
removed '/usr/lib/node_modules/node-red/node_modules/ajv/dist/vocabularies/validation/limitContains.js'
removed '/usr/lib/node_modules/node-red/node_modules/ajv/dist/vocabularies/validation/enum.d.ts'
removed '/usr/lib/node_modules/node-red/node_modules/ajv/dist/vocabularies/validation/limitItems.js'
removed '/usr/lib/node_modules/node-red/node_modules/ajv/dist/vocabularies/validation/pattern.js'
removed '/usr/lib/node_modules/node-red/node_modules/ajv/dist/vocabularies/validation/limitNumber.d.ts'
removed '/usr/lib/node_modules/node-red/node_modules/ajv/dist/vocabularies/validation/dependentRequired.js.map'
removed '/usr/lib/node_modules/node-red/node_modules/ajv/dist/vocabularies/validation/limitLength.js.map'
removed '/usr/lib/node_modules/node-red/node_modules/ajv/dist/vocabularies/validation/limitLength.d.ts'
removed '/usr/lib/node_modules/node-red/node_modules/ajv/dist/vocabularies/validation/limitLength.js'
removed '/usr/lib/node_modules/node-red/node_modules/ajv/dist/vocabularies/validation/const.d.ts'
removed '/usr/lib/node_modules/node-red/node_modules/ajv/dist/vocabularies/validation/limitNumber.js'
removed '/usr/lib/node_modules/node-red/node_modules/ajv/dist/vocabularies/validation/multipleOf.js.map'
removed '/usr/lib/node_modules/node-red/node_modules/ajv/dist/vocabularies/validation/limitContains.d.ts'
removed '/usr/lib/node_modules/node-red/node_modules/ajv/dist/vocabularies/validation/required.js'
removed '/usr/lib/node_modules/node-red/node_modules/ajv/dist/vocabularies/validation/index.d.ts'
removed directory '/usr/lib/node_modules/node-red/node_modules/ajv/dist/vocabularies/validation'
removed '/usr/lib/node_modules/node-red/node_modules/ajv/dist/vocabularies/format/format.js.map'
removed '/usr/lib/node_modules/node-red/node_modules/ajv/dist/vocabularies/format/index.js'
removed '/usr/lib/node_modules/node-red/node_modules/ajv/dist/vocabularies/format/index.js.map'
removed '/usr/lib/node_modules/node-red/node_modules/ajv/dist/vocabularies/format/format.d.ts'
removed '/usr/lib/node_modules/node-red/node_modules/ajv/dist/vocabularies/format/format.js'
removed '/usr/lib/node_modules/node-red/node_modules/ajv/dist/vocabularies/format/index.d.ts'
removed directory '/usr/lib/node_modules/node-red/node_modules/ajv/dist/vocabularies/format'
removed '/usr/lib/node_modules/node-red/node_modules/ajv/dist/vocabularies/draft2020.d.ts'
removed '/usr/lib/node_modules/node-red/node_modules/ajv/dist/vocabularies/draft2020.js'
removed '/usr/lib/node_modules/node-red/node_modules/ajv/dist/vocabularies/errors.d.ts'
removed '/usr/lib/node_modules/node-red/node_modules/ajv/dist/vocabularies/metadata.js.map'
removed '/usr/lib/node_modules/node-red/node_modules/ajv/dist/vocabularies/code.d.ts'
removed '/usr/lib/node_modules/node-red/node_modules/ajv/dist/vocabularies/draft2020.js.map'
removed '/usr/lib/node_modules/node-red/node_modules/ajv/dist/vocabularies/draft7.js'
removed '/usr/lib/node_modules/node-red/node_modules/ajv/dist/vocabularies/draft7.d.ts'
removed '/usr/lib/node_modules/node-red/node_modules/ajv/dist/vocabularies/discriminator/types.js.map'
removed '/usr/lib/node_modules/node-red/node_modules/ajv/dist/vocabularies/discriminator/index.js'
removed '/usr/lib/node_modules/node-red/node_modules/ajv/dist/vocabularies/discriminator/types.d.ts'
removed '/usr/lib/node_modules/node-red/node_modules/ajv/dist/vocabularies/discriminator/index.js.map'
removed '/usr/lib/node_modules/node-red/node_modules/ajv/dist/vocabularies/discriminator/types.js'
removed '/usr/lib/node_modules/node-red/node_modules/ajv/dist/vocabularies/discriminator/index.d.ts'
removed directory '/usr/lib/node_modules/node-red/node_modules/ajv/dist/vocabularies/discriminator'
removed '/usr/lib/node_modules/node-red/node_modules/ajv/dist/vocabularies/unevaluated/unevaluatedItems.js'
removed '/usr/lib/node_modules/node-red/node_modules/ajv/dist/vocabularies/unevaluated/unevaluatedProperties.js'
removed '/usr/lib/node_modules/node-red/node_modules/ajv/dist/vocabularies/unevaluated/index.js'
removed '/usr/lib/node_modules/node-red/node_modules/ajv/dist/vocabularies/unevaluated/unevaluatedItems.d.ts'
removed '/usr/lib/node_modules/node-red/node_modules/ajv/dist/vocabularies/unevaluated/unevaluatedProperties.js.map'
removed '/usr/lib/node_modules/node-red/node_modules/ajv/dist/vocabularies/unevaluated/index.js.map'
removed '/usr/lib/node_modules/node-red/node_modules/ajv/dist/vocabularies/unevaluated/unevaluatedProperties.d.ts'
removed '/usr/lib/node_modules/node-red/node_modules/ajv/dist/vocabularies/unevaluated/unevaluatedItems.js.map'
removed '/usr/lib/node_modules/node-red/node_modules/ajv/dist/vocabularies/unevaluated/index.d.ts'
removed directory '/usr/lib/node_modules/node-red/node_modules/ajv/dist/vocabularies/unevaluated'
removed '/usr/lib/node_modules/node-red/node_modules/ajv/dist/vocabularies/core/id.js.map'
removed '/usr/lib/node_modules/node-red/node_modules/ajv/dist/vocabularies/core/id.d.ts'
removed '/usr/lib/node_modules/node-red/node_modules/ajv/dist/vocabularies/core/index.js'
removed '/usr/lib/node_modules/node-red/node_modules/ajv/dist/vocabularies/core/ref.js'
removed '/usr/lib/node_modules/node-red/node_modules/ajv/dist/vocabularies/core/ref.js.map'
removed '/usr/lib/node_modules/node-red/node_modules/ajv/dist/vocabularies/core/index.js.map'
removed '/usr/lib/node_modules/node-red/node_modules/ajv/dist/vocabularies/core/ref.d.ts'
removed '/usr/lib/node_modules/node-red/node_modules/ajv/dist/vocabularies/core/id.js'
removed '/usr/lib/node_modules/node-red/node_modules/ajv/dist/vocabularies/core/index.d.ts'
removed directory '/usr/lib/node_modules/node-red/node_modules/ajv/dist/vocabularies/core'
removed '/usr/lib/node_modules/node-red/node_modules/ajv/dist/vocabularies/dynamic/dynamicAnchor.js'
removed '/usr/lib/node_modules/node-red/node_modules/ajv/dist/vocabularies/dynamic/dynamicRef.js.map'
removed '/usr/lib/node_modules/node-red/node_modules/ajv/dist/vocabularies/dynamic/index.js'
removed '/usr/lib/node_modules/node-red/node_modules/ajv/dist/vocabularies/dynamic/dynamicAnchor.d.ts'
removed '/usr/lib/node_modules/node-red/node_modules/ajv/dist/vocabularies/dynamic/recursiveAnchor.d.ts'
removed '/usr/lib/node_modules/node-red/node_modules/ajv/dist/vocabularies/dynamic/index.js.map'
removed '/usr/lib/node_modules/node-red/node_modules/ajv/dist/vocabularies/dynamic/dynamicRef.d.ts'
removed '/usr/lib/node_modules/node-red/node_modules/ajv/dist/vocabularies/dynamic/recursiveRef.d.ts'
removed '/usr/lib/node_modules/node-red/node_modules/ajv/dist/vocabularies/dynamic/dynamicAnchor.js.map'
removed '/usr/lib/node_modules/node-red/node_modules/ajv/dist/vocabularies/dynamic/recursiveAnchor.js'
removed '/usr/lib/node_modules/node-red/node_modules/ajv/dist/vocabularies/dynamic/recursiveRef.js'
removed '/usr/lib/node_modules/node-red/node_modules/ajv/dist/vocabularies/dynamic/dynamicRef.js'
removed '/usr/lib/node_modules/node-red/node_modules/ajv/dist/vocabularies/dynamic/index.d.ts'
removed '/usr/lib/node_modules/node-red/node_modules/ajv/dist/vocabularies/dynamic/recursiveAnchor.js.map'
removed '/usr/lib/node_modules/node-red/node_modules/ajv/dist/vocabularies/dynamic/recursiveRef.js.map'
removed directory '/usr/lib/node_modules/node-red/node_modules/ajv/dist/vocabularies/dynamic'
removed '/usr/lib/node_modules/node-red/node_modules/ajv/dist/vocabularies/next.js.map'
removed '/usr/lib/node_modules/node-red/node_modules/ajv/dist/vocabularies/jtd/enum.js.map'
removed '/usr/lib/node_modules/node-red/node_modules/ajv/dist/vocabularies/jtd/nullable.js.map'
removed '/usr/lib/node_modules/node-red/node_modules/ajv/dist/vocabularies/jtd/properties.js'
removed '/usr/lib/node_modules/node-red/node_modules/ajv/dist/vocabularies/jtd/optionalProperties.js.map'
removed '/usr/lib/node_modules/node-red/node_modules/ajv/dist/vocabularies/jtd/metadata.d.ts'
removed '/usr/lib/node_modules/node-red/node_modules/ajv/dist/vocabularies/jtd/type.js.map'
removed '/usr/lib/node_modules/node-red/node_modules/ajv/dist/vocabularies/jtd/type.d.ts'
removed '/usr/lib/node_modules/node-red/node_modules/ajv/dist/vocabularies/jtd/error.d.ts'
removed '/usr/lib/node_modules/node-red/node_modules/ajv/dist/vocabularies/jtd/values.js'
removed '/usr/lib/node_modules/node-red/node_modules/ajv/dist/vocabularies/jtd/type.js'
removed '/usr/lib/node_modules/node-red/node_modules/ajv/dist/vocabularies/jtd/optionalProperties.js'
removed '/usr/lib/node_modules/node-red/node_modules/ajv/dist/vocabularies/jtd/enum.js'
removed '/usr/lib/node_modules/node-red/node_modules/ajv/dist/vocabularies/jtd/properties.d.ts'
removed '/usr/lib/node_modules/node-red/node_modules/ajv/dist/vocabularies/jtd/values.d.ts'
removed '/usr/lib/node_modules/node-red/node_modules/ajv/dist/vocabularies/jtd/error.js.map'
removed '/usr/lib/node_modules/node-red/node_modules/ajv/dist/vocabularies/jtd/index.js'
removed '/usr/lib/node_modules/node-red/node_modules/ajv/dist/vocabularies/jtd/elements.d.ts'
removed '/usr/lib/node_modules/node-red/node_modules/ajv/dist/vocabularies/jtd/union.js.map'
removed '/usr/lib/node_modules/node-red/node_modules/ajv/dist/vocabularies/jtd/ref.js'
removed '/usr/lib/node_modules/node-red/node_modules/ajv/dist/vocabularies/jtd/ref.js.map'
removed '/usr/lib/node_modules/node-red/node_modules/ajv/dist/vocabularies/jtd/discriminator.d.ts'
removed '/usr/lib/node_modules/node-red/node_modules/ajv/dist/vocabularies/jtd/union.d.ts'
removed '/usr/lib/node_modules/node-red/node_modules/ajv/dist/vocabularies/jtd/index.js.map'
removed '/usr/lib/node_modules/node-red/node_modules/ajv/dist/vocabularies/jtd/values.js.map'
removed '/usr/lib/node_modules/node-red/node_modules/ajv/dist/vocabularies/jtd/elements.js.map'
removed '/usr/lib/node_modules/node-red/node_modules/ajv/dist/vocabularies/jtd/discriminator.js.map'
removed '/usr/lib/node_modules/node-red/node_modules/ajv/dist/vocabularies/jtd/elements.js'
removed '/usr/lib/node_modules/node-red/node_modules/ajv/dist/vocabularies/jtd/ref.d.ts'
removed '/usr/lib/node_modules/node-red/node_modules/ajv/dist/vocabularies/jtd/nullable.d.ts'
removed '/usr/lib/node_modules/node-red/node_modules/ajv/dist/vocabularies/jtd/enum.d.ts'
removed '/usr/lib/node_modules/node-red/node_modules/ajv/dist/vocabularies/jtd/metadata.js.map'
removed '/usr/lib/node_modules/node-red/node_modules/ajv/dist/vocabularies/jtd/properties.js.map'
removed '/usr/lib/node_modules/node-red/node_modules/ajv/dist/vocabularies/jtd/union.js'
removed '/usr/lib/node_modules/node-red/node_modules/ajv/dist/vocabularies/jtd/error.js'
removed '/usr/lib/node_modules/node-red/node_modules/ajv/dist/vocabularies/jtd/nullable.js'
removed '/usr/lib/node_modules/node-red/node_modules/ajv/dist/vocabularies/jtd/optionalProperties.d.ts'
removed '/usr/lib/node_modules/node-red/node_modules/ajv/dist/vocabularies/jtd/discriminator.js'
removed '/usr/lib/node_modules/node-red/node_modules/ajv/dist/vocabularies/jtd/index.d.ts'
removed '/usr/lib/node_modules/node-red/node_modules/ajv/dist/vocabularies/jtd/metadata.js'
removed directory '/usr/lib/node_modules/node-red/node_modules/ajv/dist/vocabularies/jtd'
removed '/usr/lib/node_modules/node-red/node_modules/ajv/dist/vocabularies/next.js'
removed '/usr/lib/node_modules/node-red/node_modules/ajv/dist/vocabularies/errors.js'
removed '/usr/lib/node_modules/node-red/node_modules/ajv/dist/vocabularies/code.js'
removed '/usr/lib/node_modules/node-red/node_modules/ajv/dist/vocabularies/metadata.js'
removed directory '/usr/lib/node_modules/node-red/node_modules/ajv/dist/vocabularies'
removed '/usr/lib/node_modules/node-red/node_modules/ajv/dist/jtd.js.map'
removed '/usr/lib/node_modules/node-red/node_modules/ajv/dist/core.js'
removed '/usr/lib/node_modules/node-red/node_modules/ajv/dist/2019.js'
removed '/usr/lib/node_modules/node-red/node_modules/ajv/dist/runtime/ucs2length.js'
removed '/usr/lib/node_modules/node-red/node_modules/ajv/dist/runtime/re2.d.ts'
removed '/usr/lib/node_modules/node-red/node_modules/ajv/dist/runtime/validation_error.js'
removed '/usr/lib/node_modules/node-red/node_modules/ajv/dist/runtime/quote.js.map'
removed '/usr/lib/node_modules/node-red/node_modules/ajv/dist/runtime/parseJson.d.ts'
removed '/usr/lib/node_modules/node-red/node_modules/ajv/dist/runtime/ucs2length.d.ts'
removed '/usr/lib/node_modules/node-red/node_modules/ajv/dist/runtime/uri.d.ts'
removed '/usr/lib/node_modules/node-red/node_modules/ajv/dist/runtime/equal.js.map'
removed '/usr/lib/node_modules/node-red/node_modules/ajv/dist/runtime/uri.js.map'
removed '/usr/lib/node_modules/node-red/node_modules/ajv/dist/runtime/re2.js'
removed '/usr/lib/node_modules/node-red/node_modules/ajv/dist/runtime/uri.js'
removed '/usr/lib/node_modules/node-red/node_modules/ajv/dist/runtime/parseJson.js'
removed '/usr/lib/node_modules/node-red/node_modules/ajv/dist/runtime/equal.js'
removed '/usr/lib/node_modules/node-red/node_modules/ajv/dist/runtime/re2.js.map'
removed '/usr/lib/node_modules/node-red/node_modules/ajv/dist/runtime/equal.d.ts'
removed '/usr/lib/node_modules/node-red/node_modules/ajv/dist/runtime/timestamp.js.map'
removed '/usr/lib/node_modules/node-red/node_modules/ajv/dist/runtime/quote.d.ts'
removed '/usr/lib/node_modules/node-red/node_modules/ajv/dist/runtime/ucs2length.js.map'
removed '/usr/lib/node_modules/node-red/node_modules/ajv/dist/runtime/validation_error.d.ts'
removed '/usr/lib/node_modules/node-red/node_modules/ajv/dist/runtime/parseJson.js.map'
removed '/usr/lib/node_modules/node-red/node_modules/ajv/dist/runtime/timestamp.d.ts'
removed '/usr/lib/node_modules/node-red/node_modules/ajv/dist/runtime/timestamp.js'
removed '/usr/lib/node_modules/node-red/node_modules/ajv/dist/runtime/quote.js'
removed '/usr/lib/node_modules/node-red/node_modules/ajv/dist/runtime/validation_error.js.map'
removed directory '/usr/lib/node_modules/node-red/node_modules/ajv/dist/runtime'
removed '/usr/lib/node_modules/node-red/node_modules/ajv/dist/jtd.js'
removed '/usr/lib/node_modules/node-red/node_modules/ajv/dist/standalone/index.js'
removed '/usr/lib/node_modules/node-red/node_modules/ajv/dist/standalone/instance.js.map'
removed '/usr/lib/node_modules/node-red/node_modules/ajv/dist/standalone/index.js.map'
removed '/usr/lib/node_modules/node-red/node_modules/ajv/dist/standalone/instance.d.ts'
removed '/usr/lib/node_modules/node-red/node_modules/ajv/dist/standalone/instance.js'
removed '/usr/lib/node_modules/node-red/node_modules/ajv/dist/standalone/index.d.ts'
removed directory '/usr/lib/node_modules/node-red/node_modules/ajv/dist/standalone'
removed '/usr/lib/node_modules/node-red/node_modules/ajv/dist/2020.d.ts'
removed '/usr/lib/node_modules/node-red/node_modules/ajv/dist/core.js.map'
removed '/usr/lib/node_modules/node-red/node_modules/ajv/dist/ajv.js'
removed '/usr/lib/node_modules/node-red/node_modules/ajv/dist/core.d.ts'
removed '/usr/lib/node_modules/node-red/node_modules/ajv/dist/ajv.d.ts'
removed '/usr/lib/node_modules/node-red/node_modules/ajv/dist/ajv.js.map'
removed '/usr/lib/node_modules/node-red/node_modules/ajv/dist/types/index.js'
removed '/usr/lib/node_modules/node-red/node_modules/ajv/dist/types/json-schema.d.ts'
removed '/usr/lib/node_modules/node-red/node_modules/ajv/dist/types/json-schema.js'
removed '/usr/lib/node_modules/node-red/node_modules/ajv/dist/types/jtd-schema.js.map'
removed '/usr/lib/node_modules/node-red/node_modules/ajv/dist/types/jtd-schema.d.ts'
removed '/usr/lib/node_modules/node-red/node_modules/ajv/dist/types/index.js.map'
removed '/usr/lib/node_modules/node-red/node_modules/ajv/dist/types/jtd-schema.js'
removed '/usr/lib/node_modules/node-red/node_modules/ajv/dist/types/json-schema.js.map'
removed '/usr/lib/node_modules/node-red/node_modules/ajv/dist/types/index.d.ts'
removed directory '/usr/lib/node_modules/node-red/node_modules/ajv/dist/types'
removed '/usr/lib/node_modules/node-red/node_modules/ajv/dist/2019.js.map'
removed '/usr/lib/node_modules/node-red/node_modules/ajv/dist/refs/json-schema-secure.json'
removed '/usr/lib/node_modules/node-red/node_modules/ajv/dist/refs/json-schema-2020-12/index.js'
removed '/usr/lib/node_modules/node-red/node_modules/ajv/dist/refs/json-schema-2020-12/index.js.map'
removed '/usr/lib/node_modules/node-red/node_modules/ajv/dist/refs/json-schema-2020-12/schema.json'
removed '/usr/lib/node_modules/node-red/node_modules/ajv/dist/refs/json-schema-2020-12/meta/content.json'
removed '/usr/lib/node_modules/node-red/node_modules/ajv/dist/refs/json-schema-2020-12/meta/meta-data.json'
removed '/usr/lib/node_modules/node-red/node_modules/ajv/dist/refs/json-schema-2020-12/meta/validation.json'
removed '/usr/lib/node_modules/node-red/node_modules/ajv/dist/refs/json-schema-2020-12/meta/format-annotation.json'
removed '/usr/lib/node_modules/node-red/node_modules/ajv/dist/refs/json-schema-2020-12/meta/applicator.json'
removed '/usr/lib/node_modules/node-red/node_modules/ajv/dist/refs/json-schema-2020-12/meta/core.json'
removed '/usr/lib/node_modules/node-red/node_modules/ajv/dist/refs/json-schema-2020-12/meta/unevaluated.json'
removed directory '/usr/lib/node_modules/node-red/node_modules/ajv/dist/refs/json-schema-2020-12/meta'
removed '/usr/lib/node_modules/node-red/node_modules/ajv/dist/refs/json-schema-2020-12/index.d.ts'
removed directory '/usr/lib/node_modules/node-red/node_modules/ajv/dist/refs/json-schema-2020-12'
removed '/usr/lib/node_modules/node-red/node_modules/ajv/dist/refs/jtd-schema.js.map'
removed '/usr/lib/node_modules/node-red/node_modules/ajv/dist/refs/jtd-schema.d.ts'
removed '/usr/lib/node_modules/node-red/node_modules/ajv/dist/refs/jtd-schema.js'
removed '/usr/lib/node_modules/node-red/node_modules/ajv/dist/refs/json-schema-draft-07.json'
removed '/usr/lib/node_modules/node-red/node_modules/ajv/dist/refs/data.json'
removed '/usr/lib/node_modules/node-red/node_modules/ajv/dist/refs/json-schema-2019-09/index.js'
removed '/usr/lib/node_modules/node-red/node_modules/ajv/dist/refs/json-schema-2019-09/index.js.map'
removed '/usr/lib/node_modules/node-red/node_modules/ajv/dist/refs/json-schema-2019-09/schema.json'
removed '/usr/lib/node_modules/node-red/node_modules/ajv/dist/refs/json-schema-2019-09/meta/content.json'
removed '/usr/lib/node_modules/node-red/node_modules/ajv/dist/refs/json-schema-2019-09/meta/meta-data.json'
removed '/usr/lib/node_modules/node-red/node_modules/ajv/dist/refs/json-schema-2019-09/meta/format.json'
removed '/usr/lib/node_modules/node-red/node_modules/ajv/dist/refs/json-schema-2019-09/meta/validation.json'
removed '/usr/lib/node_modules/node-red/node_modules/ajv/dist/refs/json-schema-2019-09/meta/applicator.json'
removed '/usr/lib/node_modules/node-red/node_modules/ajv/dist/refs/json-schema-2019-09/meta/core.json'
removed directory '/usr/lib/node_modules/node-red/node_modules/ajv/dist/refs/json-schema-2019-09/meta'
removed '/usr/lib/node_modules/node-red/node_modules/ajv/dist/refs/json-schema-2019-09/index.d.ts'
removed directory '/usr/lib/node_modules/node-red/node_modules/ajv/dist/refs/json-schema-2019-09'
removed '/usr/lib/node_modules/node-red/node_modules/ajv/dist/refs/json-schema-draft-06.json'
removed directory '/usr/lib/node_modules/node-red/node_modules/ajv/dist/refs'
removed '/usr/lib/node_modules/node-red/node_modules/ajv/dist/2020.js.map'
removed directory '/usr/lib/node_modules/node-red/node_modules/ajv/dist'
removed '/usr/lib/node_modules/node-red/node_modules/ajv/README.md'
removed '/usr/lib/node_modules/node-red/node_modules/ajv/lib/compile/resolve.ts'
removed '/usr/lib/node_modules/node-red/node_modules/ajv/lib/compile/codegen/code.ts'
removed '/usr/lib/node_modules/node-red/node_modules/ajv/lib/compile/codegen/index.ts'
removed '/usr/lib/node_modules/node-red/node_modules/ajv/lib/compile/codegen/scope.ts'
removed directory '/usr/lib/node_modules/node-red/node_modules/ajv/lib/compile/codegen'
removed '/usr/lib/node_modules/node-red/node_modules/ajv/lib/compile/rules.ts'
removed '/usr/lib/node_modules/node-red/node_modules/ajv/lib/compile/util.ts'
removed '/usr/lib/node_modules/node-red/node_modules/ajv/lib/compile/validate/keyword.ts'
removed '/usr/lib/node_modules/node-red/node_modules/ajv/lib/compile/validate/boolSchema.ts'
removed '/usr/lib/node_modules/node-red/node_modules/ajv/lib/compile/validate/subschema.ts'
removed '/usr/lib/node_modules/node-red/node_modules/ajv/lib/compile/validate/applicability.ts'
removed '/usr/lib/node_modules/node-red/node_modules/ajv/lib/compile/validate/defaults.ts'
removed '/usr/lib/node_modules/node-red/node_modules/ajv/lib/compile/validate/dataType.ts'
removed '/usr/lib/node_modules/node-red/node_modules/ajv/lib/compile/validate/index.ts'
removed directory '/usr/lib/node_modules/node-red/node_modules/ajv/lib/compile/validate'
removed '/usr/lib/node_modules/node-red/node_modules/ajv/lib/compile/names.ts'
removed '/usr/lib/node_modules/node-red/node_modules/ajv/lib/compile/ref_error.ts'
removed '/usr/lib/node_modules/node-red/node_modules/ajv/lib/compile/jtd/types.ts'
removed '/usr/lib/node_modules/node-red/node_modules/ajv/lib/compile/jtd/parse.ts'
removed '/usr/lib/node_modules/node-red/node_modules/ajv/lib/compile/jtd/serialize.ts'
removed directory '/usr/lib/node_modules/node-red/node_modules/ajv/lib/compile/jtd'
removed '/usr/lib/node_modules/node-red/node_modules/ajv/lib/compile/index.ts'
removed '/usr/lib/node_modules/node-red/node_modules/ajv/lib/compile/errors.ts'
removed directory '/usr/lib/node_modules/node-red/node_modules/ajv/lib/compile'
removed '/usr/lib/node_modules/node-red/node_modules/ajv/lib/jtd.ts'
removed '/usr/lib/node_modules/node-red/node_modules/ajv/lib/2020.ts'
removed '/usr/lib/node_modules/node-red/node_modules/ajv/lib/vocabularies/metadata.ts'
removed '/usr/lib/node_modules/node-red/node_modules/ajv/lib/vocabularies/applicator/properties.ts'
removed '/usr/lib/node_modules/node-red/node_modules/ajv/lib/vocabularies/applicator/prefixItems.ts'
removed '/usr/lib/node_modules/node-red/node_modules/ajv/lib/vocabularies/applicator/items2020.ts'
removed '/usr/lib/node_modules/node-red/node_modules/ajv/lib/vocabularies/applicator/dependentSchemas.ts'
removed '/usr/lib/node_modules/node-red/node_modules/ajv/lib/vocabularies/applicator/propertyNames.ts'
removed '/usr/lib/node_modules/node-red/node_modules/ajv/lib/vocabularies/applicator/allOf.ts'
removed '/usr/lib/node_modules/node-red/node_modules/ajv/lib/vocabularies/applicator/oneOf.ts'
removed '/usr/lib/node_modules/node-red/node_modules/ajv/lib/vocabularies/applicator/not.ts'
removed '/usr/lib/node_modules/node-red/node_modules/ajv/lib/vocabularies/applicator/thenElse.ts'
removed '/usr/lib/node_modules/node-red/node_modules/ajv/lib/vocabularies/applicator/dependencies.ts'
removed '/usr/lib/node_modules/node-red/node_modules/ajv/lib/vocabularies/applicator/anyOf.ts'
removed '/usr/lib/node_modules/node-red/node_modules/ajv/lib/vocabularies/applicator/contains.ts'
removed '/usr/lib/node_modules/node-red/node_modules/ajv/lib/vocabularies/applicator/patternProperties.ts'
removed '/usr/lib/node_modules/node-red/node_modules/ajv/lib/vocabularies/applicator/if.ts'
removed '/usr/lib/node_modules/node-red/node_modules/ajv/lib/vocabularies/applicator/additionalProperties.ts'
removed '/usr/lib/node_modules/node-red/node_modules/ajv/lib/vocabularies/applicator/items.ts'
removed '/usr/lib/node_modules/node-red/node_modules/ajv/lib/vocabularies/applicator/index.ts'
removed '/usr/lib/node_modules/node-red/node_modules/ajv/lib/vocabularies/applicator/additionalItems.ts'
removed directory '/usr/lib/node_modules/node-red/node_modules/ajv/lib/vocabularies/applicator'
removed '/usr/lib/node_modules/node-red/node_modules/ajv/lib/vocabularies/next.ts'
removed '/usr/lib/node_modules/node-red/node_modules/ajv/lib/vocabularies/validation/required.ts'
removed '/usr/lib/node_modules/node-red/node_modules/ajv/lib/vocabularies/validation/multipleOf.ts'
removed '/usr/lib/node_modules/node-red/node_modules/ajv/lib/vocabularies/validation/const.ts'
removed '/usr/lib/node_modules/node-red/node_modules/ajv/lib/vocabularies/validation/limitContains.ts'
removed '/usr/lib/node_modules/node-red/node_modules/ajv/lib/vocabularies/validation/limitItems.ts'
removed '/usr/lib/node_modules/node-red/node_modules/ajv/lib/vocabularies/validation/limitLength.ts'
removed '/usr/lib/node_modules/node-red/node_modules/ajv/lib/vocabularies/validation/enum.ts'
removed '/usr/lib/node_modules/node-red/node_modules/ajv/lib/vocabularies/validation/uniqueItems.ts'
removed '/usr/lib/node_modules/node-red/node_modules/ajv/lib/vocabularies/validation/pattern.ts'
removed '/usr/lib/node_modules/node-red/node_modules/ajv/lib/vocabularies/validation/limitNumber.ts'
removed '/usr/lib/node_modules/node-red/node_modules/ajv/lib/vocabularies/validation/limitProperties.ts'
removed '/usr/lib/node_modules/node-red/node_modules/ajv/lib/vocabularies/validation/dependentRequired.ts'
removed '/usr/lib/node_modules/node-red/node_modules/ajv/lib/vocabularies/validation/index.ts'
removed directory '/usr/lib/node_modules/node-red/node_modules/ajv/lib/vocabularies/validation'
removed '/usr/lib/node_modules/node-red/node_modules/ajv/lib/vocabularies/format/index.ts'
removed '/usr/lib/node_modules/node-red/node_modules/ajv/lib/vocabularies/format/format.ts'
removed directory '/usr/lib/node_modules/node-red/node_modules/ajv/lib/vocabularies/format'
removed '/usr/lib/node_modules/node-red/node_modules/ajv/lib/vocabularies/draft7.ts'
removed '/usr/lib/node_modules/node-red/node_modules/ajv/lib/vocabularies/code.ts'
removed '/usr/lib/node_modules/node-red/node_modules/ajv/lib/vocabularies/draft2020.ts'
removed '/usr/lib/node_modules/node-red/node_modules/ajv/lib/vocabularies/discriminator/types.ts'
removed '/usr/lib/node_modules/node-red/node_modules/ajv/lib/vocabularies/discriminator/index.ts'
removed directory '/usr/lib/node_modules/node-red/node_modules/ajv/lib/vocabularies/discriminator'
removed '/usr/lib/node_modules/node-red/node_modules/ajv/lib/vocabularies/unevaluated/unevaluatedProperties.ts'
removed '/usr/lib/node_modules/node-red/node_modules/ajv/lib/vocabularies/unevaluated/unevaluatedItems.ts'
removed '/usr/lib/node_modules/node-red/node_modules/ajv/lib/vocabularies/unevaluated/index.ts'
removed directory '/usr/lib/node_modules/node-red/node_modules/ajv/lib/vocabularies/unevaluated'
removed '/usr/lib/node_modules/node-red/node_modules/ajv/lib/vocabularies/core/ref.ts'
removed '/usr/lib/node_modules/node-red/node_modules/ajv/lib/vocabularies/core/id.ts'
removed '/usr/lib/node_modules/node-red/node_modules/ajv/lib/vocabularies/core/index.ts'
removed directory '/usr/lib/node_modules/node-red/node_modules/ajv/lib/vocabularies/core'
removed '/usr/lib/node_modules/node-red/node_modules/ajv/lib/vocabularies/dynamic/dynamicAnchor.ts'
removed '/usr/lib/node_modules/node-red/node_modules/ajv/lib/vocabularies/dynamic/recursiveAnchor.ts'
removed '/usr/lib/node_modules/node-red/node_modules/ajv/lib/vocabularies/dynamic/dynamicRef.ts'
removed '/usr/lib/node_modules/node-red/node_modules/ajv/lib/vocabularies/dynamic/recursiveRef.ts'
removed '/usr/lib/node_modules/node-red/node_modules/ajv/lib/vocabularies/dynamic/index.ts'
removed directory '/usr/lib/node_modules/node-red/node_modules/ajv/lib/vocabularies/dynamic'
removed '/usr/lib/node_modules/node-red/node_modules/ajv/lib/vocabularies/jtd/metadata.ts'
removed '/usr/lib/node_modules/node-red/node_modules/ajv/lib/vocabularies/jtd/properties.ts'
removed '/usr/lib/node_modules/node-red/node_modules/ajv/lib/vocabularies/jtd/union.ts'
removed '/usr/lib/node_modules/node-red/node_modules/ajv/lib/vocabularies/jtd/values.ts'
removed '/usr/lib/node_modules/node-red/node_modules/ajv/lib/vocabularies/jtd/discriminator.ts'
removed '/usr/lib/node_modules/node-red/node_modules/ajv/lib/vocabularies/jtd/type.ts'
removed '/usr/lib/node_modules/node-red/node_modules/ajv/lib/vocabularies/jtd/ref.ts'
removed '/usr/lib/node_modules/node-red/node_modules/ajv/lib/vocabularies/jtd/enum.ts'
removed '/usr/lib/node_modules/node-red/node_modules/ajv/lib/vocabularies/jtd/elements.ts'
removed '/usr/lib/node_modules/node-red/node_modules/ajv/lib/vocabularies/jtd/error.ts'
removed '/usr/lib/node_modules/node-red/node_modules/ajv/lib/vocabularies/jtd/optionalProperties.ts'
removed '/usr/lib/node_modules/node-red/node_modules/ajv/lib/vocabularies/jtd/nullable.ts'
removed '/usr/lib/node_modules/node-red/node_modules/ajv/lib/vocabularies/jtd/index.ts'
removed directory '/usr/lib/node_modules/node-red/node_modules/ajv/lib/vocabularies/jtd'
removed '/usr/lib/node_modules/node-red/node_modules/ajv/lib/vocabularies/errors.ts'
removed directory '/usr/lib/node_modules/node-red/node_modules/ajv/lib/vocabularies'
removed '/usr/lib/node_modules/node-red/node_modules/ajv/lib/core.ts'
removed '/usr/lib/node_modules/node-red/node_modules/ajv/lib/ajv.ts'
removed '/usr/lib/node_modules/node-red/node_modules/ajv/lib/runtime/parseJson.ts'
removed '/usr/lib/node_modules/node-red/node_modules/ajv/lib/runtime/timestamp.ts'
removed '/usr/lib/node_modules/node-red/node_modules/ajv/lib/runtime/uri.ts'
removed '/usr/lib/node_modules/node-red/node_modules/ajv/lib/runtime/validation_error.ts'
removed '/usr/lib/node_modules/node-red/node_modules/ajv/lib/runtime/re2.ts'
removed '/usr/lib/node_modules/node-red/node_modules/ajv/lib/runtime/quote.ts'
removed '/usr/lib/node_modules/node-red/node_modules/ajv/lib/runtime/equal.ts'
removed '/usr/lib/node_modules/node-red/node_modules/ajv/lib/runtime/ucs2length.ts'
removed directory '/usr/lib/node_modules/node-red/node_modules/ajv/lib/runtime'
removed '/usr/lib/node_modules/node-red/node_modules/ajv/lib/standalone/index.ts'
removed '/usr/lib/node_modules/node-red/node_modules/ajv/lib/standalone/instance.ts'
removed directory '/usr/lib/node_modules/node-red/node_modules/ajv/lib/standalone'
removed '/usr/lib/node_modules/node-red/node_modules/ajv/lib/2019.ts'
removed '/usr/lib/node_modules/node-red/node_modules/ajv/lib/types/jtd-schema.ts'
removed '/usr/lib/node_modules/node-red/node_modules/ajv/lib/types/json-schema.ts'
removed '/usr/lib/node_modules/node-red/node_modules/ajv/lib/types/index.ts'
removed directory '/usr/lib/node_modules/node-red/node_modules/ajv/lib/types'
removed '/usr/lib/node_modules/node-red/node_modules/ajv/lib/refs/json-schema-secure.json'
removed '/usr/lib/node_modules/node-red/node_modules/ajv/lib/refs/json-schema-2020-12/schema.json'
removed '/usr/lib/node_modules/node-red/node_modules/ajv/lib/refs/json-schema-2020-12/meta/content.json'
removed '/usr/lib/node_modules/node-red/node_modules/ajv/lib/refs/json-schema-2020-12/meta/meta-data.json'
removed '/usr/lib/node_modules/node-red/node_modules/ajv/lib/refs/json-schema-2020-12/meta/validation.json'
removed '/usr/lib/node_modules/node-red/node_modules/ajv/lib/refs/json-schema-2020-12/meta/format-annotation.json'
removed '/usr/lib/node_modules/node-red/node_modules/ajv/lib/refs/json-schema-2020-12/meta/applicator.json'
removed '/usr/lib/node_modules/node-red/node_modules/ajv/lib/refs/json-schema-2020-12/meta/core.json'
removed '/usr/lib/node_modules/node-red/node_modules/ajv/lib/refs/json-schema-2020-12/meta/unevaluated.json'
removed directory '/usr/lib/node_modules/node-red/node_modules/ajv/lib/refs/json-schema-2020-12/meta'
removed '/usr/lib/node_modules/node-red/node_modules/ajv/lib/refs/json-schema-2020-12/index.ts'
removed directory '/usr/lib/node_modules/node-red/node_modules/ajv/lib/refs/json-schema-2020-12'
removed '/usr/lib/node_modules/node-red/node_modules/ajv/lib/refs/jtd-schema.ts'
removed '/usr/lib/node_modules/node-red/node_modules/ajv/lib/refs/json-schema-draft-07.json'
removed '/usr/lib/node_modules/node-red/node_modules/ajv/lib/refs/data.json'
removed '/usr/lib/node_modules/node-red/node_modules/ajv/lib/refs/json-schema-2019-09/schema.json'
removed '/usr/lib/node_modules/node-red/node_modules/ajv/lib/refs/json-schema-2019-09/meta/content.json'
removed '/usr/lib/node_modules/node-red/node_modules/ajv/lib/refs/json-schema-2019-09/meta/meta-data.json'
removed '/usr/lib/node_modules/node-red/node_modules/ajv/lib/refs/json-schema-2019-09/meta/format.json'
removed '/usr/lib/node_modules/node-red/node_modules/ajv/lib/refs/json-schema-2019-09/meta/validation.json'
removed '/usr/lib/node_modules/node-red/node_modules/ajv/lib/refs/json-schema-2019-09/meta/applicator.json'
removed '/usr/lib/node_modules/node-red/node_modules/ajv/lib/refs/json-schema-2019-09/meta/core.json'
removed directory '/usr/lib/node_modules/node-red/node_modules/ajv/lib/refs/json-schema-2019-09/meta'
removed '/usr/lib/node_modules/node-red/node_modules/ajv/lib/refs/json-schema-2019-09/index.ts'
removed directory '/usr/lib/node_modules/node-red/node_modules/ajv/lib/refs/json-schema-2019-09'
removed '/usr/lib/node_modules/node-red/node_modules/ajv/lib/refs/json-schema-draft-06.json'
removed directory '/usr/lib/node_modules/node-red/node_modules/ajv/lib/refs'
removed directory '/usr/lib/node_modules/node-red/node_modules/ajv/lib'
removed '/usr/lib/node_modules/node-red/node_modules/ajv/.runkit_example.js'
removed '/usr/lib/node_modules/node-red/node_modules/ajv/LICENSE'
removed directory '/usr/lib/node_modules/node-red/node_modules/ajv'
removed '/usr/lib/node_modules/node-red/node_modules/cookie-parser/package.json'
removed '/usr/lib/node_modules/node-red/node_modules/cookie-parser/HISTORY.md'
removed '/usr/lib/node_modules/node-red/node_modules/cookie-parser/index.js'
removed '/usr/lib/node_modules/node-red/node_modules/cookie-parser/README.md'
removed '/usr/lib/node_modules/node-red/node_modules/cookie-parser/LICENSE'
removed directory '/usr/lib/node_modules/node-red/node_modules/cookie-parser'
removed '/usr/lib/node_modules/node-red/node_modules/buffer/package.json'
removed '/usr/lib/node_modules/node-red/node_modules/buffer/index.js'
removed '/usr/lib/node_modules/node-red/node_modules/buffer/AUTHORS.md'
removed '/usr/lib/node_modules/node-red/node_modules/buffer/README.md'
removed '/usr/lib/node_modules/node-red/node_modules/buffer/index.d.ts'
removed '/usr/lib/node_modules/node-red/node_modules/buffer/LICENSE'
removed directory '/usr/lib/node_modules/node-red/node_modules/buffer'
removed '/usr/lib/node_modules/node-red/node_modules/node-red-admin/package.json'
removed '/usr/lib/node_modules/node-red/node_modules/node-red-admin/test/node-red-admin_spec.js'
removed '/usr/lib/node_modules/node-red/node_modules/node-red-admin/test/lib/commands/enable_spec.js'
removed '/usr/lib/node_modules/node-red/node_modules/node-red-admin/test/lib/commands/hash_spec.js'
removed '/usr/lib/node_modules/node-red/node_modules/node-red-admin/test/lib/commands/target_spec.js'
removed '/usr/lib/node_modules/node-red/node_modules/node-red-admin/test/lib/commands/info_spec.js'
removed '/usr/lib/node_modules/node-red/node_modules/node-red-admin/test/lib/commands/remove_spec.js'
removed '/usr/lib/node_modules/node-red/node_modules/node-red-admin/test/lib/commands/result_helper.js'
removed '/usr/lib/node_modules/node-red/node_modules/node-red-admin/test/lib/commands/install_spec.js'
removed '/usr/lib/node_modules/node-red/node_modules/node-red-admin/test/lib/commands/search_spec.js'
removed '/usr/lib/node_modules/node-red/node_modules/node-red-admin/test/lib/commands/list_spec.js'
removed '/usr/lib/node_modules/node-red/node_modules/node-red-admin/test/lib/commands/login_spec.js'
removed '/usr/lib/node_modules/node-red/node_modules/node-red-admin/test/lib/commands/disable_spec.js'
removed directory '/usr/lib/node_modules/node-red/node_modules/node-red-admin/test/lib/commands'
removed '/usr/lib/node_modules/node-red/node_modules/node-red-admin/test/lib/request_spec.js'
removed '/usr/lib/node_modules/node-red/node_modules/node-red-admin/test/lib/result_spec.js'
removed '/usr/lib/node_modules/node-red/node_modules/node-red-admin/test/lib/config_spec.js'
removed directory '/usr/lib/node_modules/node-red/node_modules/node-red-admin/test/lib'
removed directory '/usr/lib/node_modules/node-red/node_modules/node-red-admin/test'
removed '/usr/lib/node_modules/node-red/node_modules/node-red-admin/README.md'
removed '/usr/lib/node_modules/node-red/node_modules/node-red-admin/.github/ISSUE_TEMPLATE/--bug_report.md'
removed '/usr/lib/node_modules/node-red/node_modules/node-red-admin/.github/ISSUE_TEMPLATE/-anything-else.md'
removed directory '/usr/lib/node_modules/node-red/node_modules/node-red-admin/.github/ISSUE_TEMPLATE'
removed '/usr/lib/node_modules/node-red/node_modules/node-red-admin/.github/ISSUE_TEMPLATE.md'
removed '/usr/lib/node_modules/node-red/node_modules/node-red-admin/.github/workflows/tests.yml'
removed directory '/usr/lib/node_modules/node-red/node_modules/node-red-admin/.github/workflows'
removed '/usr/lib/node_modules/node-red/node_modules/node-red-admin/.github/PULL_REQUEST_TEMPLATE.md'
removed directory '/usr/lib/node_modules/node-red/node_modules/node-red-admin/.github'
removed '/usr/lib/node_modules/node-red/node_modules/node-red-admin/lib/result.js'
removed '/usr/lib/node_modules/node-red/node_modules/node-red-admin/lib/commands/projects.js'
removed '/usr/lib/node_modules/node-red/node_modules/node-red-admin/lib/commands/disable.js'
removed '/usr/lib/node_modules/node-red/node_modules/node-red-admin/lib/commands/remove.js'
removed '/usr/lib/node_modules/node-red/node_modules/node-red-admin/lib/commands/search.js'
removed '/usr/lib/node_modules/node-red/node_modules/node-red-admin/lib/commands/list.js'
removed '/usr/lib/node_modules/node-red/node_modules/node-red-admin/lib/commands/enable.js'
removed '/usr/lib/node_modules/node-red/node_modules/node-red-admin/lib/commands/login.js'
removed '/usr/lib/node_modules/node-red/node_modules/node-red-admin/lib/commands/init/index.js'
removed '/usr/lib/node_modules/node-red/node_modules/node-red-admin/lib/commands/init/resources/settings.js.mustache'
removed directory '/usr/lib/node_modules/node-red/node_modules/node-red-admin/lib/commands/init/resources'
removed directory '/usr/lib/node_modules/node-red/node_modules/node-red-admin/lib/commands/init'
removed '/usr/lib/node_modules/node-red/node_modules/node-red-admin/lib/commands/install.js'
removed '/usr/lib/node_modules/node-red/node_modules/node-red-admin/lib/commands/hash.js'
removed '/usr/lib/node_modules/node-red/node_modules/node-red-admin/lib/commands/target.js'
removed '/usr/lib/node_modules/node-red/node_modules/node-red-admin/lib/commands/info.js'
removed directory '/usr/lib/node_modules/node-red/node_modules/node-red-admin/lib/commands'
removed '/usr/lib/node_modules/node-red/node_modules/node-red-admin/lib/index.js'
removed '/usr/lib/node_modules/node-red/node_modules/node-red-admin/lib/request.js'
removed '/usr/lib/node_modules/node-red/node_modules/node-red-admin/lib/config.js'
removed '/usr/lib/node_modules/node-red/node_modules/node-red-admin/lib/prompt.js'
removed directory '/usr/lib/node_modules/node-red/node_modules/node-red-admin/lib'
removed '/usr/lib/node_modules/node-red/node_modules/node-red-admin/CHANGELOG.md'
removed '/usr/lib/node_modules/node-red/node_modules/node-red-admin/node-red-admin.js'
removed '/usr/lib/node_modules/node-red/node_modules/node-red-admin/LICENSE'
removed directory '/usr/lib/node_modules/node-red/node_modules/node-red-admin'
removed '/usr/lib/node_modules/node-red/node_modules/body-parser/package.json'
removed '/usr/lib/node_modules/node-red/node_modules/body-parser/HISTORY.md'
removed '/usr/lib/node_modules/node-red/node_modules/body-parser/index.js'
removed '/usr/lib/node_modules/node-red/node_modules/body-parser/README.md'
removed '/usr/lib/node_modules/node-red/node_modules/body-parser/node_modules/raw-body/package.json'
removed '/usr/lib/node_modules/node-red/node_modules/body-parser/node_modules/raw-body/HISTORY.md'
removed '/usr/lib/node_modules/node-red/node_modules/body-parser/node_modules/raw-body/index.js'
removed '/usr/lib/node_modules/node-red/node_modules/body-parser/node_modules/raw-body/README.md'
removed '/usr/lib/node_modules/node-red/node_modules/body-parser/node_modules/raw-body/SECURITY.md'
removed '/usr/lib/node_modules/node-red/node_modules/body-parser/node_modules/raw-body/index.d.ts'
removed '/usr/lib/node_modules/node-red/node_modules/body-parser/node_modules/raw-body/LICENSE'
removed directory '/usr/lib/node_modules/node-red/node_modules/body-parser/node_modules/raw-body'
removed '/usr/lib/node_modules/node-red/node_modules/body-parser/node_modules/iconv-lite/package.json'
removed '/usr/lib/node_modules/node-red/node_modules/body-parser/node_modules/iconv-lite/Changelog.md'
removed '/usr/lib/node_modules/node-red/node_modules/body-parser/node_modules/iconv-lite/README.md'
removed '/usr/lib/node_modules/node-red/node_modules/body-parser/node_modules/iconv-lite/lib/index.js'
removed '/usr/lib/node_modules/node-red/node_modules/body-parser/node_modules/iconv-lite/lib/bom-handling.js'
removed '/usr/lib/node_modules/node-red/node_modules/body-parser/node_modules/iconv-lite/lib/streams.js'
removed '/usr/lib/node_modules/node-red/node_modules/body-parser/node_modules/iconv-lite/lib/extend-node.js'
removed '/usr/lib/node_modules/node-red/node_modules/body-parser/node_modules/iconv-lite/lib/index.d.ts'
removed directory '/usr/lib/node_modules/node-red/node_modules/body-parser/node_modules/iconv-lite/lib'
removed '/usr/lib/node_modules/node-red/node_modules/body-parser/node_modules/iconv-lite/encodings/index.js'
removed '/usr/lib/node_modules/node-red/node_modules/body-parser/node_modules/iconv-lite/encodings/sbcs-codec.js'
removed '/usr/lib/node_modules/node-red/node_modules/body-parser/node_modules/iconv-lite/encodings/tables/eucjp.json'
removed '/usr/lib/node_modules/node-red/node_modules/body-parser/node_modules/iconv-lite/encodings/tables/cp949.json'
removed '/usr/lib/node_modules/node-red/node_modules/body-parser/node_modules/iconv-lite/encodings/tables/cp950.json'
removed '/usr/lib/node_modules/node-red/node_modules/body-parser/node_modules/iconv-lite/encodings/tables/gbk-added.json'
removed '/usr/lib/node_modules/node-red/node_modules/body-parser/node_modules/iconv-lite/encodings/tables/big5-added.json'
removed '/usr/lib/node_modules/node-red/node_modules/body-parser/node_modules/iconv-lite/encodings/tables/shiftjis.json'
removed '/usr/lib/node_modules/node-red/node_modules/body-parser/node_modules/iconv-lite/encodings/tables/cp936.json'
removed '/usr/lib/node_modules/node-red/node_modules/body-parser/node_modules/iconv-lite/encodings/tables/gb18030-ranges.json'
removed directory '/usr/lib/node_modules/node-red/node_modules/body-parser/node_modules/iconv-lite/encodings/tables'
removed '/usr/lib/node_modules/node-red/node_modules/body-parser/node_modules/iconv-lite/encodings/sbcs-data.js'
removed '/usr/lib/node_modules/node-red/node_modules/body-parser/node_modules/iconv-lite/encodings/utf16.js'
removed '/usr/lib/node_modules/node-red/node_modules/body-parser/node_modules/iconv-lite/encodings/utf7.js'
removed '/usr/lib/node_modules/node-red/node_modules/body-parser/node_modules/iconv-lite/encodings/dbcs-codec.js'
removed '/usr/lib/node_modules/node-red/node_modules/body-parser/node_modules/iconv-lite/encodings/dbcs-data.js'
removed '/usr/lib/node_modules/node-red/node_modules/body-parser/node_modules/iconv-lite/encodings/internal.js'
removed '/usr/lib/node_modules/node-red/node_modules/body-parser/node_modules/iconv-lite/encodings/sbcs-data-generated.js'
removed directory '/usr/lib/node_modules/node-red/node_modules/body-parser/node_modules/iconv-lite/encodings'
removed '/usr/lib/node_modules/node-red/node_modules/body-parser/node_modules/iconv-lite/LICENSE'
removed directory '/usr/lib/node_modules/node-red/node_modules/body-parser/node_modules/iconv-lite'
removed directory '/usr/lib/node_modules/node-red/node_modules/body-parser/node_modules'
removed '/usr/lib/node_modules/node-red/node_modules/body-parser/lib/read.js'
removed '/usr/lib/node_modules/node-red/node_modules/body-parser/lib/types/raw.js'
removed '/usr/lib/node_modules/node-red/node_modules/body-parser/lib/types/text.js'
removed '/usr/lib/node_modules/node-red/node_modules/body-parser/lib/types/urlencoded.js'
removed '/usr/lib/node_modules/node-red/node_modules/body-parser/lib/types/json.js'
removed directory '/usr/lib/node_modules/node-red/node_modules/body-parser/lib/types'
removed directory '/usr/lib/node_modules/node-red/node_modules/body-parser/lib'
removed '/usr/lib/node_modules/node-red/node_modules/body-parser/SECURITY.md'
removed '/usr/lib/node_modules/node-red/node_modules/body-parser/LICENSE'
removed directory '/usr/lib/node_modules/node-red/node_modules/body-parser'
removed '/usr/lib/node_modules/node-red/node_modules/help-me/package.json'
removed '/usr/lib/node_modules/node-red/node_modules/help-me/doc/help.txt'
removed '/usr/lib/node_modules/node-red/node_modules/help-me/doc/hello.txt'
removed directory '/usr/lib/node_modules/node-red/node_modules/help-me/doc'
removed '/usr/lib/node_modules/node-red/node_modules/help-me/example.js'
removed '/usr/lib/node_modules/node-red/node_modules/help-me/README.md'
removed '/usr/lib/node_modules/node-red/node_modules/help-me/test.js'
removed '/usr/lib/node_modules/node-red/node_modules/help-me/help-me.js'
removed '/usr/lib/node_modules/node-red/node_modules/help-me/.github/workflows/ci.yml'
removed directory '/usr/lib/node_modules/node-red/node_modules/help-me/.github/workflows'
removed directory '/usr/lib/node_modules/node-red/node_modules/help-me/.github'
removed '/usr/lib/node_modules/node-red/node_modules/help-me/fixture/dir/a/b.txt'
removed directory '/usr/lib/node_modules/node-red/node_modules/help-me/fixture/dir/a'
removed directory '/usr/lib/node_modules/node-red/node_modules/help-me/fixture/dir'
removed '/usr/lib/node_modules/node-red/node_modules/help-me/fixture/sameprefix/hello world.txt'
removed '/usr/lib/node_modules/node-red/node_modules/help-me/fixture/sameprefix/hello.txt'
removed directory '/usr/lib/node_modules/node-red/node_modules/help-me/fixture/sameprefix'
removed '/usr/lib/node_modules/node-red/node_modules/help-me/fixture/shortnames/abcde fghi lmno.txt'
removed '/usr/lib/node_modules/node-red/node_modules/help-me/fixture/shortnames/abcde hello.txt'
removed '/usr/lib/node_modules/node-red/node_modules/help-me/fixture/shortnames/hello world.txt'
removed directory '/usr/lib/node_modules/node-red/node_modules/help-me/fixture/shortnames'
removed '/usr/lib/node_modules/node-red/node_modules/help-me/fixture/no-ext/hello'
removed directory '/usr/lib/node_modules/node-red/node_modules/help-me/fixture/no-ext'
removed '/usr/lib/node_modules/node-red/node_modules/help-me/fixture/basic/help.txt'
removed '/usr/lib/node_modules/node-red/node_modules/help-me/fixture/basic/hello.txt'
removed directory '/usr/lib/node_modules/node-red/node_modules/help-me/fixture/basic'
removed directory '/usr/lib/node_modules/node-red/node_modules/help-me/fixture'
removed '/usr/lib/node_modules/node-red/node_modules/help-me/LICENSE'
removed directory '/usr/lib/node_modules/node-red/node_modules/help-me'
removed '/usr/lib/node_modules/node-red/node_modules/abbrev/package.json'
removed '/usr/lib/node_modules/node-red/node_modules/abbrev/README.md'
removed '/usr/lib/node_modules/node-red/node_modules/abbrev/abbrev.js'
removed '/usr/lib/node_modules/node-red/node_modules/abbrev/LICENSE'
removed directory '/usr/lib/node_modules/node-red/node_modules/abbrev'
removed '/usr/lib/node_modules/node-red/node_modules/@babel/runtime/package.json'
removed '/usr/lib/node_modules/node-red/node_modules/@babel/runtime/helpers/checkInRHS.js'
removed '/usr/lib/node_modules/node-red/node_modules/@babel/runtime/helpers/objectDestructuringEmpty.js'
removed '/usr/lib/node_modules/node-red/node_modules/@babel/runtime/helpers/classStaticPrivateFieldDestructureSet.js'
removed '/usr/lib/node_modules/node-red/node_modules/@babel/runtime/helpers/classPrivateSetter.js'
removed '/usr/lib/node_modules/node-red/node_modules/@babel/runtime/helpers/checkPrivateRedeclaration.js'
removed '/usr/lib/node_modules/node-red/node_modules/@babel/runtime/helpers/objectSpread2.js'
removed '/usr/lib/node_modules/node-red/node_modules/@babel/runtime/helpers/isNativeReflectConstruct.js'
removed '/usr/lib/node_modules/node-red/node_modules/@babel/runtime/helpers/regenerator.js'
removed '/usr/lib/node_modules/node-red/node_modules/@babel/runtime/helpers/createForOfIteratorHelperLoose.js'
removed '/usr/lib/node_modules/node-red/node_modules/@babel/runtime/helpers/newArrowCheck.js'
removed '/usr/lib/node_modules/node-red/node_modules/@babel/runtime/helpers/nullishReceiverError.js'
removed '/usr/lib/node_modules/node-red/node_modules/@babel/runtime/helpers/classExtractFieldDescriptor.js'
removed '/usr/lib/node_modules/node-red/node_modules/@babel/runtime/helpers/toPropertyKey.js'
removed '/usr/lib/node_modules/node-red/node_modules/@babel/runtime/helpers/construct.js'
removed '/usr/lib/node_modules/node-red/node_modules/@babel/runtime/helpers/inheritsLoose.js'
removed '/usr/lib/node_modules/node-red/node_modules/@babel/runtime/helpers/temporalRef.js'
removed '/usr/lib/node_modules/node-red/node_modules/@babel/runtime/helpers/inherits.js'
removed '/usr/lib/node_modules/node-red/node_modules/@babel/runtime/helpers/classStaticPrivateMethodGet.js'
removed '/usr/lib/node_modules/node-red/node_modules/@babel/runtime/helpers/createClass.js'
removed '/usr/lib/node_modules/node-red/node_modules/@babel/runtime/helpers/applyDecs.js'
removed '/usr/lib/node_modules/node-red/node_modules/@babel/runtime/helpers/isNativeFunction.js'
removed '/usr/lib/node_modules/node-red/node_modules/@babel/runtime/helpers/wrapAsyncGenerator.js'
removed '/usr/lib/node_modules/node-red/node_modules/@babel/runtime/helpers/assertClassBrand.js'
removed '/usr/lib/node_modules/node-red/node_modules/@babel/runtime/helpers/arrayLikeToArray.js'
removed '/usr/lib/node_modules/node-red/node_modules/@babel/runtime/helpers/slicedToArray.js'
removed '/usr/lib/node_modules/node-red/node_modules/@babel/runtime/helpers/regeneratorRuntime.js'
removed '/usr/lib/node_modules/node-red/node_modules/@babel/runtime/helpers/classStaticPrivateFieldSpecSet.js'
removed '/usr/lib/node_modules/node-red/node_modules/@babel/runtime/helpers/writeOnlyError.js'
removed '/usr/lib/node_modules/node-red/node_modules/@babel/runtime/helpers/applyDecoratedDescriptor.js'
removed '/usr/lib/node_modules/node-red/node_modules/@babel/runtime/helpers/toSetter.js'
removed '/usr/lib/node_modules/node-red/node_modules/@babel/runtime/helpers/toPrimitive.js'
removed '/usr/lib/node_modules/node-red/node_modules/@babel/runtime/helpers/initializerDefineProperty.js'
removed '/usr/lib/node_modules/node-red/node_modules/@babel/runtime/helpers/tdz.js'
removed '/usr/lib/node_modules/node-red/node_modules/@babel/runtime/helpers/superPropSet.js'
removed '/usr/lib/node_modules/node-red/node_modules/@babel/runtime/helpers/decorate.js'
removed '/usr/lib/node_modules/node-red/node_modules/@babel/runtime/helpers/classPrivateFieldSet.js'
removed '/usr/lib/node_modules/node-red/node_modules/@babel/runtime/helpers/usingCtx.js'
removed '/usr/lib/node_modules/node-red/node_modules/@babel/runtime/helpers/toArray.js'
removed '/usr/lib/node_modules/node-red/node_modules/@babel/runtime/helpers/OverloadYield.js'
removed '/usr/lib/node_modules/node-red/node_modules/@babel/runtime/helpers/classStaticPrivateMethodSet.js'
removed '/usr/lib/node_modules/node-red/node_modules/@babel/runtime/helpers/objectWithoutProperties.js'
removed '/usr/lib/node_modules/node-red/node_modules/@babel/runtime/helpers/identity.js'
removed '/usr/lib/node_modules/node-red/node_modules/@babel/runtime/helpers/defineAccessor.js'
removed '/usr/lib/node_modules/node-red/node_modules/@babel/runtime/helpers/taggedTemplateLiteral.js'
removed '/usr/lib/node_modules/node-red/node_modules/@babel/runtime/helpers/createForOfIteratorHelper.js'
removed '/usr/lib/node_modules/node-red/node_modules/@babel/runtime/helpers/defineEnumerableProperties.js'
removed '/usr/lib/node_modules/node-red/node_modules/@babel/runtime/helpers/classPrivateMethodGet.js'
removed '/usr/lib/node_modules/node-red/node_modules/@babel/runtime/helpers/wrapNativeSuper.js'
removed '/usr/lib/node_modules/node-red/node_modules/@babel/runtime/helpers/classPrivateMethodInitSpec.js'
removed '/usr/lib/node_modules/node-red/node_modules/@babel/runtime/helpers/arrayWithHoles.js'
removed '/usr/lib/node_modules/node-red/node_modules/@babel/runtime/helpers/initializerWarningHelper.js'
removed '/usr/lib/node_modules/node-red/node_modules/@babel/runtime/helpers/classNameTDZError.js'
removed '/usr/lib/node_modules/node-red/node_modules/@babel/runtime/helpers/toConsumableArray.js'
removed '/usr/lib/node_modules/node-red/node_modules/@babel/runtime/helpers/readOnlyError.js'
removed '/usr/lib/node_modules/node-red/node_modules/@babel/runtime/helpers/esm/checkInRHS.js'
removed '/usr/lib/node_modules/node-red/node_modules/@babel/runtime/helpers/esm/objectDestructuringEmpty.js'
removed '/usr/lib/node_modules/node-red/node_modules/@babel/runtime/helpers/esm/classStaticPrivateFieldDestructureSet.js'
removed '/usr/lib/node_modules/node-red/node_modules/@babel/runtime/helpers/esm/classPrivateSetter.js'
removed '/usr/lib/node_modules/node-red/node_modules/@babel/runtime/helpers/esm/checkPrivateRedeclaration.js'
removed '/usr/lib/node_modules/node-red/node_modules/@babel/runtime/helpers/esm/objectSpread2.js'
removed '/usr/lib/node_modules/node-red/node_modules/@babel/runtime/helpers/esm/isNativeReflectConstruct.js'
removed '/usr/lib/node_modules/node-red/node_modules/@babel/runtime/helpers/esm/regenerator.js'
removed '/usr/lib/node_modules/node-red/node_modules/@babel/runtime/helpers/esm/createForOfIteratorHelperLoose.js'
removed '/usr/lib/node_modules/node-red/node_modules/@babel/runtime/helpers/esm/newArrowCheck.js'
removed '/usr/lib/node_modules/node-red/node_modules/@babel/runtime/helpers/esm/nullishReceiverError.js'
removed '/usr/lib/node_modules/node-red/node_modules/@babel/runtime/helpers/esm/classExtractFieldDescriptor.js'
removed '/usr/lib/node_modules/node-red/node_modules/@babel/runtime/helpers/esm/toPropertyKey.js'
removed '/usr/lib/node_modules/node-red/node_modules/@babel/runtime/helpers/esm/construct.js'
removed '/usr/lib/node_modules/node-red/node_modules/@babel/runtime/helpers/esm/inheritsLoose.js'
removed '/usr/lib/node_modules/node-red/node_modules/@babel/runtime/helpers/esm/temporalRef.js'
removed '/usr/lib/node_modules/node-red/node_modules/@babel/runtime/helpers/esm/inherits.js'
removed '/usr/lib/node_modules/node-red/node_modules/@babel/runtime/helpers/esm/classStaticPrivateMethodGet.js'
removed '/usr/lib/node_modules/node-red/node_modules/@babel/runtime/helpers/esm/createClass.js'
removed '/usr/lib/node_modules/node-red/node_modules/@babel/runtime/helpers/esm/applyDecs.js'
removed '/usr/lib/node_modules/node-red/node_modules/@babel/runtime/helpers/esm/isNativeFunction.js'
removed '/usr/lib/node_modules/node-red/node_modules/@babel/runtime/helpers/esm/wrapAsyncGenerator.js'
removed '/usr/lib/node_modules/node-red/node_modules/@babel/runtime/helpers/esm/assertClassBrand.js'
removed '/usr/lib/node_modules/node-red/node_modules/@babel/runtime/helpers/esm/arrayLikeToArray.js'
removed '/usr/lib/node_modules/node-red/node_modules/@babel/runtime/helpers/esm/slicedToArray.js'
removed '/usr/lib/node_modules/node-red/node_modules/@babel/runtime/helpers/esm/regeneratorRuntime.js'
removed '/usr/lib/node_modules/node-red/node_modules/@babel/runtime/helpers/esm/classStaticPrivateFieldSpecSet.js'
removed '/usr/lib/node_modules/node-red/node_modules/@babel/runtime/helpers/esm/writeOnlyError.js'
removed '/usr/lib/node_modules/node-red/node_modules/@babel/runtime/helpers/esm/package.json'
removed '/usr/lib/node_modules/node-red/node_modules/@babel/runtime/helpers/esm/applyDecoratedDescriptor.js'
removed '/usr/lib/node_modules/node-red/node_modules/@babel/runtime/helpers/esm/toSetter.js'
removed '/usr/lib/node_modules/node-red/node_modules/@babel/runtime/helpers/esm/toPrimitive.js'
removed '/usr/lib/node_modules/node-red/node_modules/@babel/runtime/helpers/esm/initializerDefineProperty.js'
removed '/usr/lib/node_modules/node-red/node_modules/@babel/runtime/helpers/esm/tdz.js'
removed '/usr/lib/node_modules/node-red/node_modules/@babel/runtime/helpers/esm/superPropSet.js'
removed '/usr/lib/node_modules/node-red/node_modules/@babel/runtime/helpers/esm/decorate.js'
removed '/usr/lib/node_modules/node-red/node_modules/@babel/runtime/helpers/esm/classPrivateFieldSet.js'
removed '/usr/lib/node_modules/node-red/node_modules/@babel/runtime/helpers/esm/usingCtx.js'
removed '/usr/lib/node_modules/node-red/node_modules/@babel/runtime/helpers/esm/toArray.js'
removed '/usr/lib/node_modules/node-red/node_modules/@babel/runtime/helpers/esm/OverloadYield.js'
removed '/usr/lib/node_modules/node-red/node_modules/@babel/runtime/helpers/esm/classStaticPrivateMethodSet.js'
removed '/usr/lib/node_modules/node-red/node_modules/@babel/runtime/helpers/esm/objectWithoutProperties.js'
removed '/usr/lib/node_modules/node-red/node_modules/@babel/runtime/helpers/esm/identity.js'
removed '/usr/lib/node_modules/node-red/node_modules/@babel/runtime/helpers/esm/defineAccessor.js'
removed '/usr/lib/node_modules/node-red/node_modules/@babel/runtime/helpers/esm/taggedTemplateLiteral.js'
removed '/usr/lib/node_modules/node-red/node_modules/@babel/runtime/helpers/esm/createForOfIteratorHelper.js'
removed '/usr/lib/node_modules/node-red/node_modules/@babel/runtime/helpers/esm/defineEnumerableProperties.js'
removed '/usr/lib/node_modules/node-red/node_modules/@babel/runtime/helpers/esm/classPrivateMethodGet.js'
removed '/usr/lib/node_modules/node-red/node_modules/@babel/runtime/helpers/esm/wrapNativeSuper.js'
removed '/usr/lib/node_modules/node-red/node_modules/@babel/runtime/helpers/esm/classPrivateMethodInitSpec.js'
removed '/usr/lib/node_modules/node-red/node_modules/@babel/runtime/helpers/esm/arrayWithHoles.js'
removed '/usr/lib/node_modules/node-red/node_modules/@babel/runtime/helpers/esm/initializerWarningHelper.js'
removed '/usr/lib/node_modules/node-red/node_modules/@babel/runtime/helpers/esm/classNameTDZError.js'
removed '/usr/lib/node_modules/node-red/node_modules/@babel/runtime/helpers/esm/toConsumableArray.js'
removed '/usr/lib/node_modules/node-red/node_modules/@babel/runtime/helpers/esm/readOnlyError.js'
removed '/usr/lib/node_modules/node-red/node_modules/@babel/runtime/helpers/esm/classPrivateGetter.js'
removed '/usr/lib/node_modules/node-red/node_modules/@babel/runtime/helpers/esm/classPrivateMethodSet.js'
removed '/usr/lib/node_modules/node-red/node_modules/@babel/runtime/helpers/esm/classPrivateFieldGet2.js'
removed '/usr/lib/node_modules/node-red/node_modules/@babel/runtime/helpers/esm/regeneratorDefine.js'
removed '/usr/lib/node_modules/node-red/node_modules/@babel/runtime/helpers/esm/possibleConstructorReturn.js'
removed '/usr/lib/node_modules/node-red/node_modules/@babel/runtime/helpers/esm/superPropBase.js'
removed '/usr/lib/node_modules/node-red/node_modules/@babel/runtime/helpers/esm/classStaticPrivateFieldSpecGet.js'
removed '/usr/lib/node_modules/node-red/node_modules/@babel/runtime/helpers/esm/assertThisInitialized.js'
removed '/usr/lib/node_modules/node-red/node_modules/@babel/runtime/helpers/esm/jsx.js'
removed '/usr/lib/node_modules/node-red/node_modules/@babel/runtime/helpers/esm/applyDecs2203.js'
removed '/usr/lib/node_modules/node-red/node_modules/@babel/runtime/helpers/esm/applyDecs2203R.js'
removed '/usr/lib/node_modules/node-red/node_modules/@babel/runtime/helpers/esm/classPrivateFieldGet.js'
removed '/usr/lib/node_modules/node-red/node_modules/@babel/runtime/helpers/esm/objectSpread.js'
removed '/usr/lib/node_modules/node-red/node_modules/@babel/runtime/helpers/esm/nonIterableSpread.js'
removed '/usr/lib/node_modules/node-red/node_modules/@babel/runtime/helpers/esm/setPrototypeOf.js'
removed '/usr/lib/node_modules/node-red/node_modules/@babel/runtime/helpers/esm/defineProperty.js'
removed '/usr/lib/node_modules/node-red/node_modules/@babel/runtime/helpers/esm/getPrototypeOf.js'
removed '/usr/lib/node_modules/node-red/node_modules/@babel/runtime/helpers/esm/classApplyDescriptorSet.js'
removed '/usr/lib/node_modules/node-red/node_modules/@babel/runtime/helpers/esm/maybeArrayLike.js'
removed '/usr/lib/node_modules/node-red/node_modules/@babel/runtime/helpers/esm/unsupportedIterableToArray.js'
removed '/usr/lib/node_modules/node-red/node_modules/@babel/runtime/helpers/esm/classCheckPrivateStaticAccess.js'
removed '/usr/lib/node_modules/node-red/node_modules/@babel/runtime/helpers/esm/applyDecs2311.js'
removed '/usr/lib/node_modules/node-red/node_modules/@babel/runtime/helpers/esm/awaitAsyncGenerator.js'
removed '/usr/lib/node_modules/node-red/node_modules/@babel/runtime/helpers/esm/defaults.js'
removed '/usr/lib/node_modules/node-red/node_modules/@babel/runtime/helpers/esm/objectWithoutPropertiesLoose.js'
removed '/usr/lib/node_modules/node-red/node_modules/@babel/runtime/helpers/esm/classPrivateFieldDestructureSet.js'
removed '/usr/lib/node_modules/node-red/node_modules/@babel/runtime/helpers/esm/applyDecs2305.js'
removed '/usr/lib/node_modules/node-red/node_modules/@babel/runtime/helpers/esm/classApplyDescriptorGet.js'
removed '/usr/lib/node_modules/node-red/node_modules/@babel/runtime/helpers/esm/nonIterableRest.js'
removed '/usr/lib/node_modules/node-red/node_modules/@babel/runtime/helpers/esm/dispose.js'
removed '/usr/lib/node_modules/node-red/node_modules/@babel/runtime/helpers/esm/arrayWithoutHoles.js'
removed '/usr/lib/node_modules/node-red/node_modules/@babel/runtime/helpers/esm/createSuper.js'
removed '/usr/lib/node_modules/node-red/node_modules/@babel/runtime/helpers/esm/iterableToArrayLimit.js'
removed '/usr/lib/node_modules/node-red/node_modules/@babel/runtime/helpers/esm/setFunctionName.js'
removed '/usr/lib/node_modules/node-red/node_modules/@babel/runtime/helpers/esm/interopRequireWildcard.js'
removed '/usr/lib/node_modules/node-red/node_modules/@babel/runtime/helpers/esm/iterableToArray.js'
removed '/usr/lib/node_modules/node-red/node_modules/@babel/runtime/helpers/esm/classCheckPrivateStaticFieldDescriptor.js'
removed '/usr/lib/node_modules/node-red/node_modules/@babel/runtime/helpers/esm/regeneratorAsync.js'
removed '/usr/lib/node_modules/node-red/node_modules/@babel/runtime/helpers/esm/skipFirstGeneratorNext.js'
removed '/usr/lib/node_modules/node-red/node_modules/@babel/runtime/helpers/esm/classCallCheck.js'
removed '/usr/lib/node_modules/node-red/node_modules/@babel/runtime/helpers/esm/regeneratorKeys.js'
removed '/usr/lib/node_modules/node-red/node_modules/@babel/runtime/helpers/esm/taggedTemplateLiteralLoose.js'
removed '/usr/lib/node_modules/node-red/node_modules/@babel/runtime/helpers/esm/wrapRegExp.js'
removed '/usr/lib/node_modules/node-red/node_modules/@babel/runtime/helpers/esm/importDeferProxy.js'
removed '/usr/lib/node_modules/node-red/node_modules/@babel/runtime/helpers/esm/tsRewriteRelativeImportExtensions.js'
removed '/usr/lib/node_modules/node-red/node_modules/@babel/runtime/helpers/esm/classPrivateFieldSet2.js'
removed '/usr/lib/node_modules/node-red/node_modules/@babel/runtime/helpers/esm/classPrivateFieldInitSpec.js'
removed '/usr/lib/node_modules/node-red/node_modules/@babel/runtime/helpers/esm/callSuper.js'
removed '/usr/lib/node_modules/node-red/node_modules/@babel/runtime/helpers/esm/interopRequireDefault.js'
removed '/usr/lib/node_modules/node-red/node_modules/@babel/runtime/helpers/esm/get.js'
removed '/usr/lib/node_modules/node-red/node_modules/@babel/runtime/helpers/esm/asyncIterator.js'
removed '/usr/lib/node_modules/node-red/node_modules/@babel/runtime/helpers/esm/superPropGet.js'
removed '/usr/lib/node_modules/node-red/node_modules/@babel/runtime/helpers/esm/regeneratorAsyncGen.js'
removed '/usr/lib/node_modules/node-red/node_modules/@babel/runtime/helpers/esm/classApplyDescriptorDestructureSet.js'
removed '/usr/lib/node_modules/node-red/node_modules/@babel/runtime/helpers/esm/asyncToGenerator.js'
removed '/usr/lib/node_modules/node-red/node_modules/@babel/runtime/helpers/esm/asyncGeneratorDelegate.js'
removed '/usr/lib/node_modules/node-red/node_modules/@babel/runtime/helpers/esm/instanceof.js'
removed '/usr/lib/node_modules/node-red/node_modules/@babel/runtime/helpers/esm/AwaitValue.js'
removed '/usr/lib/node_modules/node-red/node_modules/@babel/runtime/helpers/esm/classPrivateFieldLooseBase.js'
removed '/usr/lib/node_modules/node-red/node_modules/@babel/runtime/helpers/esm/classPrivateFieldLooseKey.js'
removed '/usr/lib/node_modules/node-red/node_modules/@babel/runtime/helpers/esm/set.js'
removed '/usr/lib/node_modules/node-red/node_modules/@babel/runtime/helpers/esm/temporalUndefined.js'
removed '/usr/lib/node_modules/node-red/node_modules/@babel/runtime/helpers/esm/typeof.js'
removed '/usr/lib/node_modules/node-red/node_modules/@babel/runtime/helpers/esm/extends.js'
removed '/usr/lib/node_modules/node-red/node_modules/@babel/runtime/helpers/esm/using.js'
removed '/usr/lib/node_modules/node-red/node_modules/@babel/runtime/helpers/esm/applyDecs2301.js'
removed '/usr/lib/node_modules/node-red/node_modules/@babel/runtime/helpers/esm/regeneratorValues.js'
removed '/usr/lib/node_modules/node-red/node_modules/@babel/runtime/helpers/esm/regeneratorAsyncIterator.js'
removed directory '/usr/lib/node_modules/node-red/node_modules/@babel/runtime/helpers/esm'
removed '/usr/lib/node_modules/node-red/node_modules/@babel/runtime/helpers/classPrivateGetter.js'
removed '/usr/lib/node_modules/node-red/node_modules/@babel/runtime/helpers/classPrivateMethodSet.js'
removed '/usr/lib/node_modules/node-red/node_modules/@babel/runtime/helpers/classPrivateFieldGet2.js'
removed '/usr/lib/node_modules/node-red/node_modules/@babel/runtime/helpers/regeneratorDefine.js'
removed '/usr/lib/node_modules/node-red/node_modules/@babel/runtime/helpers/possibleConstructorReturn.js'
removed '/usr/lib/node_modules/node-red/node_modules/@babel/runtime/helpers/superPropBase.js'
removed '/usr/lib/node_modules/node-red/node_modules/@babel/runtime/helpers/classStaticPrivateFieldSpecGet.js'
removed '/usr/lib/node_modules/node-red/node_modules/@babel/runtime/helpers/assertThisInitialized.js'
removed '/usr/lib/node_modules/node-red/node_modules/@babel/runtime/helpers/jsx.js'
removed '/usr/lib/node_modules/node-red/node_modules/@babel/runtime/helpers/applyDecs2203.js'
removed '/usr/lib/node_modules/node-red/node_modules/@babel/runtime/helpers/applyDecs2203R.js'
removed '/usr/lib/node_modules/node-red/node_modules/@babel/runtime/helpers/classPrivateFieldGet.js'
removed '/usr/lib/node_modules/node-red/node_modules/@babel/runtime/helpers/objectSpread.js'
removed '/usr/lib/node_modules/node-red/node_modules/@babel/runtime/helpers/nonIterableSpread.js'
removed '/usr/lib/node_modules/node-red/node_modules/@babel/runtime/helpers/setPrototypeOf.js'
removed '/usr/lib/node_modules/node-red/node_modules/@babel/runtime/helpers/defineProperty.js'
removed '/usr/lib/node_modules/node-red/node_modules/@babel/runtime/helpers/getPrototypeOf.js'
removed '/usr/lib/node_modules/node-red/node_modules/@babel/runtime/helpers/classApplyDescriptorSet.js'
removed '/usr/lib/node_modules/node-red/node_modules/@babel/runtime/helpers/maybeArrayLike.js'
removed '/usr/lib/node_modules/node-red/node_modules/@babel/runtime/helpers/unsupportedIterableToArray.js'
removed '/usr/lib/node_modules/node-red/node_modules/@babel/runtime/helpers/classCheckPrivateStaticAccess.js'
removed '/usr/lib/node_modules/node-red/node_modules/@babel/runtime/helpers/applyDecs2311.js'
removed '/usr/lib/node_modules/node-red/node_modules/@babel/runtime/helpers/awaitAsyncGenerator.js'
removed '/usr/lib/node_modules/node-red/node_modules/@babel/runtime/helpers/defaults.js'
removed '/usr/lib/node_modules/node-red/node_modules/@babel/runtime/helpers/objectWithoutPropertiesLoose.js'
removed '/usr/lib/node_modules/node-red/node_modules/@babel/runtime/helpers/classPrivateFieldDestructureSet.js'
removed '/usr/lib/node_modules/node-red/node_modules/@babel/runtime/helpers/applyDecs2305.js'
removed '/usr/lib/node_modules/node-red/node_modules/@babel/runtime/helpers/classApplyDescriptorGet.js'
removed '/usr/lib/node_modules/node-red/node_modules/@babel/runtime/helpers/nonIterableRest.js'
removed '/usr/lib/node_modules/node-red/node_modules/@babel/runtime/helpers/dispose.js'
removed '/usr/lib/node_modules/node-red/node_modules/@babel/runtime/helpers/arrayWithoutHoles.js'
removed '/usr/lib/node_modules/node-red/node_modules/@babel/runtime/helpers/createSuper.js'
removed '/usr/lib/node_modules/node-red/node_modules/@babel/runtime/helpers/iterableToArrayLimit.js'
removed '/usr/lib/node_modules/node-red/node_modules/@babel/runtime/helpers/setFunctionName.js'
removed '/usr/lib/node_modules/node-red/node_modules/@babel/runtime/helpers/interopRequireWildcard.js'
removed '/usr/lib/node_modules/node-red/node_modules/@babel/runtime/helpers/iterableToArray.js'
removed '/usr/lib/node_modules/node-red/node_modules/@babel/runtime/helpers/classCheckPrivateStaticFieldDescriptor.js'
removed '/usr/lib/node_modules/node-red/node_modules/@babel/runtime/helpers/regeneratorAsync.js'
removed '/usr/lib/node_modules/node-red/node_modules/@babel/runtime/helpers/skipFirstGeneratorNext.js'
removed '/usr/lib/node_modules/node-red/node_modules/@babel/runtime/helpers/classCallCheck.js'
removed '/usr/lib/node_modules/node-red/node_modules/@babel/runtime/helpers/regeneratorKeys.js'
removed '/usr/lib/node_modules/node-red/node_modules/@babel/runtime/helpers/taggedTemplateLiteralLoose.js'
removed '/usr/lib/node_modules/node-red/node_modules/@babel/runtime/helpers/wrapRegExp.js'
removed '/usr/lib/node_modules/node-red/node_modules/@babel/runtime/helpers/importDeferProxy.js'
removed '/usr/lib/node_modules/node-red/node_modules/@babel/runtime/helpers/tsRewriteRelativeImportExtensions.js'
removed '/usr/lib/node_modules/node-red/node_modules/@babel/runtime/helpers/classPrivateFieldSet2.js'
removed '/usr/lib/node_modules/node-red/node_modules/@babel/runtime/helpers/classPrivateFieldInitSpec.js'
removed '/usr/lib/node_modules/node-red/node_modules/@babel/runtime/helpers/callSuper.js'
removed '/usr/lib/node_modules/node-red/node_modules/@babel/runtime/helpers/interopRequireDefault.js'
removed '/usr/lib/node_modules/node-red/node_modules/@babel/runtime/helpers/get.js'
removed '/usr/lib/node_modules/node-red/node_modules/@babel/runtime/helpers/asyncIterator.js'
removed '/usr/lib/node_modules/node-red/node_modules/@babel/runtime/helpers/superPropGet.js'
removed '/usr/lib/node_modules/node-red/node_modules/@babel/runtime/helpers/regeneratorAsyncGen.js'
removed '/usr/lib/node_modules/node-red/node_modules/@babel/runtime/helpers/classApplyDescriptorDestructureSet.js'
removed '/usr/lib/node_modules/node-red/node_modules/@babel/runtime/helpers/asyncToGenerator.js'
removed '/usr/lib/node_modules/node-red/node_modules/@babel/runtime/helpers/asyncGeneratorDelegate.js'
removed '/usr/lib/node_modules/node-red/node_modules/@babel/runtime/helpers/instanceof.js'
removed '/usr/lib/node_modules/node-red/node_modules/@babel/runtime/helpers/AwaitValue.js'
removed '/usr/lib/node_modules/node-red/node_modules/@babel/runtime/helpers/classPrivateFieldLooseBase.js'
removed '/usr/lib/node_modules/node-red/node_modules/@babel/runtime/helpers/classPrivateFieldLooseKey.js'
removed '/usr/lib/node_modules/node-red/node_modules/@babel/runtime/helpers/set.js'
removed '/usr/lib/node_modules/node-red/node_modules/@babel/runtime/helpers/temporalUndefined.js'
removed '/usr/lib/node_modules/node-red/node_modules/@babel/runtime/helpers/typeof.js'
removed '/usr/lib/node_modules/node-red/node_modules/@babel/runtime/helpers/extends.js'
removed '/usr/lib/node_modules/node-red/node_modules/@babel/runtime/helpers/using.js'
removed '/usr/lib/node_modules/node-red/node_modules/@babel/runtime/helpers/applyDecs2301.js'
removed '/usr/lib/node_modules/node-red/node_modules/@babel/runtime/helpers/regeneratorValues.js'
removed '/usr/lib/node_modules/node-red/node_modules/@babel/runtime/helpers/regeneratorAsyncIterator.js'
removed directory '/usr/lib/node_modules/node-red/node_modules/@babel/runtime/helpers'
removed '/usr/lib/node_modules/node-red/node_modules/@babel/runtime/README.md'
removed '/usr/lib/node_modules/node-red/node_modules/@babel/runtime/regenerator/index.js'
removed directory '/usr/lib/node_modules/node-red/node_modules/@babel/runtime/regenerator'
removed '/usr/lib/node_modules/node-red/node_modules/@babel/runtime/LICENSE'
removed directory '/usr/lib/node_modules/node-red/node_modules/@babel/runtime'
removed directory '/usr/lib/node_modules/node-red/node_modules/@babel'
removed '/usr/lib/node_modules/node-red/node_modules/side-channel-list/tsconfig.json'
removed '/usr/lib/node_modules/node-red/node_modules/side-channel-list/list.d.ts'
removed '/usr/lib/node_modules/node-red/node_modules/side-channel-list/package.json'
removed '/usr/lib/node_modules/node-red/node_modules/side-channel-list/test/index.js'
removed directory '/usr/lib/node_modules/node-red/node_modules/side-channel-list/test'
removed '/usr/lib/node_modules/node-red/node_modules/side-channel-list/index.js'
removed '/usr/lib/node_modules/node-red/node_modules/side-channel-list/README.md'
removed '/usr/lib/node_modules/node-red/node_modules/side-channel-list/.eslintrc'
removed '/usr/lib/node_modules/node-red/node_modules/side-channel-list/.github/FUNDING.yml'
removed directory '/usr/lib/node_modules/node-red/node_modules/side-channel-list/.github'
removed '/usr/lib/node_modules/node-red/node_modules/side-channel-list/.editorconfig'
removed '/usr/lib/node_modules/node-red/node_modules/side-channel-list/CHANGELOG.md'
removed '/usr/lib/node_modules/node-red/node_modules/side-channel-list/index.d.ts'
removed '/usr/lib/node_modules/node-red/node_modules/side-channel-list/LICENSE'
removed '/usr/lib/node_modules/node-red/node_modules/side-channel-list/.nycrc'
removed directory '/usr/lib/node_modules/node-red/node_modules/side-channel-list'
removed '/usr/lib/node_modules/node-red/node_modules/resolve-alpn/package.json'
removed '/usr/lib/node_modules/node-red/node_modules/resolve-alpn/index.js'
removed '/usr/lib/node_modules/node-red/node_modules/resolve-alpn/README.md'
removed '/usr/lib/node_modules/node-red/node_modules/resolve-alpn/LICENSE'
removed directory '/usr/lib/node_modules/node-red/node_modules/resolve-alpn'
removed '/usr/lib/node_modules/node-red/node_modules/methods/package.json'
removed '/usr/lib/node_modules/node-red/node_modules/methods/HISTORY.md'
removed '/usr/lib/node_modules/node-red/node_modules/methods/index.js'
removed '/usr/lib/node_modules/node-red/node_modules/methods/README.md'
removed '/usr/lib/node_modules/node-red/node_modules/methods/LICENSE'
removed directory '/usr/lib/node_modules/node-red/node_modules/methods'
removed '/usr/lib/node_modules/node-red/node_modules/send/package.json'
removed '/usr/lib/node_modules/node-red/node_modules/send/HISTORY.md'
removed '/usr/lib/node_modules/node-red/node_modules/send/index.js'
removed '/usr/lib/node_modules/node-red/node_modules/send/README.md'
removed '/usr/lib/node_modules/node-red/node_modules/send/node_modules/mime/package.json'
removed '/usr/lib/node_modules/node-red/node_modules/send/node_modules/mime/types.json'
removed '/usr/lib/node_modules/node-red/node_modules/send/node_modules/mime/cli.js'
removed '/usr/lib/node_modules/node-red/node_modules/send/node_modules/mime/.npmignore'
removed '/usr/lib/node_modules/node-red/node_modules/send/node_modules/mime/README.md'
removed '/usr/lib/node_modules/node-red/node_modules/send/node_modules/mime/mime.js'
removed '/usr/lib/node_modules/node-red/node_modules/send/node_modules/mime/CHANGELOG.md'
removed '/usr/lib/node_modules/node-red/node_modules/send/node_modules/mime/src/build.js'
removed '/usr/lib/node_modules/node-red/node_modules/send/node_modules/mime/src/test.js'
removed directory '/usr/lib/node_modules/node-red/node_modules/send/node_modules/mime/src'
removed '/usr/lib/node_modules/node-red/node_modules/send/node_modules/mime/LICENSE'
removed directory '/usr/lib/node_modules/node-red/node_modules/send/node_modules/mime'
removed '/usr/lib/node_modules/node-red/node_modules/send/node_modules/encodeurl/package.json'
removed '/usr/lib/node_modules/node-red/node_modules/send/node_modules/encodeurl/HISTORY.md'
removed '/usr/lib/node_modules/node-red/node_modules/send/node_modules/encodeurl/index.js'
removed '/usr/lib/node_modules/node-red/node_modules/send/node_modules/encodeurl/README.md'
removed '/usr/lib/node_modules/node-red/node_modules/send/node_modules/encodeurl/LICENSE'
removed directory '/usr/lib/node_modules/node-red/node_modules/send/node_modules/encodeurl'
removed '/usr/lib/node_modules/node-red/node_modules/send/node_modules/.bin/mime'
removed directory '/usr/lib/node_modules/node-red/node_modules/send/node_modules/.bin'
removed '/usr/lib/node_modules/node-red/node_modules/send/node_modules/ms/readme.md'
removed '/usr/lib/node_modules/node-red/node_modules/send/node_modules/ms/package.json'
removed '/usr/lib/node_modules/node-red/node_modules/send/node_modules/ms/index.js'
removed '/usr/lib/node_modules/node-red/node_modules/send/node_modules/ms/license.md'
removed directory '/usr/lib/node_modules/node-red/node_modules/send/node_modules/ms'
removed directory '/usr/lib/node_modules/node-red/node_modules/send/node_modules'
removed '/usr/lib/node_modules/node-red/node_modules/send/SECURITY.md'
removed '/usr/lib/node_modules/node-red/node_modules/send/LICENSE'
removed directory '/usr/lib/node_modules/node-red/node_modules/send'
removed '/usr/lib/node_modules/node-red/node_modules/xml2js/package.json'
removed '/usr/lib/node_modules/node-red/node_modules/xml2js/README.md'
removed '/usr/lib/node_modules/node-red/node_modules/xml2js/lib/parser.js'
removed '/usr/lib/node_modules/node-red/node_modules/xml2js/lib/builder.js'
removed '/usr/lib/node_modules/node-red/node_modules/xml2js/lib/xml2js.js'
removed '/usr/lib/node_modules/node-red/node_modules/xml2js/lib/defaults.js'
removed '/usr/lib/node_modules/node-red/node_modules/xml2js/lib/xml2js.bc.js'
removed '/usr/lib/node_modules/node-red/node_modules/xml2js/lib/bom.js'
removed '/usr/lib/node_modules/node-red/node_modules/xml2js/lib/processors.js'
removed directory '/usr/lib/node_modules/node-red/node_modules/xml2js/lib'
removed '/usr/lib/node_modules/node-red/node_modules/xml2js/LICENSE'
removed directory '/usr/lib/node_modules/node-red/node_modules/xml2js'
removed '/usr/lib/node_modules/node-red/node_modules/call-bind-apply-helpers/tsconfig.json'
removed '/usr/lib/node_modules/node-red/node_modules/call-bind-apply-helpers/package.json'
removed '/usr/lib/node_modules/node-red/node_modules/call-bind-apply-helpers/test/index.js'
removed directory '/usr/lib/node_modules/node-red/node_modules/call-bind-apply-helpers/test'
removed '/usr/lib/node_modules/node-red/node_modules/call-bind-apply-helpers/index.js'
removed '/usr/lib/node_modules/node-red/node_modules/call-bind-apply-helpers/applyBind.js'
removed '/usr/lib/node_modules/node-red/node_modules/call-bind-apply-helpers/README.md'
removed '/usr/lib/node_modules/node-red/node_modules/call-bind-apply-helpers/.eslintrc'
removed '/usr/lib/node_modules/node-red/node_modules/call-bind-apply-helpers/functionApply.d.ts'
removed '/usr/lib/node_modules/node-red/node_modules/call-bind-apply-helpers/.github/FUNDING.yml'
removed directory '/usr/lib/node_modules/node-red/node_modules/call-bind-apply-helpers/.github'
removed '/usr/lib/node_modules/node-red/node_modules/call-bind-apply-helpers/actualApply.js'
removed '/usr/lib/node_modules/node-red/node_modules/call-bind-apply-helpers/reflectApply.js'
removed '/usr/lib/node_modules/node-red/node_modules/call-bind-apply-helpers/CHANGELOG.md'
removed '/usr/lib/node_modules/node-red/node_modules/call-bind-apply-helpers/actualApply.d.ts'
removed '/usr/lib/node_modules/node-red/node_modules/call-bind-apply-helpers/functionCall.js'
removed '/usr/lib/node_modules/node-red/node_modules/call-bind-apply-helpers/functionCall.d.ts'
removed '/usr/lib/node_modules/node-red/node_modules/call-bind-apply-helpers/applyBind.d.ts'
removed '/usr/lib/node_modules/node-red/node_modules/call-bind-apply-helpers/reflectApply.d.ts'
removed '/usr/lib/node_modules/node-red/node_modules/call-bind-apply-helpers/index.d.ts'
removed '/usr/lib/node_modules/node-red/node_modules/call-bind-apply-helpers/functionApply.js'
removed '/usr/lib/node_modules/node-red/node_modules/call-bind-apply-helpers/LICENSE'
removed '/usr/lib/node_modules/node-red/node_modules/call-bind-apply-helpers/.nycrc'
removed directory '/usr/lib/node_modules/node-red/node_modules/call-bind-apply-helpers'
removed '/usr/lib/node_modules/node-red/node_modules/@sindresorhus/is/readme.md'
removed '/usr/lib/node_modules/node-red/node_modules/@sindresorhus/is/package.json'
removed '/usr/lib/node_modules/node-red/node_modules/@sindresorhus/is/license'
removed '/usr/lib/node_modules/node-red/node_modules/@sindresorhus/is/dist/index.js'
removed '/usr/lib/node_modules/node-red/node_modules/@sindresorhus/is/dist/types.d.ts'
removed '/usr/lib/node_modules/node-red/node_modules/@sindresorhus/is/dist/types.js'
removed '/usr/lib/node_modules/node-red/node_modules/@sindresorhus/is/dist/index.d.ts'
removed directory '/usr/lib/node_modules/node-red/node_modules/@sindresorhus/is/dist'
removed directory '/usr/lib/node_modules/node-red/node_modules/@sindresorhus/is'
removed directory '/usr/lib/node_modules/node-red/node_modules/@sindresorhus'
removed '/usr/lib/node_modules/node-red/node_modules/on-headers/package.json'
removed '/usr/lib/node_modules/node-red/node_modules/on-headers/HISTORY.md'
removed '/usr/lib/node_modules/node-red/node_modules/on-headers/index.js'
removed '/usr/lib/node_modules/node-red/node_modules/on-headers/README.md'
removed '/usr/lib/node_modules/node-red/node_modules/on-headers/LICENSE'
removed directory '/usr/lib/node_modules/node-red/node_modules/on-headers'
removed '/usr/lib/node_modules/node-red/node_modules/content-disposition/package.json'
removed '/usr/lib/node_modules/node-red/node_modules/content-disposition/HISTORY.md'
removed '/usr/lib/node_modules/node-red/node_modules/content-disposition/index.js'
removed '/usr/lib/node_modules/node-red/node_modules/content-disposition/README.md'
removed '/usr/lib/node_modules/node-red/node_modules/content-disposition/node_modules/safe-buffer/package.json'
removed '/usr/lib/node_modules/node-red/node_modules/content-disposition/node_modules/safe-buffer/index.js'
removed '/usr/lib/node_modules/node-red/node_modules/content-disposition/node_modules/safe-buffer/README.md'
removed '/usr/lib/node_modules/node-red/node_modules/content-disposition/node_modules/safe-buffer/index.d.ts'
removed '/usr/lib/node_modules/node-red/node_modules/content-disposition/node_modules/safe-buffer/LICENSE'
removed directory '/usr/lib/node_modules/node-red/node_modules/content-disposition/node_modules/safe-buffer'
removed directory '/usr/lib/node_modules/node-red/node_modules/content-disposition/node_modules'
removed '/usr/lib/node_modules/node-red/node_modules/content-disposition/LICENSE'
removed directory '/usr/lib/node_modules/node-red/node_modules/content-disposition'
removed '/usr/lib/node_modules/node-red/node_modules/string_decoder/package.json'
removed '/usr/lib/node_modules/node-red/node_modules/string_decoder/README.md'
removed '/usr/lib/node_modules/node-red/node_modules/string_decoder/node_modules/safe-buffer/package.json'
removed '/usr/lib/node_modules/node-red/node_modules/string_decoder/node_modules/safe-buffer/index.js'
removed '/usr/lib/node_modules/node-red/node_modules/string_decoder/node_modules/safe-buffer/README.md'
removed '/usr/lib/node_modules/node-red/node_modules/string_decoder/node_modules/safe-buffer/index.d.ts'
removed '/usr/lib/node_modules/node-red/node_modules/string_decoder/node_modules/safe-buffer/LICENSE'
removed directory '/usr/lib/node_modules/node-red/node_modules/string_decoder/node_modules/safe-buffer'
removed directory '/usr/lib/node_modules/node-red/node_modules/string_decoder/node_modules'
removed '/usr/lib/node_modules/node-red/node_modules/string_decoder/lib/string_decoder.js'
removed directory '/usr/lib/node_modules/node-red/node_modules/string_decoder/lib'
removed '/usr/lib/node_modules/node-red/node_modules/string_decoder/LICENSE'
removed directory '/usr/lib/node_modules/node-red/node_modules/string_decoder'
removed '/usr/lib/node_modules/node-red/node_modules/multer/package.json'
removed '/usr/lib/node_modules/node-red/node_modules/multer/index.js'
removed '/usr/lib/node_modules/node-red/node_modules/multer/storage/disk.js'
removed '/usr/lib/node_modules/node-red/node_modules/multer/storage/memory.js'
removed directory '/usr/lib/node_modules/node-red/node_modules/multer/storage'
removed '/usr/lib/node_modules/node-red/node_modules/multer/README.md'
removed '/usr/lib/node_modules/node-red/node_modules/multer/lib/remove-uploaded-files.js'
removed '/usr/lib/node_modules/node-red/node_modules/multer/lib/make-middleware.js'
removed '/usr/lib/node_modules/node-red/node_modules/multer/lib/multer-error.js'
removed '/usr/lib/node_modules/node-red/node_modules/multer/lib/counter.js'
removed '/usr/lib/node_modules/node-red/node_modules/multer/lib/file-appender.js'
removed directory '/usr/lib/node_modules/node-red/node_modules/multer/lib'
removed '/usr/lib/node_modules/node-red/node_modules/multer/LICENSE'
removed directory '/usr/lib/node_modules/node-red/node_modules/multer'
removed '/usr/lib/node_modules/node-red/node_modules/math-intrinsics/tsconfig.json'
removed '/usr/lib/node_modules/node-red/node_modules/math-intrinsics/sign.js'
removed '/usr/lib/node_modules/node-red/node_modules/math-intrinsics/isFinite.js'
removed '/usr/lib/node_modules/node-red/node_modules/math-intrinsics/floor.js'
removed '/usr/lib/node_modules/node-red/node_modules/math-intrinsics/package.json'
removed '/usr/lib/node_modules/node-red/node_modules/math-intrinsics/abs.js'
removed '/usr/lib/node_modules/node-red/node_modules/math-intrinsics/test/index.js'
removed directory '/usr/lib/node_modules/node-red/node_modules/math-intrinsics/test'
removed '/usr/lib/node_modules/node-red/node_modules/math-intrinsics/isInteger.js'
removed '/usr/lib/node_modules/node-red/node_modules/math-intrinsics/isNaN.d.ts'
removed '/usr/lib/node_modules/node-red/node_modules/math-intrinsics/constants/maxSafeInteger.d.ts'
removed '/usr/lib/node_modules/node-red/node_modules/math-intrinsics/constants/maxArrayLength.d.ts'
removed '/usr/lib/node_modules/node-red/node_modules/math-intrinsics/constants/maxValue.d.ts'
removed '/usr/lib/node_modules/node-red/node_modules/math-intrinsics/constants/maxSafeInteger.js'
removed '/usr/lib/node_modules/node-red/node_modules/math-intrinsics/constants/maxArrayLength.js'
removed '/usr/lib/node_modules/node-red/node_modules/math-intrinsics/constants/maxValue.js'
removed directory '/usr/lib/node_modules/node-red/node_modules/math-intrinsics/constants'
removed '/usr/lib/node_modules/node-red/node_modules/math-intrinsics/pow.d.ts'
removed '/usr/lib/node_modules/node-red/node_modules/math-intrinsics/isNegativeZero.js'
removed '/usr/lib/node_modules/node-red/node_modules/math-intrinsics/abs.d.ts'
removed '/usr/lib/node_modules/node-red/node_modules/math-intrinsics/pow.js'
removed '/usr/lib/node_modules/node-red/node_modules/math-intrinsics/min.d.ts'
removed '/usr/lib/node_modules/node-red/node_modules/math-intrinsics/README.md'
removed '/usr/lib/node_modules/node-red/node_modules/math-intrinsics/.eslintrc'
removed '/usr/lib/node_modules/node-red/node_modules/math-intrinsics/.github/FUNDING.yml'
removed directory '/usr/lib/node_modules/node-red/node_modules/math-intrinsics/.github'
removed '/usr/lib/node_modules/node-red/node_modules/math-intrinsics/isNaN.js'
removed '/usr/lib/node_modules/node-red/node_modules/math-intrinsics/floor.d.ts'
removed '/usr/lib/node_modules/node-red/node_modules/math-intrinsics/min.js'
removed '/usr/lib/node_modules/node-red/node_modules/math-intrinsics/CHANGELOG.md'
removed '/usr/lib/node_modules/node-red/node_modules/math-intrinsics/mod.js'
removed '/usr/lib/node_modules/node-red/node_modules/math-intrinsics/max.js'
removed '/usr/lib/node_modules/node-red/node_modules/math-intrinsics/max.d.ts'
removed '/usr/lib/node_modules/node-red/node_modules/math-intrinsics/round.d.ts'
removed '/usr/lib/node_modules/node-red/node_modules/math-intrinsics/isInteger.d.ts'
removed '/usr/lib/node_modules/node-red/node_modules/math-intrinsics/round.js'
removed '/usr/lib/node_modules/node-red/node_modules/math-intrinsics/isFinite.d.ts'
removed '/usr/lib/node_modules/node-red/node_modules/math-intrinsics/isNegativeZero.d.ts'
removed '/usr/lib/node_modules/node-red/node_modules/math-intrinsics/sign.d.ts'
removed '/usr/lib/node_modules/node-red/node_modules/math-intrinsics/LICENSE'
removed '/usr/lib/node_modules/node-red/node_modules/math-intrinsics/mod.d.ts'
removed directory '/usr/lib/node_modules/node-red/node_modules/math-intrinsics'
removed '/usr/lib/node_modules/node-red/node_modules/hash-sum/changelog.markdown'
removed '/usr/lib/node_modules/node-red/node_modules/hash-sum/readme.md'
removed '/usr/lib/node_modules/node-red/node_modules/hash-sum/package.json'
removed '/usr/lib/node_modules/node-red/node_modules/hash-sum/license'
removed '/usr/lib/node_modules/node-red/node_modules/hash-sum/.jshintignore'
removed '/usr/lib/node_modules/node-red/node_modules/hash-sum/hash-sum.js'
removed '/usr/lib/node_modules/node-red/node_modules/hash-sum/test.js'
removed '/usr/lib/node_modules/node-red/node_modules/hash-sum/.editorconfig'
removed '/usr/lib/node_modules/node-red/node_modules/hash-sum/.jshintrc'
removed directory '/usr/lib/node_modules/node-red/node_modules/hash-sum'
removed '/usr/lib/node_modules/node-red/node_modules/mkdirp/package.json'
removed '/usr/lib/node_modules/node-red/node_modules/mkdirp/index.js'
removed '/usr/lib/node_modules/node-red/node_modules/mkdirp/bin/usage.txt'
removed '/usr/lib/node_modules/node-red/node_modules/mkdirp/bin/cmd.js'
removed directory '/usr/lib/node_modules/node-red/node_modules/mkdirp/bin'
removed '/usr/lib/node_modules/node-red/node_modules/mkdirp/readme.markdown'
removed '/usr/lib/node_modules/node-red/node_modules/mkdirp/LICENSE'
removed directory '/usr/lib/node_modules/node-red/node_modules/mkdirp'
removed '/usr/lib/node_modules/node-red/node_modules/uuid/package.json'
removed '/usr/lib/node_modules/node-red/node_modules/uuid/dist/v5.js'
removed '/usr/lib/node_modules/node-red/node_modules/uuid/dist/validate.js'
removed '/usr/lib/node_modules/node-red/node_modules/uuid/dist/nil.js'
removed '/usr/lib/node_modules/node-red/node_modules/uuid/dist/uuid-bin.js'
removed '/usr/lib/node_modules/node-red/node_modules/uuid/dist/native-browser.js'
removed '/usr/lib/node_modules/node-red/node_modules/uuid/dist/index.js'
removed '/usr/lib/node_modules/node-red/node_modules/uuid/dist/regex.js'
removed '/usr/lib/node_modules/node-red/node_modules/uuid/dist/rng.js'
removed '/usr/lib/node_modules/node-red/node_modules/uuid/dist/esm-node/v5.js'
removed '/usr/lib/node_modules/node-red/node_modules/uuid/dist/esm-node/validate.js'
removed '/usr/lib/node_modules/node-red/node_modules/uuid/dist/esm-node/nil.js'
removed '/usr/lib/node_modules/node-red/node_modules/uuid/dist/esm-node/index.js'
removed '/usr/lib/node_modules/node-red/node_modules/uuid/dist/esm-node/regex.js'
removed '/usr/lib/node_modules/node-red/node_modules/uuid/dist/esm-node/rng.js'
removed '/usr/lib/node_modules/node-red/node_modules/uuid/dist/esm-node/v3.js'
removed '/usr/lib/node_modules/node-red/node_modules/uuid/dist/esm-node/version.js'
removed '/usr/lib/node_modules/node-red/node_modules/uuid/dist/esm-node/parse.js'
removed '/usr/lib/node_modules/node-red/node_modules/uuid/dist/esm-node/v1.js'
removed '/usr/lib/node_modules/node-red/node_modules/uuid/dist/esm-node/sha1.js'
removed '/usr/lib/node_modules/node-red/node_modules/uuid/dist/esm-node/stringify.js'
removed '/usr/lib/node_modules/node-red/node_modules/uuid/dist/esm-node/v35.js'
removed '/usr/lib/node_modules/node-red/node_modules/uuid/dist/esm-node/v4.js'
removed '/usr/lib/node_modules/node-red/node_modules/uuid/dist/esm-node/md5.js'
removed '/usr/lib/node_modules/node-red/node_modules/uuid/dist/esm-node/native.js'
removed directory '/usr/lib/node_modules/node-red/node_modules/uuid/dist/esm-node'
removed '/usr/lib/node_modules/node-red/node_modules/uuid/dist/v3.js'
removed '/usr/lib/node_modules/node-red/node_modules/uuid/dist/version.js'
removed '/usr/lib/node_modules/node-red/node_modules/uuid/dist/md5-browser.js'
removed '/usr/lib/node_modules/node-red/node_modules/uuid/dist/parse.js'
removed '/usr/lib/node_modules/node-red/node_modules/uuid/dist/commonjs-browser/v5.js'
removed '/usr/lib/node_modules/node-red/node_modules/uuid/dist/commonjs-browser/validate.js'
removed '/usr/lib/node_modules/node-red/node_modules/uuid/dist/commonjs-browser/nil.js'
removed '/usr/lib/node_modules/node-red/node_modules/uuid/dist/commonjs-browser/index.js'
removed '/usr/lib/node_modules/node-red/node_modules/uuid/dist/commonjs-browser/regex.js'
removed '/usr/lib/node_modules/node-red/node_modules/uuid/dist/commonjs-browser/rng.js'
removed '/usr/lib/node_modules/node-red/node_modules/uuid/dist/commonjs-browser/v3.js'
removed '/usr/lib/node_modules/node-red/node_modules/uuid/dist/commonjs-browser/version.js'
removed '/usr/lib/node_modules/node-red/node_modules/uuid/dist/commonjs-browser/parse.js'
removed '/usr/lib/node_modules/node-red/node_modules/uuid/dist/commonjs-browser/v1.js'
removed '/usr/lib/node_modules/node-red/node_modules/uuid/dist/commonjs-browser/sha1.js'
removed '/usr/lib/node_modules/node-red/node_modules/uuid/dist/commonjs-browser/stringify.js'
removed '/usr/lib/node_modules/node-red/node_modules/uuid/dist/commonjs-browser/v35.js'
removed '/usr/lib/node_modules/node-red/node_modules/uuid/dist/commonjs-browser/v4.js'
removed '/usr/lib/node_modules/node-red/node_modules/uuid/dist/commonjs-browser/md5.js'
removed '/usr/lib/node_modules/node-red/node_modules/uuid/dist/commonjs-browser/native.js'
removed directory '/usr/lib/node_modules/node-red/node_modules/uuid/dist/commonjs-browser'
removed '/usr/lib/node_modules/node-red/node_modules/uuid/dist/esm-browser/v5.js'
removed '/usr/lib/node_modules/node-red/node_modules/uuid/dist/esm-browser/validate.js'
removed '/usr/lib/node_modules/node-red/node_modules/uuid/dist/esm-browser/nil.js'
removed '/usr/lib/node_modules/node-red/node_modules/uuid/dist/esm-browser/index.js'
removed '/usr/lib/node_modules/node-red/node_modules/uuid/dist/esm-browser/regex.js'
removed '/usr/lib/node_modules/node-red/node_modules/uuid/dist/esm-browser/rng.js'
removed '/usr/lib/node_modules/node-red/node_modules/uuid/dist/esm-browser/v3.js'
removed '/usr/lib/node_modules/node-red/node_modules/uuid/dist/esm-browser/version.js'
removed '/usr/lib/node_modules/node-red/node_modules/uuid/dist/esm-browser/parse.js'
removed '/usr/lib/node_modules/node-red/node_modules/uuid/dist/esm-browser/v1.js'
removed '/usr/lib/node_modules/node-red/node_modules/uuid/dist/esm-browser/sha1.js'
removed '/usr/lib/node_modules/node-red/node_modules/uuid/dist/esm-browser/stringify.js'
removed '/usr/lib/node_modules/node-red/node_modules/uuid/dist/esm-browser/v35.js'
removed '/usr/lib/node_modules/node-red/node_modules/uuid/dist/esm-browser/v4.js'
removed '/usr/lib/node_modules/node-red/node_modules/uuid/dist/esm-browser/md5.js'
removed '/usr/lib/node_modules/node-red/node_modules/uuid/dist/esm-browser/native.js'
removed directory '/usr/lib/node_modules/node-red/node_modules/uuid/dist/esm-browser'
removed '/usr/lib/node_modules/node-red/node_modules/uuid/dist/bin/uuid'
removed directory '/usr/lib/node_modules/node-red/node_modules/uuid/dist/bin'
removed '/usr/lib/node_modules/node-red/node_modules/uuid/dist/v1.js'
removed '/usr/lib/node_modules/node-red/node_modules/uuid/dist/sha1.js'
removed '/usr/lib/node_modules/node-red/node_modules/uuid/dist/stringify.js'
removed '/usr/lib/node_modules/node-red/node_modules/uuid/dist/v35.js'
removed '/usr/lib/node_modules/node-red/node_modules/uuid/dist/v4.js'
removed '/usr/lib/node_modules/node-red/node_modules/uuid/dist/md5.js'
removed '/usr/lib/node_modules/node-red/node_modules/uuid/dist/native.js'
removed '/usr/lib/node_modules/node-red/node_modules/uuid/dist/rng-browser.js'
removed '/usr/lib/node_modules/node-red/node_modules/uuid/dist/sha1-browser.js'
removed directory '/usr/lib/node_modules/node-red/node_modules/uuid/dist'
removed '/usr/lib/node_modules/node-red/node_modules/uuid/wrapper.mjs'
removed '/usr/lib/node_modules/node-red/node_modules/uuid/CONTRIBUTING.md'
removed '/usr/lib/node_modules/node-red/node_modules/uuid/README.md'
removed '/usr/lib/node_modules/node-red/node_modules/uuid/LICENSE.md'
removed '/usr/lib/node_modules/node-red/node_modules/uuid/CHANGELOG.md'
removed directory '/usr/lib/node_modules/node-red/node_modules/uuid'
removed '/usr/lib/node_modules/node-red/node_modules/ansi-colors/package.json'
removed '/usr/lib/node_modules/node-red/node_modules/ansi-colors/symbols.js'
removed '/usr/lib/node_modules/node-red/node_modules/ansi-colors/index.js'
removed '/usr/lib/node_modules/node-red/node_modules/ansi-colors/README.md'
removed '/usr/lib/node_modules/node-red/node_modules/ansi-colors/types/index.d.ts'
removed directory '/usr/lib/node_modules/node-red/node_modules/ansi-colors/types'
removed '/usr/lib/node_modules/node-red/node_modules/ansi-colors/LICENSE'
removed directory '/usr/lib/node_modules/node-red/node_modules/ansi-colors'
removed '/usr/lib/node_modules/node-red/node_modules/lowercase-keys/readme.md'
removed '/usr/lib/node_modules/node-red/node_modules/lowercase-keys/package.json'
removed '/usr/lib/node_modules/node-red/node_modules/lowercase-keys/license'
removed '/usr/lib/node_modules/node-red/node_modules/lowercase-keys/index.js'
removed '/usr/lib/node_modules/node-red/node_modules/lowercase-keys/index.d.ts'
removed directory '/usr/lib/node_modules/node-red/node_modules/lowercase-keys'
removed '/usr/lib/node_modules/node-red/node_modules/serve-static/package.json'
removed '/usr/lib/node_modules/node-red/node_modules/serve-static/HISTORY.md'
removed '/usr/lib/node_modules/node-red/node_modules/serve-static/index.js'
removed '/usr/lib/node_modules/node-red/node_modules/serve-static/README.md'
removed '/usr/lib/node_modules/node-red/node_modules/serve-static/LICENSE'
removed directory '/usr/lib/node_modules/node-red/node_modules/serve-static'
removed '/usr/lib/node_modules/node-red/node_modules/minimist/package.json'
removed '/usr/lib/node_modules/node-red/node_modules/minimist/test/dash.js'
removed '/usr/lib/node_modules/node-red/node_modules/minimist/test/short.js'
removed '/usr/lib/node_modules/node-red/node_modules/minimist/test/long.js'
removed '/usr/lib/node_modules/node-red/node_modules/minimist/test/all_bool.js'
removed '/usr/lib/node_modules/node-red/node_modules/minimist/test/kv_short.js'
removed '/usr/lib/node_modules/node-red/node_modules/minimist/test/whitespace.js'
removed '/usr/lib/node_modules/node-red/node_modules/minimist/test/parse.js'
removed '/usr/lib/node_modules/node-red/node_modules/minimist/test/unknown.js'
removed '/usr/lib/node_modules/node-red/node_modules/minimist/test/proto.js'
removed '/usr/lib/node_modules/node-red/node_modules/minimist/test/num.js'
removed '/usr/lib/node_modules/node-red/node_modules/minimist/test/bool.js'
removed '/usr/lib/node_modules/node-red/node_modules/minimist/test/dotted.js'
removed '/usr/lib/node_modules/node-red/node_modules/minimist/test/default_bool.js'
removed '/usr/lib/node_modules/node-red/node_modules/minimist/test/stop_early.js'
removed '/usr/lib/node_modules/node-red/node_modules/minimist/test/parse_modified.js'
removed directory '/usr/lib/node_modules/node-red/node_modules/minimist/test'
removed '/usr/lib/node_modules/node-red/node_modules/minimist/index.js'
removed '/usr/lib/node_modules/node-red/node_modules/minimist/README.md'
removed '/usr/lib/node_modules/node-red/node_modules/minimist/example/parse.js'
removed directory '/usr/lib/node_modules/node-red/node_modules/minimist/example'
removed '/usr/lib/node_modules/node-red/node_modules/minimist/.eslintrc'
removed '/usr/lib/node_modules/node-red/node_modules/minimist/.github/FUNDING.yml'
removed directory '/usr/lib/node_modules/node-red/node_modules/minimist/.github'
removed '/usr/lib/node_modules/node-red/node_modules/minimist/CHANGELOG.md'
removed '/usr/lib/node_modules/node-red/node_modules/minimist/LICENSE'
removed '/usr/lib/node_modules/node-red/node_modules/minimist/.nycrc'
removed directory '/usr/lib/node_modules/node-red/node_modules/minimist'
removed '/usr/lib/node_modules/node-red/node_modules/tldts/package.json'
removed '/usr/lib/node_modules/node-red/node_modules/tldts/dist/index.umd.min.js'
removed '/usr/lib/node_modules/node-red/node_modules/tldts/dist/es6/tsconfig.bundle.tsbuildinfo'
removed '/usr/lib/node_modules/node-red/node_modules/tldts/dist/es6/index.js'
removed '/usr/lib/node_modules/node-red/node_modules/tldts/dist/es6/index.js.map'
removed '/usr/lib/node_modules/node-red/node_modules/tldts/dist/es6/src/data/trie.js'
removed '/usr/lib/node_modules/node-red/node_modules/tldts/dist/es6/src/data/trie.js.map'
removed directory '/usr/lib/node_modules/node-red/node_modules/tldts/dist/es6/src/data'
removed '/usr/lib/node_modules/node-red/node_modules/tldts/dist/es6/src/suffix-trie.js'
removed '/usr/lib/node_modules/node-red/node_modules/tldts/dist/es6/src/suffix-trie.js.map'
removed directory '/usr/lib/node_modules/node-red/node_modules/tldts/dist/es6/src'
removed directory '/usr/lib/node_modules/node-red/node_modules/tldts/dist/es6'
removed '/usr/lib/node_modules/node-red/node_modules/tldts/dist/index.esm.min.js'
removed '/usr/lib/node_modules/node-red/node_modules/tldts/dist/index.cjs.min.js.map'
removed '/usr/lib/node_modules/node-red/node_modules/tldts/dist/index.esm.min.js.map'
removed '/usr/lib/node_modules/node-red/node_modules/tldts/dist/cjs/index.js'
removed '/usr/lib/node_modules/node-red/node_modules/tldts/dist/cjs/index.js.map'
removed '/usr/lib/node_modules/node-red/node_modules/tldts/dist/cjs/src/data/trie.js'
removed '/usr/lib/node_modules/node-red/node_modules/tldts/dist/cjs/src/data/trie.js.map'
removed directory '/usr/lib/node_modules/node-red/node_modules/tldts/dist/cjs/src/data'
removed '/usr/lib/node_modules/node-red/node_modules/tldts/dist/cjs/src/suffix-trie.js'
removed '/usr/lib/node_modules/node-red/node_modules/tldts/dist/cjs/src/suffix-trie.js.map'
removed directory '/usr/lib/node_modules/node-red/node_modules/tldts/dist/cjs/src'
removed '/usr/lib/node_modules/node-red/node_modules/tldts/dist/cjs/tsconfig.tsbuildinfo'
removed directory '/usr/lib/node_modules/node-red/node_modules/tldts/dist/cjs'
removed '/usr/lib/node_modules/node-red/node_modules/tldts/dist/index.umd.min.js.map'
removed '/usr/lib/node_modules/node-red/node_modules/tldts/dist/index.cjs.min.js'
removed '/usr/lib/node_modules/node-red/node_modules/tldts/dist/types/src/data/trie.d.ts'
removed directory '/usr/lib/node_modules/node-red/node_modules/tldts/dist/types/src/data'
removed '/usr/lib/node_modules/node-red/node_modules/tldts/dist/types/src/suffix-trie.d.ts'
removed directory '/usr/lib/node_modules/node-red/node_modules/tldts/dist/types/src'
removed '/usr/lib/node_modules/node-red/node_modules/tldts/dist/types/index.d.ts'
removed directory '/usr/lib/node_modules/node-red/node_modules/tldts/dist/types'
removed directory '/usr/lib/node_modules/node-red/node_modules/tldts/dist'
removed '/usr/lib/node_modules/node-red/node_modules/tldts/README.md'
removed '/usr/lib/node_modules/node-red/node_modules/tldts/bin/cli.js'
removed directory '/usr/lib/node_modules/node-red/node_modules/tldts/bin'
removed '/usr/lib/node_modules/node-red/node_modules/tldts/src/data/trie.ts'
removed directory '/usr/lib/node_modules/node-red/node_modules/tldts/src/data'
removed '/usr/lib/node_modules/node-red/node_modules/tldts/src/suffix-trie.ts'
removed directory '/usr/lib/node_modules/node-red/node_modules/tldts/src'
removed '/usr/lib/node_modules/node-red/node_modules/tldts/index.ts'
removed '/usr/lib/node_modules/node-red/node_modules/tldts/LICENSE'
removed directory '/usr/lib/node_modules/node-red/node_modules/tldts'
removed '/usr/lib/node_modules/node-red/node_modules/process/package.json'
removed '/usr/lib/node_modules/node-red/node_modules/process/index.js'
removed '/usr/lib/node_modules/node-red/node_modules/process/README.md'
removed '/usr/lib/node_modules/node-red/node_modules/process/.eslintrc'
removed '/usr/lib/node_modules/node-red/node_modules/process/test.js'
removed '/usr/lib/node_modules/node-red/node_modules/process/browser.js'
removed '/usr/lib/node_modules/node-red/node_modules/process/LICENSE'
removed directory '/usr/lib/node_modules/node-red/node_modules/process'
removed '/usr/lib/node_modules/node-red/node_modules/normalize-url/readme.md'
removed '/usr/lib/node_modules/node-red/node_modules/normalize-url/package.json'
removed '/usr/lib/node_modules/node-red/node_modules/normalize-url/license'
removed '/usr/lib/node_modules/node-red/node_modules/normalize-url/index.js'
removed '/usr/lib/node_modules/node-red/node_modules/normalize-url/index.d.ts'
removed directory '/usr/lib/node_modules/node-red/node_modules/normalize-url'
removed '/usr/lib/node_modules/node-red/node_modules/strip-ansi/readme.md'
removed '/usr/lib/node_modules/node-red/node_modules/strip-ansi/package.json'
removed '/usr/lib/node_modules/node-red/node_modules/strip-ansi/license'
removed '/usr/lib/node_modules/node-red/node_modules/strip-ansi/index.js'
removed '/usr/lib/node_modules/node-red/node_modules/strip-ansi/index.d.ts'
removed directory '/usr/lib/node_modules/node-red/node_modules/strip-ansi'
removed '/usr/lib/node_modules/node-red/node_modules/https-proxy-agent/package.json'
removed '/usr/lib/node_modules/node-red/node_modules/https-proxy-agent/dist/parse-proxy-response.d.ts'
removed '/usr/lib/node_modules/node-red/node_modules/https-proxy-agent/dist/agent.js.map'
removed '/usr/lib/node_modules/node-red/node_modules/https-proxy-agent/dist/parse-proxy-response.js.map'
removed '/usr/lib/node_modules/node-red/node_modules/https-proxy-agent/dist/index.js'
removed '/usr/lib/node_modules/node-red/node_modules/https-proxy-agent/dist/agent.js'
removed '/usr/lib/node_modules/node-red/node_modules/https-proxy-agent/dist/index.js.map'
removed '/usr/lib/node_modules/node-red/node_modules/https-proxy-agent/dist/parse-proxy-response.js'
removed '/usr/lib/node_modules/node-red/node_modules/https-proxy-agent/dist/agent.d.ts'
removed '/usr/lib/node_modules/node-red/node_modules/https-proxy-agent/dist/index.d.ts'
removed directory '/usr/lib/node_modules/node-red/node_modules/https-proxy-agent/dist'
removed '/usr/lib/node_modules/node-red/node_modules/https-proxy-agent/README.md'
removed '/usr/lib/node_modules/node-red/node_modules/https-proxy-agent/node_modules/debug/package.json'
removed '/usr/lib/node_modules/node-red/node_modules/https-proxy-agent/node_modules/debug/README.md'
removed '/usr/lib/node_modules/node-red/node_modules/https-proxy-agent/node_modules/debug/src/common.js'
removed '/usr/lib/node_modules/node-red/node_modules/https-proxy-agent/node_modules/debug/src/index.js'
removed '/usr/lib/node_modules/node-red/node_modules/https-proxy-agent/node_modules/debug/src/browser.js'
removed '/usr/lib/node_modules/node-red/node_modules/https-proxy-agent/node_modules/debug/src/node.js'
removed directory '/usr/lib/node_modules/node-red/node_modules/https-proxy-agent/node_modules/debug/src'
removed '/usr/lib/node_modules/node-red/node_modules/https-proxy-agent/node_modules/debug/LICENSE'
removed directory '/usr/lib/node_modules/node-red/node_modules/https-proxy-agent/node_modules/debug'
removed '/usr/lib/node_modules/node-red/node_modules/https-proxy-agent/node_modules/ms/readme.md'
removed '/usr/lib/node_modules/node-red/node_modules/https-proxy-agent/node_modules/ms/package.json'
removed '/usr/lib/node_modules/node-red/node_modules/https-proxy-agent/node_modules/ms/index.js'
removed '/usr/lib/node_modules/node-red/node_modules/https-proxy-agent/node_modules/ms/license.md'
removed directory '/usr/lib/node_modules/node-red/node_modules/https-proxy-agent/node_modules/ms'
removed directory '/usr/lib/node_modules/node-red/node_modules/https-proxy-agent/node_modules'
removed directory '/usr/lib/node_modules/node-red/node_modules/https-proxy-agent'
removed '/usr/lib/node_modules/node-red/node_modules/es-define-property/tsconfig.json'
removed '/usr/lib/node_modules/node-red/node_modules/es-define-property/package.json'
removed '/usr/lib/node_modules/node-red/node_modules/es-define-property/test/index.js'
removed directory '/usr/lib/node_modules/node-red/node_modules/es-define-property/test'
removed '/usr/lib/node_modules/node-red/node_modules/es-define-property/index.js'
removed '/usr/lib/node_modules/node-red/node_modules/es-define-property/README.md'
removed '/usr/lib/node_modules/node-red/node_modules/es-define-property/.eslintrc'
removed '/usr/lib/node_modules/node-red/node_modules/es-define-property/.github/FUNDING.yml'
removed directory '/usr/lib/node_modules/node-red/node_modules/es-define-property/.github'
removed '/usr/lib/node_modules/node-red/node_modules/es-define-property/CHANGELOG.md'
removed '/usr/lib/node_modules/node-red/node_modules/es-define-property/index.d.ts'
removed '/usr/lib/node_modules/node-red/node_modules/es-define-property/LICENSE'
removed '/usr/lib/node_modules/node-red/node_modules/es-define-property/.nycrc'
removed directory '/usr/lib/node_modules/node-red/node_modules/es-define-property'
removed '/usr/lib/node_modules/node-red/node_modules/get-stream/readme.md'
removed '/usr/lib/node_modules/node-red/node_modules/get-stream/package.json'
removed '/usr/lib/node_modules/node-red/node_modules/get-stream/license'
removed '/usr/lib/node_modules/node-red/node_modules/get-stream/index.js'
removed '/usr/lib/node_modules/node-red/node_modules/get-stream/buffer-stream.js'
removed '/usr/lib/node_modules/node-red/node_modules/get-stream/index.d.ts'
removed directory '/usr/lib/node_modules/node-red/node_modules/get-stream'
removed '/usr/lib/node_modules/node-red/node_modules/accepts/package.json'
removed '/usr/lib/node_modules/node-red/node_modules/accepts/HISTORY.md'
removed '/usr/lib/node_modules/node-red/node_modules/accepts/index.js'
removed '/usr/lib/node_modules/node-red/node_modules/accepts/README.md'
removed '/usr/lib/node_modules/node-red/node_modules/accepts/LICENSE'
removed directory '/usr/lib/node_modules/node-red/node_modules/accepts'
removed '/usr/lib/node_modules/node-red/node_modules/tough-cookie/package.json'
removed '/usr/lib/node_modules/node-red/node_modules/tough-cookie/dist/pathMatch.js'
removed '/usr/lib/node_modules/node-red/node_modules/tough-cookie/dist/permuteDomain.d.ts'
removed '/usr/lib/node_modules/node-red/node_modules/tough-cookie/dist/utils.d.ts'
removed '/usr/lib/node_modules/node-red/node_modules/tough-cookie/dist/validators.d.ts'
removed '/usr/lib/node_modules/node-red/node_modules/tough-cookie/dist/memstore.js'
removed '/usr/lib/node_modules/node-red/node_modules/tough-cookie/dist/store.js'
removed '/usr/lib/node_modules/node-red/node_modules/tough-cookie/dist/getPublicSuffix.js'
removed '/usr/lib/node_modules/node-red/node_modules/tough-cookie/dist/memstore.d.ts'
removed '/usr/lib/node_modules/node-red/node_modules/tough-cookie/dist/store.d.ts'
removed '/usr/lib/node_modules/node-red/node_modules/tough-cookie/dist/version.js'
removed '/usr/lib/node_modules/node-red/node_modules/tough-cookie/dist/cookie/constants.d.ts'
removed '/usr/lib/node_modules/node-red/node_modules/tough-cookie/dist/cookie/permutePath.d.ts'
removed '/usr/lib/node_modules/node-red/node_modules/tough-cookie/dist/cookie/cookie.js'
removed '/usr/lib/node_modules/node-red/node_modules/tough-cookie/dist/cookie/cookieCompare.d.ts'
removed '/usr/lib/node_modules/node-red/node_modules/tough-cookie/dist/cookie/parseDate.d.ts'
removed '/usr/lib/node_modules/node-red/node_modules/tough-cookie/dist/cookie/index.js'
removed '/usr/lib/node_modules/node-red/node_modules/tough-cookie/dist/cookie/defaultPath.d.ts'
removed '/usr/lib/node_modules/node-red/node_modules/tough-cookie/dist/cookie/constants.js'
removed '/usr/lib/node_modules/node-red/node_modules/tough-cookie/dist/cookie/permutePath.js'
removed '/usr/lib/node_modules/node-red/node_modules/tough-cookie/dist/cookie/domainMatch.d.ts'
removed '/usr/lib/node_modules/node-red/node_modules/tough-cookie/dist/cookie/formatDate.js'
removed '/usr/lib/node_modules/node-red/node_modules/tough-cookie/dist/cookie/canonicalDomain.d.ts'
removed '/usr/lib/node_modules/node-red/node_modules/tough-cookie/dist/cookie/cookieCompare.js'
removed '/usr/lib/node_modules/node-red/node_modules/tough-cookie/dist/cookie/cookieJar.d.ts'
removed '/usr/lib/node_modules/node-red/node_modules/tough-cookie/dist/cookie/formatDate.d.ts'
removed '/usr/lib/node_modules/node-red/node_modules/tough-cookie/dist/cookie/cookieJar.js'
removed '/usr/lib/node_modules/node-red/node_modules/tough-cookie/dist/cookie/domainMatch.js'
removed '/usr/lib/node_modules/node-red/node_modules/tough-cookie/dist/cookie/canonicalDomain.js'
removed '/usr/lib/node_modules/node-red/node_modules/tough-cookie/dist/cookie/parseDate.js'
removed '/usr/lib/node_modules/node-red/node_modules/tough-cookie/dist/cookie/defaultPath.js'
removed '/usr/lib/node_modules/node-red/node_modules/tough-cookie/dist/cookie/cookie.d.ts'
removed '/usr/lib/node_modules/node-red/node_modules/tough-cookie/dist/cookie/index.d.ts'
removed directory '/usr/lib/node_modules/node-red/node_modules/tough-cookie/dist/cookie'
removed '/usr/lib/node_modules/node-red/node_modules/tough-cookie/dist/utils.js'
removed '/usr/lib/node_modules/node-red/node_modules/tough-cookie/dist/version.d.ts'
removed '/usr/lib/node_modules/node-red/node_modules/tough-cookie/dist/validators.js'
removed '/usr/lib/node_modules/node-red/node_modules/tough-cookie/dist/pathMatch.d.ts'
removed '/usr/lib/node_modules/node-red/node_modules/tough-cookie/dist/permuteDomain.js'
removed '/usr/lib/node_modules/node-red/node_modules/tough-cookie/dist/getPublicSuffix.d.ts'
removed directory '/usr/lib/node_modules/node-red/node_modules/tough-cookie/dist'
removed '/usr/lib/node_modules/node-red/node_modules/tough-cookie/README.md'
removed '/usr/lib/node_modules/node-red/node_modules/tough-cookie/LICENSE'
removed directory '/usr/lib/node_modules/node-red/node_modules/tough-cookie'
removed '/usr/lib/node_modules/node-red/node_modules/etag/package.json'
removed '/usr/lib/node_modules/node-red/node_modules/etag/HISTORY.md'
removed '/usr/lib/node_modules/node-red/node_modules/etag/index.js'
removed '/usr/lib/node_modules/node-red/node_modules/etag/README.md'
removed '/usr/lib/node_modules/node-red/node_modules/etag/LICENSE'
removed directory '/usr/lib/node_modules/node-red/node_modules/etag'
removed '/usr/lib/node_modules/node-red/node_modules/uglify-js/package.json'
removed '/usr/lib/node_modules/node-red/node_modules/uglify-js/README.md'
removed '/usr/lib/node_modules/node-red/node_modules/uglify-js/bin/uglifyjs'
removed directory '/usr/lib/node_modules/node-red/node_modules/uglify-js/bin'
removed '/usr/lib/node_modules/node-red/node_modules/uglify-js/lib/scope.js'
removed '/usr/lib/node_modules/node-red/node_modules/uglify-js/lib/parse.js'
removed '/usr/lib/node_modules/node-red/node_modules/uglify-js/lib/utils.js'
removed '/usr/lib/node_modules/node-red/node_modules/uglify-js/lib/minify.js'
removed '/usr/lib/node_modules/node-red/node_modules/uglify-js/lib/compress.js'
removed '/usr/lib/node_modules/node-red/node_modules/uglify-js/lib/propmangle.js'
removed '/usr/lib/node_modules/node-red/node_modules/uglify-js/lib/mozilla-ast.js'
removed '/usr/lib/node_modules/node-red/node_modules/uglify-js/lib/sourcemap.js'
removed '/usr/lib/node_modules/node-red/node_modules/uglify-js/lib/output.js'
removed '/usr/lib/node_modules/node-red/node_modules/uglify-js/lib/transform.js'
removed '/usr/lib/node_modules/node-red/node_modules/uglify-js/lib/ast.js'
removed directory '/usr/lib/node_modules/node-red/node_modules/uglify-js/lib'
removed '/usr/lib/node_modules/node-red/node_modules/uglify-js/tools/exports.js'
removed '/usr/lib/node_modules/node-red/node_modules/uglify-js/tools/domprops.html'
removed '/usr/lib/node_modules/node-red/node_modules/uglify-js/tools/tty.js'
removed '/usr/lib/node_modules/node-red/node_modules/uglify-js/tools/node.js'
removed '/usr/lib/node_modules/node-red/node_modules/uglify-js/tools/domprops.json'
removed directory '/usr/lib/node_modules/node-red/node_modules/uglify-js/tools'
removed '/usr/lib/node_modules/node-red/node_modules/uglify-js/LICENSE'
removed directory '/usr/lib/node_modules/node-red/node_modules/uglify-js'
removed '/usr/lib/node_modules/node-red/node_modules/es-object-atoms/tsconfig.json'
removed '/usr/lib/node_modules/node-red/node_modules/es-object-atoms/package.json'
removed '/usr/lib/node_modules/node-red/node_modules/es-object-atoms/test/index.js'
removed directory '/usr/lib/node_modules/node-red/node_modules/es-object-atoms/test'
removed '/usr/lib/node_modules/node-red/node_modules/es-object-atoms/RequireObjectCoercible.js'
removed '/usr/lib/node_modules/node-red/node_modules/es-object-atoms/index.js'
removed '/usr/lib/node_modules/node-red/node_modules/es-object-atoms/RequireObjectCoercible.d.ts'
removed '/usr/lib/node_modules/node-red/node_modules/es-object-atoms/ToObject.js'
removed '/usr/lib/node_modules/node-red/node_modules/es-object-atoms/isObject.js'
removed '/usr/lib/node_modules/node-red/node_modules/es-object-atoms/ToObject.d.ts'
removed '/usr/lib/node_modules/node-red/node_modules/es-object-atoms/README.md'
removed '/usr/lib/node_modules/node-red/node_modules/es-object-atoms/.eslintrc'
removed '/usr/lib/node_modules/node-red/node_modules/es-object-atoms/isObject.d.ts'
removed '/usr/lib/node_modules/node-red/node_modules/es-object-atoms/.github/FUNDING.yml'
removed directory '/usr/lib/node_modules/node-red/node_modules/es-object-atoms/.github'
removed '/usr/lib/node_modules/node-red/node_modules/es-object-atoms/CHANGELOG.md'
removed '/usr/lib/node_modules/node-red/node_modules/es-object-atoms/index.d.ts'
removed '/usr/lib/node_modules/node-red/node_modules/es-object-atoms/LICENSE'
removed directory '/usr/lib/node_modules/node-red/node_modules/es-object-atoms'
removed '/usr/lib/node_modules/node-red/node_modules/cheerio/package.json'
removed '/usr/lib/node_modules/node-red/node_modules/cheerio/lib/utils.d.ts.map'
removed '/usr/lib/node_modules/node-red/node_modules/cheerio/lib/static.d.ts.map'
removed '/usr/lib/node_modules/node-red/node_modules/cheerio/lib/static.js'
removed '/usr/lib/node_modules/node-red/node_modules/cheerio/lib/parse.d.ts'
removed '/usr/lib/node_modules/node-red/node_modules/cheerio/lib/utils.d.ts'
removed '/usr/lib/node_modules/node-red/node_modules/cheerio/lib/index.js'
removed '/usr/lib/node_modules/node-red/node_modules/cheerio/lib/api/css.d.ts'
removed '/usr/lib/node_modules/node-red/node_modules/cheerio/lib/api/traversing.d.ts'
removed '/usr/lib/node_modules/node-red/node_modules/cheerio/lib/api/css.js'
removed '/usr/lib/node_modules/node-red/node_modules/cheerio/lib/api/css.d.ts.map'
removed '/usr/lib/node_modules/node-red/node_modules/cheerio/lib/api/traversing.js'
removed '/usr/lib/node_modules/node-red/node_modules/cheerio/lib/api/forms.d.ts'
removed '/usr/lib/node_modules/node-red/node_modules/cheerio/lib/api/manipulation.d.ts'
removed '/usr/lib/node_modules/node-red/node_modules/cheerio/lib/api/manipulation.js'
removed '/usr/lib/node_modules/node-red/node_modules/cheerio/lib/api/manipulation.d.ts.map'
removed '/usr/lib/node_modules/node-red/node_modules/cheerio/lib/api/traversing.d.ts.map'
removed '/usr/lib/node_modules/node-red/node_modules/cheerio/lib/api/attributes.d.ts.map'
removed '/usr/lib/node_modules/node-red/node_modules/cheerio/lib/api/attributes.js'
removed '/usr/lib/node_modules/node-red/node_modules/cheerio/lib/api/attributes.d.ts'
removed '/usr/lib/node_modules/node-red/node_modules/cheerio/lib/api/forms.d.ts.map'
removed '/usr/lib/node_modules/node-red/node_modules/cheerio/lib/api/forms.js'
removed directory '/usr/lib/node_modules/node-red/node_modules/cheerio/lib/api'
removed '/usr/lib/node_modules/node-red/node_modules/cheerio/lib/load.js'
removed '/usr/lib/node_modules/node-red/node_modules/cheerio/lib/cheerio.d.ts.map'
removed '/usr/lib/node_modules/node-red/node_modules/cheerio/lib/options.d.ts'
removed '/usr/lib/node_modules/node-red/node_modules/cheerio/lib/static.d.ts'
removed '/usr/lib/node_modules/node-red/node_modules/cheerio/lib/options.js'
removed '/usr/lib/node_modules/node-red/node_modules/cheerio/lib/types.d.ts'
removed '/usr/lib/node_modules/node-red/node_modules/cheerio/lib/load.d.ts.map'
removed '/usr/lib/node_modules/node-red/node_modules/cheerio/lib/parse.d.ts.map'
removed '/usr/lib/node_modules/node-red/node_modules/cheerio/lib/parse.js'
removed '/usr/lib/node_modules/node-red/node_modules/cheerio/lib/utils.js'
removed '/usr/lib/node_modules/node-red/node_modules/cheerio/lib/cheerio.js'
removed '/usr/lib/node_modules/node-red/node_modules/cheerio/lib/types.js'
removed '/usr/lib/node_modules/node-red/node_modules/cheerio/lib/parsers/htmlparser2-adapter.js'
removed '/usr/lib/node_modules/node-red/node_modules/cheerio/lib/parsers/parse5-adapter.js'
removed '/usr/lib/node_modules/node-red/node_modules/cheerio/lib/parsers/htmlparser2-adapter.d.ts.map'
removed '/usr/lib/node_modules/node-red/node_modules/cheerio/lib/parsers/htmlparser2-adapter.d.ts'
removed '/usr/lib/node_modules/node-red/node_modules/cheerio/lib/parsers/parse5-adapter.d.ts'
removed '/usr/lib/node_modules/node-red/node_modules/cheerio/lib/parsers/parse5-adapter.d.ts.map'
removed directory '/usr/lib/node_modules/node-red/node_modules/cheerio/lib/parsers'
removed '/usr/lib/node_modules/node-red/node_modules/cheerio/lib/load.d.ts'
removed '/usr/lib/node_modules/node-red/node_modules/cheerio/lib/options.d.ts.map'
removed '/usr/lib/node_modules/node-red/node_modules/cheerio/lib/types.d.ts.map'
removed '/usr/lib/node_modules/node-red/node_modules/cheerio/lib/index.d.ts'
removed '/usr/lib/node_modules/node-red/node_modules/cheerio/lib/index.d.ts.map'
removed '/usr/lib/node_modules/node-red/node_modules/cheerio/lib/cheerio.d.ts'
removed directory '/usr/lib/node_modules/node-red/node_modules/cheerio/lib'
removed '/usr/lib/node_modules/node-red/node_modules/cheerio/Readme.md'
removed '/usr/lib/node_modules/node-red/node_modules/cheerio/LICENSE'
removed directory '/usr/lib/node_modules/node-red/node_modules/cheerio'
removed '/usr/lib/node_modules/node-red/node_modules/mime/Mime.js'
removed '/usr/lib/node_modules/node-red/node_modules/mime/package.json'
removed '/usr/lib/node_modules/node-red/node_modules/mime/lite.js'
removed '/usr/lib/node_modules/node-red/node_modules/mime/index.js'
removed '/usr/lib/node_modules/node-red/node_modules/mime/cli.js'
removed '/usr/lib/node_modules/node-red/node_modules/mime/README.md'
removed '/usr/lib/node_modules/node-red/node_modules/mime/CHANGELOG.md'
removed '/usr/lib/node_modules/node-red/node_modules/mime/types/standard.js'
removed '/usr/lib/node_modules/node-red/node_modules/mime/types/other.js'
removed directory '/usr/lib/node_modules/node-red/node_modules/mime/types'
removed '/usr/lib/node_modules/node-red/node_modules/mime/LICENSE'
removed directory '/usr/lib/node_modules/node-red/node_modules/mime'
removed '/usr/lib/node_modules/node-red/node_modules/object-assign/readme.md'
removed '/usr/lib/node_modules/node-red/node_modules/object-assign/package.json'
removed '/usr/lib/node_modules/node-red/node_modules/object-assign/license'
removed '/usr/lib/node_modules/node-red/node_modules/object-assign/index.js'
removed directory '/usr/lib/node_modules/node-red/node_modules/object-assign'
removed '/usr/lib/node_modules/node-red/node_modules/on-finished/package.json'
removed '/usr/lib/node_modules/node-red/node_modules/on-finished/HISTORY.md'
removed '/usr/lib/node_modules/node-red/node_modules/on-finished/index.js'
removed '/usr/lib/node_modules/node-red/node_modules/on-finished/README.md'
removed '/usr/lib/node_modules/node-red/node_modules/on-finished/LICENSE'
removed directory '/usr/lib/node_modules/node-red/node_modules/on-finished'
removed '/usr/lib/node_modules/node-red/node_modules/readable-stream/package.json'
removed '/usr/lib/node_modules/node-red/node_modules/readable-stream/README.md'
removed '/usr/lib/node_modules/node-red/node_modules/readable-stream/lib/_stream_transform.js'
removed '/usr/lib/node_modules/node-red/node_modules/readable-stream/lib/stream/promises.js'
removed directory '/usr/lib/node_modules/node-red/node_modules/readable-stream/lib/stream'
removed '/usr/lib/node_modules/node-red/node_modules/readable-stream/lib/internal/streams/pipeline.js'
removed '/usr/lib/node_modules/node-red/node_modules/readable-stream/lib/internal/streams/state.js'
removed '/usr/lib/node_modules/node-red/node_modules/readable-stream/lib/internal/streams/destroy.js'
removed '/usr/lib/node_modules/node-red/node_modules/readable-stream/lib/internal/streams/duplexify.js'
removed '/usr/lib/node_modules/node-red/node_modules/readable-stream/lib/internal/streams/compose.js'
removed '/usr/lib/node_modules/node-red/node_modules/readable-stream/lib/internal/streams/buffer_list.js'
removed '/usr/lib/node_modules/node-red/node_modules/readable-stream/lib/internal/streams/legacy.js'
removed '/usr/lib/node_modules/node-red/node_modules/readable-stream/lib/internal/streams/duplex.js'
removed '/usr/lib/node_modules/node-red/node_modules/readable-stream/lib/internal/streams/passthrough.js'
removed '/usr/lib/node_modules/node-red/node_modules/readable-stream/lib/internal/streams/writable.js'
removed '/usr/lib/node_modules/node-red/node_modules/readable-stream/lib/internal/streams/lazy_transform.js'
removed '/usr/lib/node_modules/node-red/node_modules/readable-stream/lib/internal/streams/operators.js'
removed '/usr/lib/node_modules/node-red/node_modules/readable-stream/lib/internal/streams/utils.js'
removed '/usr/lib/node_modules/node-red/node_modules/readable-stream/lib/internal/streams/from.js'
removed '/usr/lib/node_modules/node-red/node_modules/readable-stream/lib/internal/streams/add-abort-signal.js'
removed '/usr/lib/node_modules/node-red/node_modules/readable-stream/lib/internal/streams/transform.js'
removed '/usr/lib/node_modules/node-red/node_modules/readable-stream/lib/internal/streams/readable.js'
removed '/usr/lib/node_modules/node-red/node_modules/readable-stream/lib/internal/streams/end-of-stream.js'
removed directory '/usr/lib/node_modules/node-red/node_modules/readable-stream/lib/internal/streams'
removed '/usr/lib/node_modules/node-red/node_modules/readable-stream/lib/internal/validators.js'
removed directory '/usr/lib/node_modules/node-red/node_modules/readable-stream/lib/internal'
removed '/usr/lib/node_modules/node-red/node_modules/readable-stream/lib/_stream_writable.js'
removed '/usr/lib/node_modules/node-red/node_modules/readable-stream/lib/stream.js'
removed '/usr/lib/node_modules/node-red/node_modules/readable-stream/lib/_stream_passthrough.js'
removed '/usr/lib/node_modules/node-red/node_modules/readable-stream/lib/_stream_duplex.js'
removed '/usr/lib/node_modules/node-red/node_modules/readable-stream/lib/_stream_readable.js'
removed '/usr/lib/node_modules/node-red/node_modules/readable-stream/lib/ours/primordials.js'
removed '/usr/lib/node_modules/node-red/node_modules/readable-stream/lib/ours/index.js'
removed '/usr/lib/node_modules/node-red/node_modules/readable-stream/lib/ours/browser.js'
removed '/usr/lib/node_modules/node-red/node_modules/readable-stream/lib/ours/errors.js'
removed '/usr/lib/node_modules/node-red/node_modules/readable-stream/lib/ours/util/inspect.js'
removed directory '/usr/lib/node_modules/node-red/node_modules/readable-stream/lib/ours/util'
removed '/usr/lib/node_modules/node-red/node_modules/readable-stream/lib/ours/util.js'
removed directory '/usr/lib/node_modules/node-red/node_modules/readable-stream/lib/ours'
removed directory '/usr/lib/node_modules/node-red/node_modules/readable-stream/lib'
removed '/usr/lib/node_modules/node-red/node_modules/readable-stream/LICENSE'
removed directory '/usr/lib/node_modules/node-red/node_modules/readable-stream'
removed '/usr/lib/node_modules/node-red/node_modules/axios/index.d.cts'
removed '/usr/lib/node_modules/node-red/node_modules/axios/package.json'
removed '/usr/lib/node_modules/node-red/node_modules/axios/index.js'
removed '/usr/lib/node_modules/node-red/node_modules/axios/dist/esm/axios.min.js.map'
removed '/usr/lib/node_modules/node-red/node_modules/axios/dist/esm/axios.js.map'
removed '/usr/lib/node_modules/node-red/node_modules/axios/dist/esm/axios.min.js'
removed '/usr/lib/node_modules/node-red/node_modules/axios/dist/esm/axios.js'
removed directory '/usr/lib/node_modules/node-red/node_modules/axios/dist/esm'
removed '/usr/lib/node_modules/node-red/node_modules/axios/dist/axios.min.js.map'
removed '/usr/lib/node_modules/node-red/node_modules/axios/dist/axios.js.map'
removed '/usr/lib/node_modules/node-red/node_modules/axios/dist/node/axios.cjs'
removed '/usr/lib/node_modules/node-red/node_modules/axios/dist/node/axios.cjs.map'
removed directory '/usr/lib/node_modules/node-red/node_modules/axios/dist/node'
removed '/usr/lib/node_modules/node-red/node_modules/axios/dist/browser/axios.cjs'
removed '/usr/lib/node_modules/node-red/node_modules/axios/dist/browser/axios.cjs.map'
removed directory '/usr/lib/node_modules/node-red/node_modules/axios/dist/browser'
removed '/usr/lib/node_modules/node-red/node_modules/axios/dist/axios.min.js'
removed '/usr/lib/node_modules/node-red/node_modules/axios/dist/axios.js'
removed directory '/usr/lib/node_modules/node-red/node_modules/axios/dist'
removed '/usr/lib/node_modules/node-red/node_modules/axios/README.md'
removed '/usr/lib/node_modules/node-red/node_modules/axios/lib/adapters/xhr.js'
removed '/usr/lib/node_modules/node-red/node_modules/axios/lib/adapters/http.js'
removed '/usr/lib/node_modules/node-red/node_modules/axios/lib/adapters/README.md'
removed '/usr/lib/node_modules/node-red/node_modules/axios/lib/adapters/fetch.js'
removed '/usr/lib/node_modules/node-red/node_modules/axios/lib/adapters/adapters.js'
removed directory '/usr/lib/node_modules/node-red/node_modules/axios/lib/adapters'
removed '/usr/lib/node_modules/node-red/node_modules/axios/lib/helpers/composeSignals.js'
removed '/usr/lib/node_modules/node-red/node_modules/axios/lib/helpers/buildURL.js'
removed '/usr/lib/node_modules/node-red/node_modules/axios/lib/helpers/formDataToStream.js'
removed '/usr/lib/node_modules/node-red/node_modules/axios/lib/helpers/throttle.js'
removed '/usr/lib/node_modules/node-red/node_modules/axios/lib/helpers/formDataToJSON.js'
removed '/usr/lib/node_modules/node-red/node_modules/axios/lib/helpers/cookies.js'
removed '/usr/lib/node_modules/node-red/node_modules/axios/lib/helpers/validator.js'
removed '/usr/lib/node_modules/node-red/node_modules/axios/lib/helpers/estimateDataURLDecodedBytes.js'
removed '/usr/lib/node_modules/node-red/node_modules/axios/lib/helpers/callbackify.js'
removed '/usr/lib/node_modules/node-red/node_modules/axios/lib/helpers/isAxiosError.js'
removed '/usr/lib/node_modules/node-red/node_modules/axios/lib/helpers/spread.js'
removed '/usr/lib/node_modules/node-red/node_modules/axios/lib/helpers/speedometer.js'
removed '/usr/lib/node_modules/node-red/node_modules/axios/lib/helpers/null.js'
removed '/usr/lib/node_modules/node-red/node_modules/axios/lib/helpers/bind.js'
removed '/usr/lib/node_modules/node-red/node_modules/axios/lib/helpers/ZlibHeaderTransformStream.js'
removed '/usr/lib/node_modules/node-red/node_modules/axios/lib/helpers/README.md'
removed '/usr/lib/node_modules/node-red/node_modules/axios/lib/helpers/AxiosTransformStream.js'
removed '/usr/lib/node_modules/node-red/node_modules/axios/lib/helpers/AxiosURLSearchParams.js'
removed '/usr/lib/node_modules/node-red/node_modules/axios/lib/helpers/parseHeaders.js'
removed '/usr/lib/node_modules/node-red/node_modules/axios/lib/helpers/trackStream.js'
removed '/usr/lib/node_modules/node-red/node_modules/axios/lib/helpers/HttpStatusCode.js'
removed '/usr/lib/node_modules/node-red/node_modules/axios/lib/helpers/isURLSameOrigin.js'
removed '/usr/lib/node_modules/node-red/node_modules/axios/lib/helpers/combineURLs.js'
removed '/usr/lib/node_modules/node-red/node_modules/axios/lib/helpers/toFormData.js'
removed '/usr/lib/node_modules/node-red/node_modules/axios/lib/helpers/toURLEncodedForm.js'
removed '/usr/lib/node_modules/node-red/node_modules/axios/lib/helpers/fromDataURI.js'
removed '/usr/lib/node_modules/node-red/node_modules/axios/lib/helpers/progressEventReducer.js'
removed '/usr/lib/node_modules/node-red/node_modules/axios/lib/helpers/isAbsoluteURL.js'
removed '/usr/lib/node_modules/node-red/node_modules/axios/lib/helpers/resolveConfig.js'
removed '/usr/lib/node_modules/node-red/node_modules/axios/lib/helpers/parseProtocol.js'
removed '/usr/lib/node_modules/node-red/node_modules/axios/lib/helpers/deprecatedMethod.js'
removed '/usr/lib/node_modules/node-red/node_modules/axios/lib/helpers/readBlob.js'
removed directory '/usr/lib/node_modules/node-red/node_modules/axios/lib/helpers'
removed '/usr/lib/node_modules/node-red/node_modules/axios/lib/env/classes/FormData.js'
removed directory '/usr/lib/node_modules/node-red/node_modules/axios/lib/env/classes'
removed '/usr/lib/node_modules/node-red/node_modules/axios/lib/env/data.js'
removed '/usr/lib/node_modules/node-red/node_modules/axios/lib/env/README.md'
removed directory '/usr/lib/node_modules/node-red/node_modules/axios/lib/env'
removed '/usr/lib/node_modules/node-red/node_modules/axios/lib/platform/index.js'
removed '/usr/lib/node_modules/node-red/node_modules/axios/lib/platform/node/classes/FormData.js'
removed '/usr/lib/node_modules/node-red/node_modules/axios/lib/platform/node/classes/URLSearchParams.js'
removed directory '/usr/lib/node_modules/node-red/node_modules/axios/lib/platform/node/classes'
removed '/usr/lib/node_modules/node-red/node_modules/axios/lib/platform/node/index.js'
removed directory '/usr/lib/node_modules/node-red/node_modules/axios/lib/platform/node'
removed '/usr/lib/node_modules/node-red/node_modules/axios/lib/platform/browser/classes/FormData.js'
removed '/usr/lib/node_modules/node-red/node_modules/axios/lib/platform/browser/classes/URLSearchParams.js'
removed '/usr/lib/node_modules/node-red/node_modules/axios/lib/platform/browser/classes/Blob.js'
removed directory '/usr/lib/node_modules/node-red/node_modules/axios/lib/platform/browser/classes'
removed '/usr/lib/node_modules/node-red/node_modules/axios/lib/platform/browser/index.js'
removed directory '/usr/lib/node_modules/node-red/node_modules/axios/lib/platform/browser'
removed '/usr/lib/node_modules/node-red/node_modules/axios/lib/platform/common/utils.js'
removed directory '/usr/lib/node_modules/node-red/node_modules/axios/lib/platform/common'
removed directory '/usr/lib/node_modules/node-red/node_modules/axios/lib/platform'
removed '/usr/lib/node_modules/node-red/node_modules/axios/lib/cancel/CanceledError.js'
removed '/usr/lib/node_modules/node-red/node_modules/axios/lib/cancel/CancelToken.js'
removed '/usr/lib/node_modules/node-red/node_modules/axios/lib/cancel/isCancel.js'
removed directory '/usr/lib/node_modules/node-red/node_modules/axios/lib/cancel'
removed '/usr/lib/node_modules/node-red/node_modules/axios/lib/utils.js'
removed '/usr/lib/node_modules/node-red/node_modules/axios/lib/core/AxiosError.js'
removed '/usr/lib/node_modules/node-red/node_modules/axios/lib/core/dispatchRequest.js'
removed '/usr/lib/node_modules/node-red/node_modules/axios/lib/core/AxiosHeaders.js'
removed '/usr/lib/node_modules/node-red/node_modules/axios/lib/core/mergeConfig.js'
removed '/usr/lib/node_modules/node-red/node_modules/axios/lib/core/README.md'
removed '/usr/lib/node_modules/node-red/node_modules/axios/lib/core/Axios.js'
removed '/usr/lib/node_modules/node-red/node_modules/axios/lib/core/transformData.js'
removed '/usr/lib/node_modules/node-red/node_modules/axios/lib/core/settle.js'
removed '/usr/lib/node_modules/node-red/node_modules/axios/lib/core/buildFullPath.js'
removed '/usr/lib/node_modules/node-red/node_modules/axios/lib/core/InterceptorManager.js'
removed directory '/usr/lib/node_modules/node-red/node_modules/axios/lib/core'
removed '/usr/lib/node_modules/node-red/node_modules/axios/lib/axios.js'
removed '/usr/lib/node_modules/node-red/node_modules/axios/lib/defaults/index.js'
removed '/usr/lib/node_modules/node-red/node_modules/axios/lib/defaults/transitional.js'
removed directory '/usr/lib/node_modules/node-red/node_modules/axios/lib/defaults'
removed directory '/usr/lib/node_modules/node-red/node_modules/axios/lib'
removed '/usr/lib/node_modules/node-red/node_modules/axios/CHANGELOG.md'
removed '/usr/lib/node_modules/node-red/node_modules/axios/MIGRATION_GUIDE.md'
removed '/usr/lib/node_modules/node-red/node_modules/axios/index.d.ts'
removed '/usr/lib/node_modules/node-red/node_modules/axios/LICENSE'
removed directory '/usr/lib/node_modules/node-red/node_modules/axios'
removed '/usr/lib/node_modules/node-red/node_modules/fast-unique-numbers/package.json'
removed '/usr/lib/node_modules/node-red/node_modules/fast-unique-numbers/build/es2019/module.js.map'
removed '/usr/lib/node_modules/node-red/node_modules/fast-unique-numbers/build/es2019/module.d.ts.map'
removed '/usr/lib/node_modules/node-red/node_modules/fast-unique-numbers/build/es2019/module.d.ts'
removed '/usr/lib/node_modules/node-red/node_modules/fast-unique-numbers/build/es2019/factories/generate-unique-number.d.ts.map'
removed '/usr/lib/node_modules/node-red/node_modules/fast-unique-numbers/build/es2019/factories/cache.d.ts'
removed '/usr/lib/node_modules/node-red/node_modules/fast-unique-numbers/build/es2019/factories/add-unique-number.js'
removed '/usr/lib/node_modules/node-red/node_modules/fast-unique-numbers/build/es2019/factories/add-unique-number.d.ts.map'
removed '/usr/lib/node_modules/node-red/node_modules/fast-unique-numbers/build/es2019/factories/add-unique-number.d.ts'
removed '/usr/lib/node_modules/node-red/node_modules/fast-unique-numbers/build/es2019/factories/cache.js'
removed '/usr/lib/node_modules/node-red/node_modules/fast-unique-numbers/build/es2019/factories/cache.d.ts.map'
removed '/usr/lib/node_modules/node-red/node_modules/fast-unique-numbers/build/es2019/factories/add-unique-number.js.map'
removed '/usr/lib/node_modules/node-red/node_modules/fast-unique-numbers/build/es2019/factories/generate-unique-number.js'
removed '/usr/lib/node_modules/node-red/node_modules/fast-unique-numbers/build/es2019/factories/cache.js.map'
removed '/usr/lib/node_modules/node-red/node_modules/fast-unique-numbers/build/es2019/factories/generate-unique-number.d.ts'
removed '/usr/lib/node_modules/node-red/node_modules/fast-unique-numbers/build/es2019/factories/generate-unique-number.js.map'
removed directory '/usr/lib/node_modules/node-red/node_modules/fast-unique-numbers/build/es2019/factories'
removed '/usr/lib/node_modules/node-red/node_modules/fast-unique-numbers/build/es2019/module.js'
removed '/usr/lib/node_modules/node-red/node_modules/fast-unique-numbers/build/es2019/types/cache-function.js.map'
removed '/usr/lib/node_modules/node-red/node_modules/fast-unique-numbers/build/es2019/types/add-unique-number-function.js.map'
removed '/usr/lib/node_modules/node-red/node_modules/fast-unique-numbers/build/es2019/types/add-unique-number-function.js'
removed '/usr/lib/node_modules/node-red/node_modules/fast-unique-numbers/build/es2019/types/add-unique-number-factory.d.ts'
removed '/usr/lib/node_modules/node-red/node_modules/fast-unique-numbers/build/es2019/types/add-unique-number-factory.js'
removed '/usr/lib/node_modules/node-red/node_modules/fast-unique-numbers/build/es2019/types/add-unique-number-factory.d.ts.map'
removed '/usr/lib/node_modules/node-red/node_modules/fast-unique-numbers/build/es2019/types/index.js'
removed '/usr/lib/node_modules/node-red/node_modules/fast-unique-numbers/build/es2019/types/cache-function.js'
removed '/usr/lib/node_modules/node-red/node_modules/fast-unique-numbers/build/es2019/types/cache-factory.js'
removed '/usr/lib/node_modules/node-red/node_modules/fast-unique-numbers/build/es2019/types/generate-unique-number-factory.js'
removed '/usr/lib/node_modules/node-red/node_modules/fast-unique-numbers/build/es2019/types/cache-factory.js.map'
removed '/usr/lib/node_modules/node-red/node_modules/fast-unique-numbers/build/es2019/types/generate-unique-number-factory.js.map'
removed '/usr/lib/node_modules/node-red/node_modules/fast-unique-numbers/build/es2019/types/index.js.map'
removed '/usr/lib/node_modules/node-red/node_modules/fast-unique-numbers/build/es2019/types/generate-unique-number-factory.d.ts'
removed '/usr/lib/node_modules/node-red/node_modules/fast-unique-numbers/build/es2019/types/generate-unique-number-factory.d.ts.map'
removed '/usr/lib/node_modules/node-red/node_modules/fast-unique-numbers/build/es2019/types/add-unique-number-factory.js.map'
removed '/usr/lib/node_modules/node-red/node_modules/fast-unique-numbers/build/es2019/types/cache-function.d.ts'
removed '/usr/lib/node_modules/node-red/node_modules/fast-unique-numbers/build/es2019/types/generate-unique-number-function.js.map'
removed '/usr/lib/node_modules/node-red/node_modules/fast-unique-numbers/build/es2019/types/cache-function.d.ts.map'
removed '/usr/lib/node_modules/node-red/node_modules/fast-unique-numbers/build/es2019/types/generate-unique-number-function.d.ts'
removed '/usr/lib/node_modules/node-red/node_modules/fast-unique-numbers/build/es2019/types/generate-unique-number-function.d.ts.map'
removed '/usr/lib/node_modules/node-red/node_modules/fast-unique-numbers/build/es2019/types/generate-unique-number-function.js'
removed '/usr/lib/node_modules/node-red/node_modules/fast-unique-numbers/build/es2019/types/cache-factory.d.ts.map'
removed '/usr/lib/node_modules/node-red/node_modules/fast-unique-numbers/build/es2019/types/cache-factory.d.ts'
removed '/usr/lib/node_modules/node-red/node_modules/fast-unique-numbers/build/es2019/types/add-unique-number-function.d.ts.map'
removed '/usr/lib/node_modules/node-red/node_modules/fast-unique-numbers/build/es2019/types/add-unique-number-function.d.ts'
removed '/usr/lib/node_modules/node-red/node_modules/fast-unique-numbers/build/es2019/types/index.d.ts'
removed '/usr/lib/node_modules/node-red/node_modules/fast-unique-numbers/build/es2019/types/index.d.ts.map'
removed directory '/usr/lib/node_modules/node-red/node_modules/fast-unique-numbers/build/es2019/types'
removed directory '/usr/lib/node_modules/node-red/node_modules/fast-unique-numbers/build/es2019'
removed '/usr/lib/node_modules/node-red/node_modules/fast-unique-numbers/build/es5/bundle.js'
removed directory '/usr/lib/node_modules/node-red/node_modules/fast-unique-numbers/build/es5'
removed '/usr/lib/node_modules/node-red/node_modules/fast-unique-numbers/build/node/factories/add-unique-number.js'
removed '/usr/lib/node_modules/node-red/node_modules/fast-unique-numbers/build/node/factories/cache.js'
removed '/usr/lib/node_modules/node-red/node_modules/fast-unique-numbers/build/node/factories/generate-unique-number.js'
removed directory '/usr/lib/node_modules/node-red/node_modules/fast-unique-numbers/build/node/factories'
removed '/usr/lib/node_modules/node-red/node_modules/fast-unique-numbers/build/node/module.js'
removed '/usr/lib/node_modules/node-red/node_modules/fast-unique-numbers/build/node/types/add-unique-number-function.js'
removed '/usr/lib/node_modules/node-red/node_modules/fast-unique-numbers/build/node/types/add-unique-number-factory.js'
removed '/usr/lib/node_modules/node-red/node_modules/fast-unique-numbers/build/node/types/index.js'
removed '/usr/lib/node_modules/node-red/node_modules/fast-unique-numbers/build/node/types/cache-function.js'
removed '/usr/lib/node_modules/node-red/node_modules/fast-unique-numbers/build/node/types/cache-factory.js'
removed '/usr/lib/node_modules/node-red/node_modules/fast-unique-numbers/build/node/types/generate-unique-number-factory.js'
removed '/usr/lib/node_modules/node-red/node_modules/fast-unique-numbers/build/node/types/generate-unique-number-function.js'
removed directory '/usr/lib/node_modules/node-red/node_modules/fast-unique-numbers/build/node/types'
removed directory '/usr/lib/node_modules/node-red/node_modules/fast-unique-numbers/build/node'
removed directory '/usr/lib/node_modules/node-red/node_modules/fast-unique-numbers/build'
removed '/usr/lib/node_modules/node-red/node_modules/fast-unique-numbers/README.md'
removed '/usr/lib/node_modules/node-red/node_modules/fast-unique-numbers/src/tsconfig.json'
removed '/usr/lib/node_modules/node-red/node_modules/fast-unique-numbers/src/factories/cache.ts'
removed '/usr/lib/node_modules/node-red/node_modules/fast-unique-numbers/src/factories/add-unique-number.ts'
removed '/usr/lib/node_modules/node-red/node_modules/fast-unique-numbers/src/factories/generate-unique-number.ts'
removed directory '/usr/lib/node_modules/node-red/node_modules/fast-unique-numbers/src/factories'
removed '/usr/lib/node_modules/node-red/node_modules/fast-unique-numbers/src/types/add-unique-number-factory.ts'
removed '/usr/lib/node_modules/node-red/node_modules/fast-unique-numbers/src/types/cache-factory.ts'
removed '/usr/lib/node_modules/node-red/node_modules/fast-unique-numbers/src/types/add-unique-number-function.ts'
removed '/usr/lib/node_modules/node-red/node_modules/fast-unique-numbers/src/types/generate-unique-number-factory.ts'
removed '/usr/lib/node_modules/node-red/node_modules/fast-unique-numbers/src/types/cache-function.ts'
removed '/usr/lib/node_modules/node-red/node_modules/fast-unique-numbers/src/types/generate-unique-number-function.ts'
removed '/usr/lib/node_modules/node-red/node_modules/fast-unique-numbers/src/types/index.ts'
removed directory '/usr/lib/node_modules/node-red/node_modules/fast-unique-numbers/src/types'
removed '/usr/lib/node_modules/node-red/node_modules/fast-unique-numbers/src/module.ts'
removed directory '/usr/lib/node_modules/node-red/node_modules/fast-unique-numbers/src'
removed '/usr/lib/node_modules/node-red/node_modules/fast-unique-numbers/LICENSE'
removed directory '/usr/lib/node_modules/node-red/node_modules/fast-unique-numbers'
removed '/usr/lib/node_modules/node-red/node_modules/xtend/package.json'
removed '/usr/lib/node_modules/node-red/node_modules/xtend/README.md'
removed '/usr/lib/node_modules/node-red/node_modules/xtend/test.js'
removed '/usr/lib/node_modules/node-red/node_modules/xtend/immutable.js'
removed '/usr/lib/node_modules/node-red/node_modules/xtend/mutable.js'
removed '/usr/lib/node_modules/node-red/node_modules/xtend/.jshintrc'
removed '/usr/lib/node_modules/node-red/node_modules/xtend/LICENSE'
removed directory '/usr/lib/node_modules/node-red/node_modules/xtend'
removed '/usr/lib/node_modules/node-red/node_modules/has-symbols/tsconfig.json'
removed '/usr/lib/node_modules/node-red/node_modules/has-symbols/shams.js'
removed '/usr/lib/node_modules/node-red/node_modules/has-symbols/package.json'
removed '/usr/lib/node_modules/node-red/node_modules/has-symbols/test/index.js'
removed '/usr/lib/node_modules/node-red/node_modules/has-symbols/test/shams/get-own-property-symbols.js'
removed '/usr/lib/node_modules/node-red/node_modules/has-symbols/test/shams/core-js.js'
removed directory '/usr/lib/node_modules/node-red/node_modules/has-symbols/test/shams'
removed '/usr/lib/node_modules/node-red/node_modules/has-symbols/test/tests.js'
removed directory '/usr/lib/node_modules/node-red/node_modules/has-symbols/test'
removed '/usr/lib/node_modules/node-red/node_modules/has-symbols/index.js'
removed '/usr/lib/node_modules/node-red/node_modules/has-symbols/README.md'
removed '/usr/lib/node_modules/node-red/node_modules/has-symbols/.eslintrc'
removed '/usr/lib/node_modules/node-red/node_modules/has-symbols/.github/FUNDING.yml'
removed directory '/usr/lib/node_modules/node-red/node_modules/has-symbols/.github'
removed '/usr/lib/node_modules/node-red/node_modules/has-symbols/CHANGELOG.md'
removed '/usr/lib/node_modules/node-red/node_modules/has-symbols/shams.d.ts'
removed '/usr/lib/node_modules/node-red/node_modules/has-symbols/index.d.ts'
removed '/usr/lib/node_modules/node-red/node_modules/has-symbols/LICENSE'
removed '/usr/lib/node_modules/node-red/node_modules/has-symbols/.nycrc'
removed directory '/usr/lib/node_modules/node-red/node_modules/has-symbols'
removed '/usr/lib/node_modules/node-red/node_modules/lru-cache/package.json'
removed '/usr/lib/node_modules/node-red/node_modules/lru-cache/index.js'
removed '/usr/lib/node_modules/node-red/node_modules/lru-cache/README.md'
removed '/usr/lib/node_modules/node-red/node_modules/lru-cache/LICENSE'
removed directory '/usr/lib/node_modules/node-red/node_modules/lru-cache'
removed '/usr/lib/node_modules/node-red/node_modules/defer-to-connect/package.json'
removed '/usr/lib/node_modules/node-red/node_modules/defer-to-connect/dist/source/index.js'
removed '/usr/lib/node_modules/node-red/node_modules/defer-to-connect/dist/source/index.d.ts'
removed directory '/usr/lib/node_modules/node-red/node_modules/defer-to-connect/dist/source'
removed directory '/usr/lib/node_modules/node-red/node_modules/defer-to-connect/dist'
removed '/usr/lib/node_modules/node-red/node_modules/defer-to-connect/README.md'
removed '/usr/lib/node_modules/node-red/node_modules/defer-to-connect/LICENSE'
removed directory '/usr/lib/node_modules/node-red/node_modules/defer-to-connect'
removed directory '/usr/lib/node_modules/node-red/node_modules/@emnapi'
removed '/usr/lib/node_modules/node-red/node_modules/mqtt-packet/parser.js'
removed '/usr/lib/node_modules/node-red/node_modules/mqtt-packet/package.json'
removed '/usr/lib/node_modules/node-red/node_modules/mqtt-packet/mqtt.js'
removed '/usr/lib/node_modules/node-red/node_modules/mqtt-packet/constants.js'
removed '/usr/lib/node_modules/node-red/node_modules/mqtt-packet/testRandom.js'
removed '/usr/lib/node_modules/node-red/node_modules/mqtt-packet/CONTRIBUTING.md'
removed '/usr/lib/node_modules/node-red/node_modules/mqtt-packet/README.md'
removed '/usr/lib/node_modules/node-red/node_modules/mqtt-packet/generate.js'
removed '/usr/lib/node_modules/node-red/node_modules/mqtt-packet/LICENSE.md'
removed '/usr/lib/node_modules/node-red/node_modules/mqtt-packet/packet.js'
removed '/usr/lib/node_modules/node-red/node_modules/mqtt-packet/test.js'
removed '/usr/lib/node_modules/node-red/node_modules/mqtt-packet/.github/workflows/ci.yml'
removed directory '/usr/lib/node_modules/node-red/node_modules/mqtt-packet/.github/workflows'
removed directory '/usr/lib/node_modules/node-red/node_modules/mqtt-packet/.github'
removed '/usr/lib/node_modules/node-red/node_modules/mqtt-packet/node_modules/debug/package.json'
removed '/usr/lib/node_modules/node-red/node_modules/mqtt-packet/node_modules/debug/README.md'
removed '/usr/lib/node_modules/node-red/node_modules/mqtt-packet/node_modules/debug/src/common.js'
removed '/usr/lib/node_modules/node-red/node_modules/mqtt-packet/node_modules/debug/src/index.js'
removed '/usr/lib/node_modules/node-red/node_modules/mqtt-packet/node_modules/debug/src/browser.js'
removed '/usr/lib/node_modules/node-red/node_modules/mqtt-packet/node_modules/debug/src/node.js'
removed directory '/usr/lib/node_modules/node-red/node_modules/mqtt-packet/node_modules/debug/src'
removed '/usr/lib/node_modules/node-red/node_modules/mqtt-packet/node_modules/debug/LICENSE'
removed directory '/usr/lib/node_modules/node-red/node_modules/mqtt-packet/node_modules/debug'
removed '/usr/lib/node_modules/node-red/node_modules/mqtt-packet/node_modules/ms/readme.md'
removed '/usr/lib/node_modules/node-red/node_modules/mqtt-packet/node_modules/ms/package.json'
removed '/usr/lib/node_modules/node-red/node_modules/mqtt-packet/node_modules/ms/index.js'
removed '/usr/lib/node_modules/node-red/node_modules/mqtt-packet/node_modules/ms/license.md'
removed directory '/usr/lib/node_modules/node-red/node_modules/mqtt-packet/node_modules/ms'
removed directory '/usr/lib/node_modules/node-red/node_modules/mqtt-packet/node_modules'
removed '/usr/lib/node_modules/node-red/node_modules/mqtt-packet/benchmarks/parse.js'
removed '/usr/lib/node_modules/node-red/node_modules/mqtt-packet/benchmarks/generate.js'
removed '/usr/lib/node_modules/node-red/node_modules/mqtt-packet/benchmarks/generateNet.js'
removed '/usr/lib/node_modules/node-red/node_modules/mqtt-packet/benchmarks/writeToStream.js'
removed directory '/usr/lib/node_modules/node-red/node_modules/mqtt-packet/benchmarks'
removed '/usr/lib/node_modules/node-red/node_modules/mqtt-packet/numbers.js'
removed '/usr/lib/node_modules/node-red/node_modules/mqtt-packet/writeToStream.js'
removed '/usr/lib/node_modules/node-red/node_modules/mqtt-packet/types/index.d.ts'
removed directory '/usr/lib/node_modules/node-red/node_modules/mqtt-packet/types'
removed directory '/usr/lib/node_modules/node-red/node_modules/mqtt-packet'
removed '/usr/lib/node_modules/node-red/node_modules/passport-oauth2-client-password/package.json'
removed '/usr/lib/node_modules/node-red/node_modules/passport-oauth2-client-password/README.md'
removed '/usr/lib/node_modules/node-red/node_modules/passport-oauth2-client-password/lib/strategy.js'
removed '/usr/lib/node_modules/node-red/node_modules/passport-oauth2-client-password/lib/index.js'
removed directory '/usr/lib/node_modules/node-red/node_modules/passport-oauth2-client-password/lib'
removed '/usr/lib/node_modules/node-red/node_modules/passport-oauth2-client-password/.travis.yml'
removed '/usr/lib/node_modules/node-red/node_modules/passport-oauth2-client-password/LICENSE'
removed directory '/usr/lib/node_modules/node-red/node_modules/passport-oauth2-client-password'
removed '/usr/lib/node_modules/node-red/node_modules/mime-db/db.json'
removed '/usr/lib/node_modules/node-red/node_modules/mime-db/package.json'
removed '/usr/lib/node_modules/node-red/node_modules/mime-db/HISTORY.md'
removed '/usr/lib/node_modules/node-red/node_modules/mime-db/index.js'
removed '/usr/lib/node_modules/node-red/node_modules/mime-db/README.md'
removed '/usr/lib/node_modules/node-red/node_modules/mime-db/LICENSE'
removed directory '/usr/lib/node_modules/node-red/node_modules/mime-db'
removed '/usr/lib/node_modules/node-red/node_modules/base64-js/package.json'
removed '/usr/lib/node_modules/node-red/node_modules/base64-js/index.js'
removed '/usr/lib/node_modules/node-red/node_modules/base64-js/base64js.min.js'
removed '/usr/lib/node_modules/node-red/node_modules/base64-js/README.md'
removed '/usr/lib/node_modules/node-red/node_modules/base64-js/index.d.ts'
removed '/usr/lib/node_modules/node-red/node_modules/base64-js/LICENSE'
removed directory '/usr/lib/node_modules/node-red/node_modules/base64-js'
removed '/usr/lib/node_modules/node-red/node_modules/http-cache-semantics/package.json'
removed '/usr/lib/node_modules/node-red/node_modules/http-cache-semantics/index.js'
removed '/usr/lib/node_modules/node-red/node_modules/http-cache-semantics/README.md'
removed '/usr/lib/node_modules/node-red/node_modules/http-cache-semantics/LICENSE'
removed directory '/usr/lib/node_modules/node-red/node_modules/http-cache-semantics'
removed '/usr/lib/node_modules/node-red/node_modules/encodeurl/package.json'
removed '/usr/lib/node_modules/node-red/node_modules/encodeurl/index.js'
removed '/usr/lib/node_modules/node-red/node_modules/encodeurl/README.md'
removed '/usr/lib/node_modules/node-red/node_modules/encodeurl/LICENSE'
removed directory '/usr/lib/node_modules/node-red/node_modules/encodeurl'
removed '/usr/lib/node_modules/node-red/node_modules/worker-timers-worker/package.json'
removed '/usr/lib/node_modules/node-red/node_modules/worker-timers-worker/build/es2019/module.js.map'
removed '/usr/lib/node_modules/node-red/node_modules/worker-timers-worker/build/es2019/module.d.ts.map'
removed '/usr/lib/node_modules/node-red/node_modules/worker-timers-worker/build/es2019/helpers/timer.d.ts.map'
removed '/usr/lib/node_modules/node-red/node_modules/worker-timers-worker/build/es2019/helpers/timer.d.ts'
removed '/usr/lib/node_modules/node-red/node_modules/worker-timers-worker/build/es2019/helpers/timer.js.map'
removed '/usr/lib/node_modules/node-red/node_modules/worker-timers-worker/build/es2019/helpers/timer.js'
removed directory '/usr/lib/node_modules/node-red/node_modules/worker-timers-worker/build/es2019/helpers'
removed '/usr/lib/node_modules/node-red/node_modules/worker-timers-worker/build/es2019/module.d.ts'
removed '/usr/lib/node_modules/node-red/node_modules/worker-timers-worker/build/es2019/module.js'
removed '/usr/lib/node_modules/node-red/node_modules/worker-timers-worker/build/es2019/types/broker-message.d.ts.map'
removed '/usr/lib/node_modules/node-red/node_modules/worker-timers-worker/build/es2019/types/timer-type.js.map'
removed '/usr/lib/node_modules/node-red/node_modules/worker-timers-worker/build/es2019/types/broker-message.d.ts'
removed '/usr/lib/node_modules/node-red/node_modules/worker-timers-worker/build/es2019/types/worker-message.js'
removed '/usr/lib/node_modules/node-red/node_modules/worker-timers-worker/build/es2019/types/worker-message.d.ts.map'
removed '/usr/lib/node_modules/node-red/node_modules/worker-timers-worker/build/es2019/types/index.js'
removed '/usr/lib/node_modules/node-red/node_modules/worker-timers-worker/build/es2019/types/timer-type.js'
removed '/usr/lib/node_modules/node-red/node_modules/worker-timers-worker/build/es2019/types/index.js.map'
removed '/usr/lib/node_modules/node-red/node_modules/worker-timers-worker/build/es2019/types/worker-message.js.map'
removed '/usr/lib/node_modules/node-red/node_modules/worker-timers-worker/build/es2019/types/timer-type.d.ts'
removed '/usr/lib/node_modules/node-red/node_modules/worker-timers-worker/build/es2019/types/worker-message.d.ts'
removed '/usr/lib/node_modules/node-red/node_modules/worker-timers-worker/build/es2019/types/broker-message.js'
removed '/usr/lib/node_modules/node-red/node_modules/worker-timers-worker/build/es2019/types/timer-type.d.ts.map'
removed '/usr/lib/node_modules/node-red/node_modules/worker-timers-worker/build/es2019/types/index.d.ts'
removed '/usr/lib/node_modules/node-red/node_modules/worker-timers-worker/build/es2019/types/index.d.ts.map'
removed '/usr/lib/node_modules/node-red/node_modules/worker-timers-worker/build/es2019/types/broker-message.js.map'
removed directory '/usr/lib/node_modules/node-red/node_modules/worker-timers-worker/build/es2019/types'
removed '/usr/lib/node_modules/node-red/node_modules/worker-timers-worker/build/es2019/interfaces/broker-event.js.map'
removed '/usr/lib/node_modules/node-red/node_modules/worker-timers-worker/build/es2019/interfaces/error-response.js'
removed '/usr/lib/node_modules/node-red/node_modules/worker-timers-worker/build/es2019/interfaces/error-response.d.ts'
removed '/usr/lib/node_modules/node-red/node_modules/worker-timers-worker/build/es2019/interfaces/set-notification.js'
removed '/usr/lib/node_modules/node-red/node_modules/worker-timers-worker/build/es2019/interfaces/clear-request.js'
removed '/usr/lib/node_modules/node-red/node_modules/worker-timers-worker/build/es2019/interfaces/broker-event.d.ts.map'
removed '/usr/lib/node_modules/node-red/node_modules/worker-timers-worker/build/es2019/interfaces/call-notification.d.ts'
removed '/usr/lib/node_modules/node-red/node_modules/worker-timers-worker/build/es2019/interfaces/call-notification.d.ts.map'
removed '/usr/lib/node_modules/node-red/node_modules/worker-timers-worker/build/es2019/interfaces/error-notification.js'
removed '/usr/lib/node_modules/node-red/node_modules/worker-timers-worker/build/es2019/interfaces/error-notification.js.map'
removed '/usr/lib/node_modules/node-red/node_modules/worker-timers-worker/build/es2019/interfaces/clear-request.d.ts.map'
removed '/usr/lib/node_modules/node-red/node_modules/worker-timers-worker/build/es2019/interfaces/index.js'
removed '/usr/lib/node_modules/node-red/node_modules/worker-timers-worker/build/es2019/interfaces/set-notification.d.ts.map'
removed '/usr/lib/node_modules/node-red/node_modules/worker-timers-worker/build/es2019/interfaces/clear-response.js.map'
removed '/usr/lib/node_modules/node-red/node_modules/worker-timers-worker/build/es2019/interfaces/worker-event.d.ts'
removed '/usr/lib/node_modules/node-red/node_modules/worker-timers-worker/build/es2019/interfaces/index.js.map'
removed '/usr/lib/node_modules/node-red/node_modules/worker-timers-worker/build/es2019/interfaces/clear-response.d.ts'
removed '/usr/lib/node_modules/node-red/node_modules/worker-timers-worker/build/es2019/interfaces/worker-event.js.map'
removed '/usr/lib/node_modules/node-red/node_modules/worker-timers-worker/build/es2019/interfaces/broker-event.js'
removed '/usr/lib/node_modules/node-red/node_modules/worker-timers-worker/build/es2019/interfaces/worker-event.d.ts.map'
removed '/usr/lib/node_modules/node-red/node_modules/worker-timers-worker/build/es2019/interfaces/broker-event.d.ts'
removed '/usr/lib/node_modules/node-red/node_modules/worker-timers-worker/build/es2019/interfaces/error-response.js.map'
removed '/usr/lib/node_modules/node-red/node_modules/worker-timers-worker/build/es2019/interfaces/clear-request.d.ts'
removed '/usr/lib/node_modules/node-red/node_modules/worker-timers-worker/build/es2019/interfaces/set-notification.d.ts'
removed '/usr/lib/node_modules/node-red/node_modules/worker-timers-worker/build/es2019/interfaces/set-notification.js.map'
removed '/usr/lib/node_modules/node-red/node_modules/worker-timers-worker/build/es2019/interfaces/worker-event.js'
removed '/usr/lib/node_modules/node-red/node_modules/worker-timers-worker/build/es2019/interfaces/call-notification.js.map'
removed '/usr/lib/node_modules/node-red/node_modules/worker-timers-worker/build/es2019/interfaces/error-response.d.ts.map'
removed '/usr/lib/node_modules/node-red/node_modules/worker-timers-worker/build/es2019/interfaces/call-notification.js'
removed '/usr/lib/node_modules/node-red/node_modules/worker-timers-worker/build/es2019/interfaces/clear-response.d.ts.map'
removed '/usr/lib/node_modules/node-red/node_modules/worker-timers-worker/build/es2019/interfaces/index.d.ts'
removed '/usr/lib/node_modules/node-red/node_modules/worker-timers-worker/build/es2019/interfaces/index.d.ts.map'
removed '/usr/lib/node_modules/node-red/node_modules/worker-timers-worker/build/es2019/interfaces/clear-response.js'
removed '/usr/lib/node_modules/node-red/node_modules/worker-timers-worker/build/es2019/interfaces/clear-request.js.map'
removed '/usr/lib/node_modules/node-red/node_modules/worker-timers-worker/build/es2019/interfaces/error-notification.d.ts'
removed '/usr/lib/node_modules/node-red/node_modules/worker-timers-worker/build/es2019/interfaces/error-notification.d.ts.map'
removed directory '/usr/lib/node_modules/node-red/node_modules/worker-timers-worker/build/es2019/interfaces'
removed directory '/usr/lib/node_modules/node-red/node_modules/worker-timers-worker/build/es2019'
removed '/usr/lib/node_modules/node-red/node_modules/worker-timers-worker/build/es5/bundle.js'
removed directory '/usr/lib/node_modules/node-red/node_modules/worker-timers-worker/build/es5'
removed directory '/usr/lib/node_modules/node-red/node_modules/worker-timers-worker/build'
removed '/usr/lib/node_modules/node-red/node_modules/worker-timers-worker/README.md'
removed '/usr/lib/node_modules/node-red/node_modules/worker-timers-worker/src/tsconfig.json'
removed '/usr/lib/node_modules/node-red/node_modules/worker-timers-worker/src/helpers/timer.ts'
removed directory '/usr/lib/node_modules/node-red/node_modules/worker-timers-worker/src/helpers'
removed '/usr/lib/node_modules/node-red/node_modules/worker-timers-worker/src/types/timer-type.ts'
removed '/usr/lib/node_modules/node-red/node_modules/worker-timers-worker/src/types/worker-message.ts'
removed '/usr/lib/node_modules/node-red/node_modules/worker-timers-worker/src/types/broker-message.ts'
removed '/usr/lib/node_modules/node-red/node_modules/worker-timers-worker/src/types/index.ts'
removed directory '/usr/lib/node_modules/node-red/node_modules/worker-timers-worker/src/types'
removed '/usr/lib/node_modules/node-red/node_modules/worker-timers-worker/src/module.ts'
removed '/usr/lib/node_modules/node-red/node_modules/worker-timers-worker/src/interfaces/clear-response.ts'
removed '/usr/lib/node_modules/node-red/node_modules/worker-timers-worker/src/interfaces/error-response.ts'
removed '/usr/lib/node_modules/node-red/node_modules/worker-timers-worker/src/interfaces/broker-event.ts'
removed '/usr/lib/node_modules/node-red/node_modules/worker-timers-worker/src/interfaces/call-notification.ts'
removed '/usr/lib/node_modules/node-red/node_modules/worker-timers-worker/src/interfaces/set-notification.ts'
removed '/usr/lib/node_modules/node-red/node_modules/worker-timers-worker/src/interfaces/worker-event.ts'
removed '/usr/lib/node_modules/node-red/node_modules/worker-timers-worker/src/interfaces/error-notification.ts'
removed '/usr/lib/node_modules/node-red/node_modules/worker-timers-worker/src/interfaces/clear-request.ts'
removed '/usr/lib/node_modules/node-red/node_modules/worker-timers-worker/src/interfaces/index.ts'
removed directory '/usr/lib/node_modules/node-red/node_modules/worker-timers-worker/src/interfaces'
removed directory '/usr/lib/node_modules/node-red/node_modules/worker-timers-worker/src'
removed '/usr/lib/node_modules/node-red/node_modules/worker-timers-worker/LICENSE'
removed directory '/usr/lib/node_modules/node-red/node_modules/worker-timers-worker'
removed '/usr/lib/node_modules/node-red/node_modules/mimic-response/readme.md'
removed '/usr/lib/node_modules/node-red/node_modules/mimic-response/package.json'
removed '/usr/lib/node_modules/node-red/node_modules/mimic-response/license'
removed '/usr/lib/node_modules/node-red/node_modules/mimic-response/index.js'
removed '/usr/lib/node_modules/node-red/node_modules/mimic-response/index.d.ts'
removed directory '/usr/lib/node_modules/node-red/node_modules/mimic-response'
removed '/usr/lib/node_modules/node-red/node_modules/bcryptjs/package.json'
removed '/usr/lib/node_modules/node-red/node_modules/bcryptjs/index.js'
removed '/usr/lib/node_modules/node-red/node_modules/bcryptjs/types.d.ts'
removed '/usr/lib/node_modules/node-red/node_modules/bcryptjs/README.md'
removed '/usr/lib/node_modules/node-red/node_modules/bcryptjs/umd/package.json'
removed '/usr/lib/node_modules/node-red/node_modules/bcryptjs/umd/index.js'
removed '/usr/lib/node_modules/node-red/node_modules/bcryptjs/umd/types.d.ts'
removed '/usr/lib/node_modules/node-red/node_modules/bcryptjs/umd/index.d.ts'
removed directory '/usr/lib/node_modules/node-red/node_modules/bcryptjs/umd'
removed '/usr/lib/node_modules/node-red/node_modules/bcryptjs/bin/bcrypt'
removed directory '/usr/lib/node_modules/node-red/node_modules/bcryptjs/bin'
removed '/usr/lib/node_modules/node-red/node_modules/bcryptjs/index.d.ts'
removed '/usr/lib/node_modules/node-red/node_modules/bcryptjs/LICENSE'
removed directory '/usr/lib/node_modules/node-red/node_modules/bcryptjs'
removed '/usr/lib/node_modules/node-red/node_modules/proxy-addr/package.json'
removed '/usr/lib/node_modules/node-red/node_modules/proxy-addr/HISTORY.md'
removed '/usr/lib/node_modules/node-red/node_modules/proxy-addr/index.js'
removed '/usr/lib/node_modules/node-red/node_modules/proxy-addr/README.md'
removed '/usr/lib/node_modules/node-red/node_modules/proxy-addr/LICENSE'
removed directory '/usr/lib/node_modules/node-red/node_modules/proxy-addr'
removed '/usr/lib/node_modules/node-red/node_modules/universalify/package.json'
removed '/usr/lib/node_modules/node-red/node_modules/universalify/index.js'
removed '/usr/lib/node_modules/node-red/node_modules/universalify/README.md'
removed '/usr/lib/node_modules/node-red/node_modules/universalify/LICENSE'
removed directory '/usr/lib/node_modules/node-red/node_modules/universalify'
removed '/usr/lib/node_modules/node-red/node_modules/append-field/package.json'
removed '/usr/lib/node_modules/node-red/node_modules/append-field/test/forms.js'
removed directory '/usr/lib/node_modules/node-red/node_modules/append-field/test'
removed '/usr/lib/node_modules/node-red/node_modules/append-field/index.js'
removed '/usr/lib/node_modules/node-red/node_modules/append-field/.npmignore'
removed '/usr/lib/node_modules/node-red/node_modules/append-field/README.md'
removed '/usr/lib/node_modules/node-red/node_modules/append-field/lib/set-value.js'
removed '/usr/lib/node_modules/node-red/node_modules/append-field/lib/parse-path.js'
removed directory '/usr/lib/node_modules/node-red/node_modules/append-field/lib'
removed '/usr/lib/node_modules/node-red/node_modules/append-field/LICENSE'
removed directory '/usr/lib/node_modules/node-red/node_modules/append-field'
removed '/usr/lib/node_modules/node-red/node_modules/ansi-styles/readme.md'
removed '/usr/lib/node_modules/node-red/node_modules/ansi-styles/package.json'
removed '/usr/lib/node_modules/node-red/node_modules/ansi-styles/license'
removed '/usr/lib/node_modules/node-red/node_modules/ansi-styles/index.js'
removed '/usr/lib/node_modules/node-red/node_modules/ansi-styles/index.d.ts'
removed directory '/usr/lib/node_modules/node-red/node_modules/ansi-styles'
removed '/usr/lib/node_modules/node-red/node_modules/buffer-from/readme.md'
removed '/usr/lib/node_modules/node-red/node_modules/buffer-from/package.json'
removed '/usr/lib/node_modules/node-red/node_modules/buffer-from/index.js'
removed '/usr/lib/node_modules/node-red/node_modules/buffer-from/LICENSE'
removed directory '/usr/lib/node_modules/node-red/node_modules/buffer-from'
removed '/usr/lib/node_modules/node-red/node_modules/proxy-from-env/package.json'
removed '/usr/lib/node_modules/node-red/node_modules/proxy-from-env/index.js'
removed '/usr/lib/node_modules/node-red/node_modules/proxy-from-env/README.md'
removed '/usr/lib/node_modules/node-red/node_modules/proxy-from-env/.eslintrc'
removed '/usr/lib/node_modules/node-red/node_modules/proxy-from-env/test.js'
removed '/usr/lib/node_modules/node-red/node_modules/proxy-from-env/.travis.yml'
removed '/usr/lib/node_modules/node-red/node_modules/proxy-from-env/LICENSE'
removed directory '/usr/lib/node_modules/node-red/node_modules/proxy-from-env'
removed '/usr/lib/node_modules/node-red/node_modules/chownr/package.json'
removed '/usr/lib/node_modules/node-red/node_modules/chownr/dist/commonjs/package.json'
removed '/usr/lib/node_modules/node-red/node_modules/chownr/dist/commonjs/index.js'
removed '/usr/lib/node_modules/node-red/node_modules/chownr/dist/commonjs/index.js.map'
removed '/usr/lib/node_modules/node-red/node_modules/chownr/dist/commonjs/index.d.ts'
removed '/usr/lib/node_modules/node-red/node_modules/chownr/dist/commonjs/index.d.ts.map'
removed directory '/usr/lib/node_modules/node-red/node_modules/chownr/dist/commonjs'
removed '/usr/lib/node_modules/node-red/node_modules/chownr/dist/esm/package.json'
removed '/usr/lib/node_modules/node-red/node_modules/chownr/dist/esm/index.js'
removed '/usr/lib/node_modules/node-red/node_modules/chownr/dist/esm/index.js.map'
removed '/usr/lib/node_modules/node-red/node_modules/chownr/dist/esm/index.d.ts'
removed '/usr/lib/node_modules/node-red/node_modules/chownr/dist/esm/index.d.ts.map'
removed directory '/usr/lib/node_modules/node-red/node_modules/chownr/dist/esm'
removed directory '/usr/lib/node_modules/node-red/node_modules/chownr/dist'
removed '/usr/lib/node_modules/node-red/node_modules/chownr/README.md'
removed '/usr/lib/node_modules/node-red/node_modules/chownr/LICENSE.md'
removed directory '/usr/lib/node_modules/node-red/node_modules/chownr'
removed '/usr/lib/node_modules/node-red/node_modules/has-flag/readme.md'
removed '/usr/lib/node_modules/node-red/node_modules/has-flag/package.json'
removed '/usr/lib/node_modules/node-red/node_modules/has-flag/license'
removed '/usr/lib/node_modules/node-red/node_modules/has-flag/index.js'
removed '/usr/lib/node_modules/node-red/node_modules/has-flag/index.d.ts'
removed directory '/usr/lib/node_modules/node-red/node_modules/has-flag'
removed '/usr/lib/node_modules/node-red/node_modules/statuses/package.json'
removed '/usr/lib/node_modules/node-red/node_modules/statuses/HISTORY.md'
removed '/usr/lib/node_modules/node-red/node_modules/statuses/index.js'
removed '/usr/lib/node_modules/node-red/node_modules/statuses/codes.json'
removed '/usr/lib/node_modules/node-red/node_modules/statuses/README.md'
removed '/usr/lib/node_modules/node-red/node_modules/statuses/LICENSE'
removed directory '/usr/lib/node_modules/node-red/node_modules/statuses'
removed '/usr/lib/node_modules/node-red/node_modules/minipass/package.json'
removed '/usr/lib/node_modules/node-red/node_modules/minipass/dist/commonjs/package.json'
removed '/usr/lib/node_modules/node-red/node_modules/minipass/dist/commonjs/index.js'
removed '/usr/lib/node_modules/node-red/node_modules/minipass/dist/commonjs/index.js.map'
removed '/usr/lib/node_modules/node-red/node_modules/minipass/dist/commonjs/index.d.ts'
removed '/usr/lib/node_modules/node-red/node_modules/minipass/dist/commonjs/index.d.ts.map'
removed directory '/usr/lib/node_modules/node-red/node_modules/minipass/dist/commonjs'
removed '/usr/lib/node_modules/node-red/node_modules/minipass/dist/esm/package.json'
removed '/usr/lib/node_modules/node-red/node_modules/minipass/dist/esm/index.js'
removed '/usr/lib/node_modules/node-red/node_modules/minipass/dist/esm/index.js.map'
removed '/usr/lib/node_modules/node-red/node_modules/minipass/dist/esm/index.d.ts'
removed '/usr/lib/node_modules/node-red/node_modules/minipass/dist/esm/index.d.ts.map'
removed directory '/usr/lib/node_modules/node-red/node_modules/minipass/dist/esm'
removed directory '/usr/lib/node_modules/node-red/node_modules/minipass/dist'
removed '/usr/lib/node_modules/node-red/node_modules/minipass/README.md'
removed '/usr/lib/node_modules/node-red/node_modules/minipass/LICENSE'
removed directory '/usr/lib/node_modules/node-red/node_modules/minipass'
removed '/usr/lib/node_modules/node-red/node_modules/util-deprecate/package.json'
removed '/usr/lib/node_modules/node-red/node_modules/util-deprecate/README.md'
removed '/usr/lib/node_modules/node-red/node_modules/util-deprecate/browser.js'
removed '/usr/lib/node_modules/node-red/node_modules/util-deprecate/History.md'
removed '/usr/lib/node_modules/node-red/node_modules/util-deprecate/node.js'
removed '/usr/lib/node_modules/node-red/node_modules/util-deprecate/LICENSE'
removed directory '/usr/lib/node_modules/node-red/node_modules/util-deprecate'
removed '/usr/lib/node_modules/node-red/node_modules/dom-serializer/package.json'
removed '/usr/lib/node_modules/node-red/node_modules/dom-serializer/README.md'
removed '/usr/lib/node_modules/node-red/node_modules/dom-serializer/lib/foreignNames.d.ts.map'
removed '/usr/lib/node_modules/node-red/node_modules/dom-serializer/lib/index.js'
removed '/usr/lib/node_modules/node-red/node_modules/dom-serializer/lib/esm/package.json'
removed '/usr/lib/node_modules/node-red/node_modules/dom-serializer/lib/esm/foreignNames.d.ts.map'
removed '/usr/lib/node_modules/node-red/node_modules/dom-serializer/lib/esm/index.js'
removed '/usr/lib/node_modules/node-red/node_modules/dom-serializer/lib/esm/foreignNames.d.ts'
removed '/usr/lib/node_modules/node-red/node_modules/dom-serializer/lib/esm/foreignNames.js'
removed '/usr/lib/node_modules/node-red/node_modules/dom-serializer/lib/esm/index.d.ts'
removed '/usr/lib/node_modules/node-red/node_modules/dom-serializer/lib/esm/index.d.ts.map'
removed directory '/usr/lib/node_modules/node-red/node_modules/dom-serializer/lib/esm'
removed '/usr/lib/node_modules/node-red/node_modules/dom-serializer/lib/foreignNames.d.ts'
removed '/usr/lib/node_modules/node-red/node_modules/dom-serializer/lib/foreignNames.js'
removed '/usr/lib/node_modules/node-red/node_modules/dom-serializer/lib/index.d.ts'
removed '/usr/lib/node_modules/node-red/node_modules/dom-serializer/lib/index.d.ts.map'
removed directory '/usr/lib/node_modules/node-red/node_modules/dom-serializer/lib'
removed '/usr/lib/node_modules/node-red/node_modules/dom-serializer/LICENSE'
removed directory '/usr/lib/node_modules/node-red/node_modules/dom-serializer'
removed '/usr/lib/node_modules/node-red/node_modules/supports-color/readme.md'
removed '/usr/lib/node_modules/node-red/node_modules/supports-color/package.json'
removed '/usr/lib/node_modules/node-red/node_modules/supports-color/license'
removed '/usr/lib/node_modules/node-red/node_modules/supports-color/index.js'
removed '/usr/lib/node_modules/node-red/node_modules/supports-color/browser.js'
removed directory '/usr/lib/node_modules/node-red/node_modules/supports-color'
removed '/usr/lib/node_modules/node-red/node_modules/json-schema-traverse/package.json'
removed '/usr/lib/node_modules/node-red/node_modules/json-schema-traverse/index.js'
removed '/usr/lib/node_modules/node-red/node_modules/json-schema-traverse/spec/index.spec.js'
removed '/usr/lib/node_modules/node-red/node_modules/json-schema-traverse/spec/.eslintrc.yml'
removed '/usr/lib/node_modules/node-red/node_modules/json-schema-traverse/spec/fixtures/schema.js'
removed directory '/usr/lib/node_modules/node-red/node_modules/json-schema-traverse/spec/fixtures'
removed directory '/usr/lib/node_modules/node-red/node_modules/json-schema-traverse/spec'
removed '/usr/lib/node_modules/node-red/node_modules/json-schema-traverse/.eslintrc.yml'
removed '/usr/lib/node_modules/node-red/node_modules/json-schema-traverse/README.md'
removed '/usr/lib/node_modules/node-red/node_modules/json-schema-traverse/.github/workflows/publish.yml'
removed '/usr/lib/node_modules/node-red/node_modules/json-schema-traverse/.github/workflows/build.yml'
removed directory '/usr/lib/node_modules/node-red/node_modules/json-schema-traverse/.github/workflows'
removed '/usr/lib/node_modules/node-red/node_modules/json-schema-traverse/.github/FUNDING.yml'
removed directory '/usr/lib/node_modules/node-red/node_modules/json-schema-traverse/.github'
removed '/usr/lib/node_modules/node-red/node_modules/json-schema-traverse/index.d.ts'
removed '/usr/lib/node_modules/node-red/node_modules/json-schema-traverse/LICENSE'
removed directory '/usr/lib/node_modules/node-red/node_modules/json-schema-traverse'
removed '/usr/lib/node_modules/node-red/node_modules/bytes/package.json'
removed '/usr/lib/node_modules/node-red/node_modules/bytes/index.js'
removed '/usr/lib/node_modules/node-red/node_modules/bytes/History.md'
removed '/usr/lib/node_modules/node-red/node_modules/bytes/Readme.md'
removed '/usr/lib/node_modules/node-red/node_modules/bytes/LICENSE'
removed directory '/usr/lib/node_modules/node-red/node_modules/bytes'
removed '/usr/lib/node_modules/node-red/node_modules/enquirer/package.json'
removed '/usr/lib/node_modules/node-red/node_modules/enquirer/index.js'
removed '/usr/lib/node_modules/node-red/node_modules/enquirer/README.md'
removed '/usr/lib/node_modules/node-red/node_modules/enquirer/lib/state.js'
removed '/usr/lib/node_modules/node-red/node_modules/enquirer/lib/completer.js'
removed '/usr/lib/node_modules/node-red/node_modules/enquirer/lib/render.js'
removed '/usr/lib/node_modules/node-red/node_modules/enquirer/lib/queue.js'
removed '/usr/lib/node_modules/node-red/node_modules/enquirer/lib/symbols.js'
removed '/usr/lib/node_modules/node-red/node_modules/enquirer/lib/styles.js'
removed '/usr/lib/node_modules/node-red/node_modules/enquirer/lib/combos.js'
removed '/usr/lib/node_modules/node-red/node_modules/enquirer/lib/ansi.js'
removed '/usr/lib/node_modules/node-red/node_modules/enquirer/lib/interpolate.js'
removed '/usr/lib/node_modules/node-red/node_modules/enquirer/lib/roles.js'
removed '/usr/lib/node_modules/node-red/node_modules/enquirer/lib/theme.js'
removed '/usr/lib/node_modules/node-red/node_modules/enquirer/lib/utils.js'
removed '/usr/lib/node_modules/node-red/node_modules/enquirer/lib/prompts/survey.js'
removed '/usr/lib/node_modules/node-red/node_modules/enquirer/lib/prompts/password.js'
removed '/usr/lib/node_modules/node-red/node_modules/enquirer/lib/prompts/confirm.js'
removed '/usr/lib/node_modules/node-red/node_modules/enquirer/lib/prompts/scale.js'
removed '/usr/lib/node_modules/node-red/node_modules/enquirer/lib/prompts/snippet.js'
removed '/usr/lib/node_modules/node-red/node_modules/enquirer/lib/prompts/autocomplete.js'
removed '/usr/lib/node_modules/node-red/node_modules/enquirer/lib/prompts/index.js'
removed '/usr/lib/node_modules/node-red/node_modules/enquirer/lib/prompts/text.js'
removed '/usr/lib/node_modules/node-red/node_modules/enquirer/lib/prompts/numeral.js'
removed '/usr/lib/node_modules/node-red/node_modules/enquirer/lib/prompts/list.js'
removed '/usr/lib/node_modules/node-red/node_modules/enquirer/lib/prompts/multiselect.js'
removed '/usr/lib/node_modules/node-red/node_modules/enquirer/lib/prompts/sort.js'
removed '/usr/lib/node_modules/node-red/node_modules/enquirer/lib/prompts/editable.js'
removed '/usr/lib/node_modules/node-red/node_modules/enquirer/lib/prompts/form.js'
removed '/usr/lib/node_modules/node-red/node_modules/enquirer/lib/prompts/quiz.js'
removed '/usr/lib/node_modules/node-red/node_modules/enquirer/lib/prompts/input.js'
removed '/usr/lib/node_modules/node-red/node_modules/enquirer/lib/prompts/basicauth.js'
removed '/usr/lib/node_modules/node-red/node_modules/enquirer/lib/prompts/invisible.js'
removed '/usr/lib/node_modules/node-red/node_modules/enquirer/lib/prompts/select.js'
removed '/usr/lib/node_modules/node-red/node_modules/enquirer/lib/prompts/toggle.js'
removed directory '/usr/lib/node_modules/node-red/node_modules/enquirer/lib/prompts'
removed '/usr/lib/node_modules/node-red/node_modules/enquirer/lib/types/array.js'
removed '/usr/lib/node_modules/node-red/node_modules/enquirer/lib/types/index.js'
removed '/usr/lib/node_modules/node-red/node_modules/enquirer/lib/types/auth.js'
removed '/usr/lib/node_modules/node-red/node_modules/enquirer/lib/types/number.js'
removed '/usr/lib/node_modules/node-red/node_modules/enquirer/lib/types/boolean.js'
removed '/usr/lib/node_modules/node-red/node_modules/enquirer/lib/types/string.js'
removed directory '/usr/lib/node_modules/node-red/node_modules/enquirer/lib/types'
removed '/usr/lib/node_modules/node-red/node_modules/enquirer/lib/placeholder.js'
removed '/usr/lib/node_modules/node-red/node_modules/enquirer/lib/timer.js'
removed '/usr/lib/node_modules/node-red/node_modules/enquirer/lib/prompt.js'
removed '/usr/lib/node_modules/node-red/node_modules/enquirer/lib/keypress.js'
removed directory '/usr/lib/node_modules/node-red/node_modules/enquirer/lib'
removed '/usr/lib/node_modules/node-red/node_modules/enquirer/index.d.ts'
removed '/usr/lib/node_modules/node-red/node_modules/enquirer/LICENSE'
removed directory '/usr/lib/node_modules/node-red/node_modules/enquirer'
removed '/usr/lib/node_modules/node-red/node_modules/tldts-core/package.json'
removed '/usr/lib/node_modules/node-red/node_modules/tldts-core/dist/es6/tsconfig.bundle.tsbuildinfo'
removed '/usr/lib/node_modules/node-red/node_modules/tldts-core/dist/es6/index.js'
removed '/usr/lib/node_modules/node-red/node_modules/tldts-core/dist/es6/index.js.map'
removed '/usr/lib/node_modules/node-red/node_modules/tldts-core/dist/es6/src/options.js.map'
removed '/usr/lib/node_modules/node-red/node_modules/tldts-core/dist/es6/src/is-valid.js.map'
removed '/usr/lib/node_modules/node-red/node_modules/tldts-core/dist/es6/src/domain-without-suffix.js'
removed '/usr/lib/node_modules/node-red/node_modules/tldts-core/dist/es6/src/domain.js.map'
removed '/usr/lib/node_modules/node-red/node_modules/tldts-core/dist/es6/src/subdomain.js'
removed '/usr/lib/node_modules/node-red/node_modules/tldts-core/dist/es6/src/factory.js.map'
removed '/usr/lib/node_modules/node-red/node_modules/tldts-core/dist/es6/src/is-ip.js'
removed '/usr/lib/node_modules/node-red/node_modules/tldts-core/dist/es6/src/subdomain.js.map'
removed '/usr/lib/node_modules/node-red/node_modules/tldts-core/dist/es6/src/options.js'
removed '/usr/lib/node_modules/node-red/node_modules/tldts-core/dist/es6/src/is-valid.js'
removed '/usr/lib/node_modules/node-red/node_modules/tldts-core/dist/es6/src/domain.js'
removed '/usr/lib/node_modules/node-red/node_modules/tldts-core/dist/es6/src/factory.js'
removed '/usr/lib/node_modules/node-red/node_modules/tldts-core/dist/es6/src/lookup/interface.js'
removed '/usr/lib/node_modules/node-red/node_modules/tldts-core/dist/es6/src/lookup/fast-path.js.map'
removed '/usr/lib/node_modules/node-red/node_modules/tldts-core/dist/es6/src/lookup/fast-path.js'
removed '/usr/lib/node_modules/node-red/node_modules/tldts-core/dist/es6/src/lookup/interface.js.map'
removed directory '/usr/lib/node_modules/node-red/node_modules/tldts-core/dist/es6/src/lookup'
removed '/usr/lib/node_modules/node-red/node_modules/tldts-core/dist/es6/src/extract-hostname.js'
removed '/usr/lib/node_modules/node-red/node_modules/tldts-core/dist/es6/src/extract-hostname.js.map'
removed '/usr/lib/node_modules/node-red/node_modules/tldts-core/dist/es6/src/domain-without-suffix.js.map'
removed '/usr/lib/node_modules/node-red/node_modules/tldts-core/dist/es6/src/is-ip.js.map'
removed directory '/usr/lib/node_modules/node-red/node_modules/tldts-core/dist/es6/src'
removed directory '/usr/lib/node_modules/node-red/node_modules/tldts-core/dist/es6'
removed '/usr/lib/node_modules/node-red/node_modules/tldts-core/dist/cjs/index.js'
removed '/usr/lib/node_modules/node-red/node_modules/tldts-core/dist/cjs/index.js.map'
removed '/usr/lib/node_modules/node-red/node_modules/tldts-core/dist/cjs/src/options.js.map'
removed '/usr/lib/node_modules/node-red/node_modules/tldts-core/dist/cjs/src/is-valid.js.map'
removed '/usr/lib/node_modules/node-red/node_modules/tldts-core/dist/cjs/src/domain-without-suffix.js'
removed '/usr/lib/node_modules/node-red/node_modules/tldts-core/dist/cjs/src/domain.js.map'
removed '/usr/lib/node_modules/node-red/node_modules/tldts-core/dist/cjs/src/subdomain.js'
removed '/usr/lib/node_modules/node-red/node_modules/tldts-core/dist/cjs/src/factory.js.map'
removed '/usr/lib/node_modules/node-red/node_modules/tldts-core/dist/cjs/src/is-ip.js'
removed '/usr/lib/node_modules/node-red/node_modules/tldts-core/dist/cjs/src/subdomain.js.map'
removed '/usr/lib/node_modules/node-red/node_modules/tldts-core/dist/cjs/src/options.js'
removed '/usr/lib/node_modules/node-red/node_modules/tldts-core/dist/cjs/src/is-valid.js'
removed '/usr/lib/node_modules/node-red/node_modules/tldts-core/dist/cjs/src/domain.js'
removed '/usr/lib/node_modules/node-red/node_modules/tldts-core/dist/cjs/src/factory.js'
removed '/usr/lib/node_modules/node-red/node_modules/tldts-core/dist/cjs/src/lookup/interface.js'
removed '/usr/lib/node_modules/node-red/node_modules/tldts-core/dist/cjs/src/lookup/fast-path.js.map'
removed '/usr/lib/node_modules/node-red/node_modules/tldts-core/dist/cjs/src/lookup/fast-path.js'
removed '/usr/lib/node_modules/node-red/node_modules/tldts-core/dist/cjs/src/lookup/interface.js.map'
removed directory '/usr/lib/node_modules/node-red/node_modules/tldts-core/dist/cjs/src/lookup'
removed '/usr/lib/node_modules/node-red/node_modules/tldts-core/dist/cjs/src/extract-hostname.js'
removed '/usr/lib/node_modules/node-red/node_modules/tldts-core/dist/cjs/src/extract-hostname.js.map'
removed '/usr/lib/node_modules/node-red/node_modules/tldts-core/dist/cjs/src/domain-without-suffix.js.map'
removed '/usr/lib/node_modules/node-red/node_modules/tldts-core/dist/cjs/src/is-ip.js.map'
removed directory '/usr/lib/node_modules/node-red/node_modules/tldts-core/dist/cjs/src'
removed '/usr/lib/node_modules/node-red/node_modules/tldts-core/dist/cjs/tsconfig.tsbuildinfo'
removed directory '/usr/lib/node_modules/node-red/node_modules/tldts-core/dist/cjs'
removed '/usr/lib/node_modules/node-red/node_modules/tldts-core/dist/types/src/domain.d.ts'
removed '/usr/lib/node_modules/node-red/node_modules/tldts-core/dist/types/src/is-valid.d.ts'
removed '/usr/lib/node_modules/node-red/node_modules/tldts-core/dist/types/src/options.d.ts'
removed '/usr/lib/node_modules/node-red/node_modules/tldts-core/dist/types/src/lookup/interface.d.ts'
removed '/usr/lib/node_modules/node-red/node_modules/tldts-core/dist/types/src/lookup/fast-path.d.ts'
removed directory '/usr/lib/node_modules/node-red/node_modules/tldts-core/dist/types/src/lookup'
removed '/usr/lib/node_modules/node-red/node_modules/tldts-core/dist/types/src/domain-without-suffix.d.ts'
removed '/usr/lib/node_modules/node-red/node_modules/tldts-core/dist/types/src/is-ip.d.ts'
removed '/usr/lib/node_modules/node-red/node_modules/tldts-core/dist/types/src/factory.d.ts'
removed '/usr/lib/node_modules/node-red/node_modules/tldts-core/dist/types/src/extract-hostname.d.ts'
removed '/usr/lib/node_modules/node-red/node_modules/tldts-core/dist/types/src/subdomain.d.ts'
removed directory '/usr/lib/node_modules/node-red/node_modules/tldts-core/dist/types/src'
removed '/usr/lib/node_modules/node-red/node_modules/tldts-core/dist/types/index.d.ts'
removed directory '/usr/lib/node_modules/node-red/node_modules/tldts-core/dist/types'
removed directory '/usr/lib/node_modules/node-red/node_modules/tldts-core/dist'
removed '/usr/lib/node_modules/node-red/node_modules/tldts-core/README.md'
removed '/usr/lib/node_modules/node-red/node_modules/tldts-core/src/domain-without-suffix.ts'
removed '/usr/lib/node_modules/node-red/node_modules/tldts-core/src/factory.ts'
removed '/usr/lib/node_modules/node-red/node_modules/tldts-core/src/options.ts'
removed '/usr/lib/node_modules/node-red/node_modules/tldts-core/src/subdomain.ts'
removed '/usr/lib/node_modules/node-red/node_modules/tldts-core/src/is-valid.ts'
removed '/usr/lib/node_modules/node-red/node_modules/tldts-core/src/extract-hostname.ts'
removed '/usr/lib/node_modules/node-red/node_modules/tldts-core/src/lookup/fast-path.ts'
removed '/usr/lib/node_modules/node-red/node_modules/tldts-core/src/lookup/interface.ts'
removed directory '/usr/lib/node_modules/node-red/node_modules/tldts-core/src/lookup'
removed '/usr/lib/node_modules/node-red/node_modules/tldts-core/src/is-ip.ts'
removed '/usr/lib/node_modules/node-red/node_modules/tldts-core/src/domain.ts'
removed directory '/usr/lib/node_modules/node-red/node_modules/tldts-core/src'
removed '/usr/lib/node_modules/node-red/node_modules/tldts-core/index.ts'
removed '/usr/lib/node_modules/node-red/node_modules/tldts-core/LICENSE'
removed directory '/usr/lib/node_modules/node-red/node_modules/tldts-core'
removed '/usr/lib/node_modules/node-red/node_modules/depd/package.json'
removed '/usr/lib/node_modules/node-red/node_modules/depd/index.js'
removed '/usr/lib/node_modules/node-red/node_modules/depd/lib/browser/index.js'
removed directory '/usr/lib/node_modules/node-red/node_modules/depd/lib/browser'
removed directory '/usr/lib/node_modules/node-red/node_modules/depd/lib'
removed '/usr/lib/node_modules/node-red/node_modules/depd/History.md'
removed '/usr/lib/node_modules/node-red/node_modules/depd/Readme.md'
removed '/usr/lib/node_modules/node-red/node_modules/depd/LICENSE'
removed directory '/usr/lib/node_modules/node-red/node_modules/depd'
removed '/usr/lib/node_modules/node-red/node_modules/side-channel/tsconfig.json'
removed '/usr/lib/node_modules/node-red/node_modules/side-channel/package.json'
removed '/usr/lib/node_modules/node-red/node_modules/side-channel/test/index.js'
removed directory '/usr/lib/node_modules/node-red/node_modules/side-channel/test'
removed '/usr/lib/node_modules/node-red/node_modules/side-channel/index.js'
removed '/usr/lib/node_modules/node-red/node_modules/side-channel/README.md'
removed '/usr/lib/node_modules/node-red/node_modules/side-channel/.eslintrc'
removed '/usr/lib/node_modules/node-red/node_modules/side-channel/.github/FUNDING.yml'
removed directory '/usr/lib/node_modules/node-red/node_modules/side-channel/.github'
removed '/usr/lib/node_modules/node-red/node_modules/side-channel/.editorconfig'
removed '/usr/lib/node_modules/node-red/node_modules/side-channel/CHANGELOG.md'
removed '/usr/lib/node_modules/node-red/node_modules/side-channel/index.d.ts'
removed '/usr/lib/node_modules/node-red/node_modules/side-channel/LICENSE'
removed '/usr/lib/node_modules/node-red/node_modules/side-channel/.nycrc'
removed directory '/usr/lib/node_modules/node-red/node_modules/side-channel'
removed '/usr/lib/node_modules/node-red/node_modules/lodash.clonedeep/package.json'
removed '/usr/lib/node_modules/node-red/node_modules/lodash.clonedeep/index.js'
removed '/usr/lib/node_modules/node-red/node_modules/lodash.clonedeep/README.md'
removed '/usr/lib/node_modules/node-red/node_modules/lodash.clonedeep/LICENSE'
removed directory '/usr/lib/node_modules/node-red/node_modules/lodash.clonedeep'
removed '/usr/lib/node_modules/node-red/node_modules/tar/package.json'
removed '/usr/lib/node_modules/node-red/node_modules/tar/dist/commonjs/strip-absolute-path.js'
removed '/usr/lib/node_modules/node-red/node_modules/tar/dist/commonjs/list.d.ts'
removed '/usr/lib/node_modules/node-red/node_modules/tar/dist/commonjs/write-entry.js'
removed '/usr/lib/node_modules/node-red/node_modules/tar/dist/commonjs/list.js.map'
removed '/usr/lib/node_modules/node-red/node_modules/tar/dist/commonjs/replace.d.ts.map'
removed '/usr/lib/node_modules/node-red/node_modules/tar/dist/commonjs/extract.d.ts'
removed '/usr/lib/node_modules/node-red/node_modules/tar/dist/commonjs/create.d.ts'
removed '/usr/lib/node_modules/node-red/node_modules/tar/dist/commonjs/large-numbers.d.ts'
removed '/usr/lib/node_modules/node-red/node_modules/tar/dist/commonjs/header.js'
removed '/usr/lib/node_modules/node-red/node_modules/tar/dist/commonjs/read-entry.d.ts'
removed '/usr/lib/node_modules/node-red/node_modules/tar/dist/commonjs/pack.d.ts.map'
removed '/usr/lib/node_modules/node-red/node_modules/tar/dist/commonjs/normalize-windows-path.d.ts'
removed '/usr/lib/node_modules/node-red/node_modules/tar/dist/commonjs/pack.js.map'
removed '/usr/lib/node_modules/node-red/node_modules/tar/dist/commonjs/mode-fix.d.ts'
removed '/usr/lib/node_modules/node-red/node_modules/tar/dist/commonjs/parse.js.map'
removed '/usr/lib/node_modules/node-red/node_modules/tar/dist/commonjs/strip-trailing-slashes.js'
removed '/usr/lib/node_modules/node-red/node_modules/tar/dist/commonjs/normalize-unicode.js'
removed '/usr/lib/node_modules/node-red/node_modules/tar/dist/commonjs/update.d.ts'
removed '/usr/lib/node_modules/node-red/node_modules/tar/dist/commonjs/pax.d.ts.map'
removed '/usr/lib/node_modules/node-red/node_modules/tar/dist/commonjs/pax.js.map'
removed '/usr/lib/node_modules/node-red/node_modules/tar/dist/commonjs/pax.d.ts'
removed '/usr/lib/node_modules/node-red/node_modules/tar/dist/commonjs/symlink-error.d.ts.map'
removed '/usr/lib/node_modules/node-red/node_modules/tar/dist/commonjs/options.js.map'
removed '/usr/lib/node_modules/node-red/node_modules/tar/dist/commonjs/parse.d.ts'
removed '/usr/lib/node_modules/node-red/node_modules/tar/dist/commonjs/package.json'
removed '/usr/lib/node_modules/node-red/node_modules/tar/dist/commonjs/make-command.js'
removed '/usr/lib/node_modules/node-red/node_modules/tar/dist/commonjs/types.js.map'
removed '/usr/lib/node_modules/node-red/node_modules/tar/dist/commonjs/make-command.js.map'
removed '/usr/lib/node_modules/node-red/node_modules/tar/dist/commonjs/create.d.ts.map'
removed '/usr/lib/node_modules/node-red/node_modules/tar/dist/commonjs/cwd-error.d.ts'
removed '/usr/lib/node_modules/node-red/node_modules/tar/dist/commonjs/mode-fix.js.map'
removed '/usr/lib/node_modules/node-red/node_modules/tar/dist/commonjs/path-reservations.js'
removed '/usr/lib/node_modules/node-red/node_modules/tar/dist/commonjs/replace.d.ts'
removed '/usr/lib/node_modules/node-red/node_modules/tar/dist/commonjs/replace.js'
removed '/usr/lib/node_modules/node-red/node_modules/tar/dist/commonjs/get-write-flag.d.ts'
removed '/usr/lib/node_modules/node-red/node_modules/tar/dist/commonjs/large-numbers.d.ts.map'
removed '/usr/lib/node_modules/node-red/node_modules/tar/dist/commonjs/normalize-windows-path.d.ts.map'
removed '/usr/lib/node_modules/node-red/node_modules/tar/dist/commonjs/symlink-error.js'
removed '/usr/lib/node_modules/node-red/node_modules/tar/dist/commonjs/unpack.js'
removed '/usr/lib/node_modules/node-red/node_modules/tar/dist/commonjs/unpack.js.map'
removed '/usr/lib/node_modules/node-red/node_modules/tar/dist/commonjs/update.js.map'
removed '/usr/lib/node_modules/node-red/node_modules/tar/dist/commonjs/normalize-windows-path.js'
removed '/usr/lib/node_modules/node-red/node_modules/tar/dist/commonjs/index.js'
removed '/usr/lib/node_modules/node-red/node_modules/tar/dist/commonjs/pack.js'
removed '/usr/lib/node_modules/node-red/node_modules/tar/dist/commonjs/warn-method.js.map'
removed '/usr/lib/node_modules/node-red/node_modules/tar/dist/commonjs/winchars.d.ts.map'
removed '/usr/lib/node_modules/node-red/node_modules/tar/dist/commonjs/replace.js.map'
removed '/usr/lib/node_modules/node-red/node_modules/tar/dist/commonjs/list.js'
removed '/usr/lib/node_modules/node-red/node_modules/tar/dist/commonjs/large-numbers.js.map'
removed '/usr/lib/node_modules/node-red/node_modules/tar/dist/commonjs/update.d.ts.map'
removed '/usr/lib/node_modules/node-red/node_modules/tar/dist/commonjs/winchars.js'
removed '/usr/lib/node_modules/node-red/node_modules/tar/dist/commonjs/options.d.ts'
removed '/usr/lib/node_modules/node-red/node_modules/tar/dist/commonjs/winchars.js.map'
removed '/usr/lib/node_modules/node-red/node_modules/tar/dist/commonjs/mode-fix.d.ts.map'
removed '/usr/lib/node_modules/node-red/node_modules/tar/dist/commonjs/mkdir.js'
removed '/usr/lib/node_modules/node-red/node_modules/tar/dist/commonjs/normalize-unicode.js.map'
removed '/usr/lib/node_modules/node-red/node_modules/tar/dist/commonjs/symlink-error.js.map'
removed '/usr/lib/node_modules/node-red/node_modules/tar/dist/commonjs/extract.js.map'
removed '/usr/lib/node_modules/node-red/node_modules/tar/dist/commonjs/normalize-unicode.d.ts'
removed '/usr/lib/node_modules/node-red/node_modules/tar/dist/commonjs/extract.js'
removed '/usr/lib/node_modules/node-red/node_modules/tar/dist/commonjs/options.js'
removed '/usr/lib/node_modules/node-red/node_modules/tar/dist/commonjs/types.d.ts'
removed '/usr/lib/node_modules/node-red/node_modules/tar/dist/commonjs/index.js.map'
removed '/usr/lib/node_modules/node-red/node_modules/tar/dist/commonjs/winchars.d.ts'
removed '/usr/lib/node_modules/node-red/node_modules/tar/dist/commonjs/write-entry.d.ts.map'
removed '/usr/lib/node_modules/node-red/node_modules/tar/dist/commonjs/strip-absolute-path.d.ts.map'
removed '/usr/lib/node_modules/node-red/node_modules/tar/dist/commonjs/path-reservations.d.ts'
removed '/usr/lib/node_modules/node-red/node_modules/tar/dist/commonjs/read-entry.js'
removed '/usr/lib/node_modules/node-red/node_modules/tar/dist/commonjs/header.d.ts'
removed '/usr/lib/node_modules/node-red/node_modules/tar/dist/commonjs/parse.d.ts.map'
removed '/usr/lib/node_modules/node-red/node_modules/tar/dist/commonjs/make-command.d.ts.map'
removed '/usr/lib/node_modules/node-red/node_modules/tar/dist/commonjs/extract.d.ts.map'
removed '/usr/lib/node_modules/node-red/node_modules/tar/dist/commonjs/cwd-error.d.ts.map'
removed '/usr/lib/node_modules/node-red/node_modules/tar/dist/commonjs/pax.js'
removed '/usr/lib/node_modules/node-red/node_modules/tar/dist/commonjs/parse.js'
removed '/usr/lib/node_modules/node-red/node_modules/tar/dist/commonjs/unpack.d.ts.map'
removed '/usr/lib/node_modules/node-red/node_modules/tar/dist/commonjs/make-command.d.ts'
removed '/usr/lib/node_modules/node-red/node_modules/tar/dist/commonjs/update.js'
removed '/usr/lib/node_modules/node-red/node_modules/tar/dist/commonjs/warn-method.d.ts'
removed '/usr/lib/node_modules/node-red/node_modules/tar/dist/commonjs/mode-fix.js'
removed '/usr/lib/node_modules/node-red/node_modules/tar/dist/commonjs/create.js.map'
removed '/usr/lib/node_modules/node-red/node_modules/tar/dist/commonjs/types.js'
removed '/usr/lib/node_modules/node-red/node_modules/tar/dist/commonjs/write-entry.js.map'
removed '/usr/lib/node_modules/node-red/node_modules/tar/dist/commonjs/strip-absolute-path.d.ts'
removed '/usr/lib/node_modules/node-red/node_modules/tar/dist/commonjs/symlink-error.d.ts'
removed '/usr/lib/node_modules/node-red/node_modules/tar/dist/commonjs/path-reservations.d.ts.map'
removed '/usr/lib/node_modules/node-red/node_modules/tar/dist/commonjs/warn-method.js'
removed '/usr/lib/node_modules/node-red/node_modules/tar/dist/commonjs/header.d.ts.map'
removed '/usr/lib/node_modules/node-red/node_modules/tar/dist/commonjs/unpack.d.ts'
removed '/usr/lib/node_modules/node-red/node_modules/tar/dist/commonjs/strip-trailing-slashes.d.ts.map'
removed '/usr/lib/node_modules/node-red/node_modules/tar/dist/commonjs/get-write-flag.js'
removed '/usr/lib/node_modules/node-red/node_modules/tar/dist/commonjs/strip-trailing-slashes.d.ts'
removed '/usr/lib/node_modules/node-red/node_modules/tar/dist/commonjs/mkdir.d.ts.map'
removed '/usr/lib/node_modules/node-red/node_modules/tar/dist/commonjs/strip-trailing-slashes.js.map'
removed '/usr/lib/node_modules/node-red/node_modules/tar/dist/commonjs/get-write-flag.d.ts.map'
removed '/usr/lib/node_modules/node-red/node_modules/tar/dist/commonjs/mkdir.js.map'
removed '/usr/lib/node_modules/node-red/node_modules/tar/dist/commonjs/normalize-unicode.d.ts.map'
removed '/usr/lib/node_modules/node-red/node_modules/tar/dist/commonjs/read-entry.js.map'
removed '/usr/lib/node_modules/node-red/node_modules/tar/dist/commonjs/header.js.map'
removed '/usr/lib/node_modules/node-red/node_modules/tar/dist/commonjs/read-entry.d.ts.map'
removed '/usr/lib/node_modules/node-red/node_modules/tar/dist/commonjs/create.js'
removed '/usr/lib/node_modules/node-red/node_modules/tar/dist/commonjs/large-numbers.js'
removed '/usr/lib/node_modules/node-red/node_modules/tar/dist/commonjs/mkdir.d.ts'
removed '/usr/lib/node_modules/node-red/node_modules/tar/dist/commonjs/warn-method.d.ts.map'
removed '/usr/lib/node_modules/node-red/node_modules/tar/dist/commonjs/normalize-windows-path.js.map'
removed '/usr/lib/node_modules/node-red/node_modules/tar/dist/commonjs/options.d.ts.map'
removed '/usr/lib/node_modules/node-red/node_modules/tar/dist/commonjs/cwd-error.js'
removed '/usr/lib/node_modules/node-red/node_modules/tar/dist/commonjs/strip-absolute-path.js.map'
removed '/usr/lib/node_modules/node-red/node_modules/tar/dist/commonjs/types.d.ts.map'
removed '/usr/lib/node_modules/node-red/node_modules/tar/dist/commonjs/index.d.ts'
removed '/usr/lib/node_modules/node-red/node_modules/tar/dist/commonjs/write-entry.d.ts'
removed '/usr/lib/node_modules/node-red/node_modules/tar/dist/commonjs/index.d.ts.map'
removed '/usr/lib/node_modules/node-red/node_modules/tar/dist/commonjs/get-write-flag.js.map'
removed '/usr/lib/node_modules/node-red/node_modules/tar/dist/commonjs/cwd-error.js.map'
removed '/usr/lib/node_modules/node-red/node_modules/tar/dist/commonjs/list.d.ts.map'
removed '/usr/lib/node_modules/node-red/node_modules/tar/dist/commonjs/path-reservations.js.map'
removed '/usr/lib/node_modules/node-red/node_modules/tar/dist/commonjs/pack.d.ts'
removed directory '/usr/lib/node_modules/node-red/node_modules/tar/dist/commonjs'
removed '/usr/lib/node_modules/node-red/node_modules/tar/dist/esm/strip-absolute-path.js'
removed '/usr/lib/node_modules/node-red/node_modules/tar/dist/esm/list.d.ts'
removed '/usr/lib/node_modules/node-red/node_modules/tar/dist/esm/write-entry.js'
removed '/usr/lib/node_modules/node-red/node_modules/tar/dist/esm/list.js.map'
removed '/usr/lib/node_modules/node-red/node_modules/tar/dist/esm/replace.d.ts.map'
removed '/usr/lib/node_modules/node-red/node_modules/tar/dist/esm/extract.d.ts'
removed '/usr/lib/node_modules/node-red/node_modules/tar/dist/esm/create.d.ts'
removed '/usr/lib/node_modules/node-red/node_modules/tar/dist/esm/large-numbers.d.ts'
removed '/usr/lib/node_modules/node-red/node_modules/tar/dist/esm/header.js'
removed '/usr/lib/node_modules/node-red/node_modules/tar/dist/esm/read-entry.d.ts'
removed '/usr/lib/node_modules/node-red/node_modules/tar/dist/esm/pack.d.ts.map'
removed '/usr/lib/node_modules/node-red/node_modules/tar/dist/esm/normalize-windows-path.d.ts'
removed '/usr/lib/node_modules/node-red/node_modules/tar/dist/esm/pack.js.map'
removed '/usr/lib/node_modules/node-red/node_modules/tar/dist/esm/mode-fix.d.ts'
removed '/usr/lib/node_modules/node-red/node_modules/tar/dist/esm/parse.js.map'
removed '/usr/lib/node_modules/node-red/node_modules/tar/dist/esm/strip-trailing-slashes.js'
removed '/usr/lib/node_modules/node-red/node_modules/tar/dist/esm/normalize-unicode.js'
removed '/usr/lib/node_modules/node-red/node_modules/tar/dist/esm/update.d.ts'
removed '/usr/lib/node_modules/node-red/node_modules/tar/dist/esm/pax.d.ts.map'
removed '/usr/lib/node_modules/node-red/node_modules/tar/dist/esm/pax.js.map'
removed '/usr/lib/node_modules/node-red/node_modules/tar/dist/esm/pax.d.ts'
removed '/usr/lib/node_modules/node-red/node_modules/tar/dist/esm/symlink-error.d.ts.map'
removed '/usr/lib/node_modules/node-red/node_modules/tar/dist/esm/options.js.map'
removed '/usr/lib/node_modules/node-red/node_modules/tar/dist/esm/parse.d.ts'
removed '/usr/lib/node_modules/node-red/node_modules/tar/dist/esm/package.json'
removed '/usr/lib/node_modules/node-red/node_modules/tar/dist/esm/make-command.js'
removed '/usr/lib/node_modules/node-red/node_modules/tar/dist/esm/types.js.map'
removed '/usr/lib/node_modules/node-red/node_modules/tar/dist/esm/make-command.js.map'
removed '/usr/lib/node_modules/node-red/node_modules/tar/dist/esm/create.d.ts.map'
removed '/usr/lib/node_modules/node-red/node_modules/tar/dist/esm/cwd-error.d.ts'
removed '/usr/lib/node_modules/node-red/node_modules/tar/dist/esm/mode-fix.js.map'
removed '/usr/lib/node_modules/node-red/node_modules/tar/dist/esm/path-reservations.js'
removed '/usr/lib/node_modules/node-red/node_modules/tar/dist/esm/replace.d.ts'
removed '/usr/lib/node_modules/node-red/node_modules/tar/dist/esm/replace.js'
removed '/usr/lib/node_modules/node-red/node_modules/tar/dist/esm/get-write-flag.d.ts'
removed '/usr/lib/node_modules/node-red/node_modules/tar/dist/esm/large-numbers.d.ts.map'
removed '/usr/lib/node_modules/node-red/node_modules/tar/dist/esm/normalize-windows-path.d.ts.map'
removed '/usr/lib/node_modules/node-red/node_modules/tar/dist/esm/symlink-error.js'
removed '/usr/lib/node_modules/node-red/node_modules/tar/dist/esm/unpack.js'
removed '/usr/lib/node_modules/node-red/node_modules/tar/dist/esm/unpack.js.map'
removed '/usr/lib/node_modules/node-red/node_modules/tar/dist/esm/update.js.map'
removed '/usr/lib/node_modules/node-red/node_modules/tar/dist/esm/normalize-windows-path.js'
removed '/usr/lib/node_modules/node-red/node_modules/tar/dist/esm/index.js'
removed '/usr/lib/node_modules/node-red/node_modules/tar/dist/esm/pack.js'
removed '/usr/lib/node_modules/node-red/node_modules/tar/dist/esm/warn-method.js.map'
removed '/usr/lib/node_modules/node-red/node_modules/tar/dist/esm/winchars.d.ts.map'
removed '/usr/lib/node_modules/node-red/node_modules/tar/dist/esm/replace.js.map'
removed '/usr/lib/node_modules/node-red/node_modules/tar/dist/esm/list.js'
removed '/usr/lib/node_modules/node-red/node_modules/tar/dist/esm/large-numbers.js.map'
removed '/usr/lib/node_modules/node-red/node_modules/tar/dist/esm/update.d.ts.map'
removed '/usr/lib/node_modules/node-red/node_modules/tar/dist/esm/winchars.js'
removed '/usr/lib/node_modules/node-red/node_modules/tar/dist/esm/options.d.ts'
removed '/usr/lib/node_modules/node-red/node_modules/tar/dist/esm/winchars.js.map'
removed '/usr/lib/node_modules/node-red/node_modules/tar/dist/esm/mode-fix.d.ts.map'
removed '/usr/lib/node_modules/node-red/node_modules/tar/dist/esm/mkdir.js'
removed '/usr/lib/node_modules/node-red/node_modules/tar/dist/esm/normalize-unicode.js.map'
removed '/usr/lib/node_modules/node-red/node_modules/tar/dist/esm/symlink-error.js.map'
removed '/usr/lib/node_modules/node-red/node_modules/tar/dist/esm/extract.js.map'
removed '/usr/lib/node_modules/node-red/node_modules/tar/dist/esm/normalize-unicode.d.ts'
removed '/usr/lib/node_modules/node-red/node_modules/tar/dist/esm/extract.js'
removed '/usr/lib/node_modules/node-red/node_modules/tar/dist/esm/options.js'
removed '/usr/lib/node_modules/node-red/node_modules/tar/dist/esm/types.d.ts'
removed '/usr/lib/node_modules/node-red/node_modules/tar/dist/esm/index.js.map'
removed '/usr/lib/node_modules/node-red/node_modules/tar/dist/esm/winchars.d.ts'
removed '/usr/lib/node_modules/node-red/node_modules/tar/dist/esm/write-entry.d.ts.map'
removed '/usr/lib/node_modules/node-red/node_modules/tar/dist/esm/strip-absolute-path.d.ts.map'
removed '/usr/lib/node_modules/node-red/node_modules/tar/dist/esm/path-reservations.d.ts'
removed '/usr/lib/node_modules/node-red/node_modules/tar/dist/esm/read-entry.js'
removed '/usr/lib/node_modules/node-red/node_modules/tar/dist/esm/header.d.ts'
removed '/usr/lib/node_modules/node-red/node_modules/tar/dist/esm/parse.d.ts.map'
removed '/usr/lib/node_modules/node-red/node_modules/tar/dist/esm/make-command.d.ts.map'
removed '/usr/lib/node_modules/node-red/node_modules/tar/dist/esm/extract.d.ts.map'
removed '/usr/lib/node_modules/node-red/node_modules/tar/dist/esm/cwd-error.d.ts.map'
removed '/usr/lib/node_modules/node-red/node_modules/tar/dist/esm/pax.js'
removed '/usr/lib/node_modules/node-red/node_modules/tar/dist/esm/parse.js'
removed '/usr/lib/node_modules/node-red/node_modules/tar/dist/esm/unpack.d.ts.map'
removed '/usr/lib/node_modules/node-red/node_modules/tar/dist/esm/make-command.d.ts'
removed '/usr/lib/node_modules/node-red/node_modules/tar/dist/esm/update.js'
removed '/usr/lib/node_modules/node-red/node_modules/tar/dist/esm/warn-method.d.ts'
removed '/usr/lib/node_modules/node-red/node_modules/tar/dist/esm/mode-fix.js'
removed '/usr/lib/node_modules/node-red/node_modules/tar/dist/esm/create.js.map'
removed '/usr/lib/node_modules/node-red/node_modules/tar/dist/esm/types.js'
removed '/usr/lib/node_modules/node-red/node_modules/tar/dist/esm/write-entry.js.map'
removed '/usr/lib/node_modules/node-red/node_modules/tar/dist/esm/strip-absolute-path.d.ts'
removed '/usr/lib/node_modules/node-red/node_modules/tar/dist/esm/symlink-error.d.ts'
removed '/usr/lib/node_modules/node-red/node_modules/tar/dist/esm/path-reservations.d.ts.map'
removed '/usr/lib/node_modules/node-red/node_modules/tar/dist/esm/warn-method.js'
removed '/usr/lib/node_modules/node-red/node_modules/tar/dist/esm/header.d.ts.map'
removed '/usr/lib/node_modules/node-red/node_modules/tar/dist/esm/unpack.d.ts'
removed '/usr/lib/node_modules/node-red/node_modules/tar/dist/esm/strip-trailing-slashes.d.ts.map'
removed '/usr/lib/node_modules/node-red/node_modules/tar/dist/esm/get-write-flag.js'
removed '/usr/lib/node_modules/node-red/node_modules/tar/dist/esm/strip-trailing-slashes.d.ts'
removed '/usr/lib/node_modules/node-red/node_modules/tar/dist/esm/mkdir.d.ts.map'
removed '/usr/lib/node_modules/node-red/node_modules/tar/dist/esm/strip-trailing-slashes.js.map'
removed '/usr/lib/node_modules/node-red/node_modules/tar/dist/esm/get-write-flag.d.ts.map'
removed '/usr/lib/node_modules/node-red/node_modules/tar/dist/esm/mkdir.js.map'
removed '/usr/lib/node_modules/node-red/node_modules/tar/dist/esm/normalize-unicode.d.ts.map'
removed '/usr/lib/node_modules/node-red/node_modules/tar/dist/esm/read-entry.js.map'
removed '/usr/lib/node_modules/node-red/node_modules/tar/dist/esm/header.js.map'
removed '/usr/lib/node_modules/node-red/node_modules/tar/dist/esm/read-entry.d.ts.map'
removed '/usr/lib/node_modules/node-red/node_modules/tar/dist/esm/create.js'
removed '/usr/lib/node_modules/node-red/node_modules/tar/dist/esm/large-numbers.js'
removed '/usr/lib/node_modules/node-red/node_modules/tar/dist/esm/mkdir.d.ts'
removed '/usr/lib/node_modules/node-red/node_modules/tar/dist/esm/warn-method.d.ts.map'
removed '/usr/lib/node_modules/node-red/node_modules/tar/dist/esm/normalize-windows-path.js.map'
removed '/usr/lib/node_modules/node-red/node_modules/tar/dist/esm/options.d.ts.map'
removed '/usr/lib/node_modules/node-red/node_modules/tar/dist/esm/cwd-error.js'
removed '/usr/lib/node_modules/node-red/node_modules/tar/dist/esm/strip-absolute-path.js.map'
removed '/usr/lib/node_modules/node-red/node_modules/tar/dist/esm/types.d.ts.map'
removed '/usr/lib/node_modules/node-red/node_modules/tar/dist/esm/index.d.ts'
removed '/usr/lib/node_modules/node-red/node_modules/tar/dist/esm/write-entry.d.ts'
removed '/usr/lib/node_modules/node-red/node_modules/tar/dist/esm/index.d.ts.map'
removed '/usr/lib/node_modules/node-red/node_modules/tar/dist/esm/get-write-flag.js.map'
removed '/usr/lib/node_modules/node-red/node_modules/tar/dist/esm/cwd-error.js.map'
removed '/usr/lib/node_modules/node-red/node_modules/tar/dist/esm/list.d.ts.map'
removed '/usr/lib/node_modules/node-red/node_modules/tar/dist/esm/path-reservations.js.map'
removed '/usr/lib/node_modules/node-red/node_modules/tar/dist/esm/pack.d.ts'
removed directory '/usr/lib/node_modules/node-red/node_modules/tar/dist/esm'
removed directory '/usr/lib/node_modules/node-red/node_modules/tar/dist'
removed '/usr/lib/node_modules/node-red/node_modules/tar/README.md'
removed '/usr/lib/node_modules/node-red/node_modules/tar/node_modules/mkdirp/package.json'
removed '/usr/lib/node_modules/node-red/node_modules/tar/node_modules/mkdirp/dist/mjs/mkdirp-native.js.map'
removed '/usr/lib/node_modules/node-red/node_modules/tar/node_modules/mkdirp/dist/mjs/use-native.js.map'
removed '/usr/lib/node_modules/node-red/node_modules/tar/node_modules/mkdirp/dist/mjs/opts-arg.js.map'
removed '/usr/lib/node_modules/node-red/node_modules/tar/node_modules/mkdirp/dist/mjs/mkdirp-manual.d.ts'
removed '/usr/lib/node_modules/node-red/node_modules/tar/node_modules/mkdirp/dist/mjs/path-arg.js'
removed '/usr/lib/node_modules/node-red/node_modules/tar/node_modules/mkdirp/dist/mjs/mkdirp-manual.js.map'
removed '/usr/lib/node_modules/node-red/node_modules/tar/node_modules/mkdirp/dist/mjs/package.json'
removed '/usr/lib/node_modules/node-red/node_modules/tar/node_modules/mkdirp/dist/mjs/path-arg.js.map'
removed '/usr/lib/node_modules/node-red/node_modules/tar/node_modules/mkdirp/dist/mjs/mkdirp-native.d.ts'
removed '/usr/lib/node_modules/node-red/node_modules/tar/node_modules/mkdirp/dist/mjs/opts-arg.d.ts'
removed '/usr/lib/node_modules/node-red/node_modules/tar/node_modules/mkdirp/dist/mjs/find-made.js.map'
removed '/usr/lib/node_modules/node-red/node_modules/tar/node_modules/mkdirp/dist/mjs/index.js'
removed '/usr/lib/node_modules/node-red/node_modules/tar/node_modules/mkdirp/dist/mjs/index.js.map'
removed '/usr/lib/node_modules/node-red/node_modules/tar/node_modules/mkdirp/dist/mjs/use-native.d.ts'
removed '/usr/lib/node_modules/node-red/node_modules/tar/node_modules/mkdirp/dist/mjs/use-native.js'
removed '/usr/lib/node_modules/node-red/node_modules/tar/node_modules/mkdirp/dist/mjs/find-made.d.ts.map'
removed '/usr/lib/node_modules/node-red/node_modules/tar/node_modules/mkdirp/dist/mjs/mkdirp-native.d.ts.map'
removed '/usr/lib/node_modules/node-red/node_modules/tar/node_modules/mkdirp/dist/mjs/mkdirp-manual.js'
removed '/usr/lib/node_modules/node-red/node_modules/tar/node_modules/mkdirp/dist/mjs/use-native.d.ts.map'
removed '/usr/lib/node_modules/node-red/node_modules/tar/node_modules/mkdirp/dist/mjs/mkdirp-manual.d.ts.map'
removed '/usr/lib/node_modules/node-red/node_modules/tar/node_modules/mkdirp/dist/mjs/path-arg.d.ts.map'
removed '/usr/lib/node_modules/node-red/node_modules/tar/node_modules/mkdirp/dist/mjs/find-made.d.ts'
removed '/usr/lib/node_modules/node-red/node_modules/tar/node_modules/mkdirp/dist/mjs/mkdirp-native.js'
removed '/usr/lib/node_modules/node-red/node_modules/tar/node_modules/mkdirp/dist/mjs/opts-arg.js'
removed '/usr/lib/node_modules/node-red/node_modules/tar/node_modules/mkdirp/dist/mjs/opts-arg.d.ts.map'
removed '/usr/lib/node_modules/node-red/node_modules/tar/node_modules/mkdirp/dist/mjs/find-made.js'
removed '/usr/lib/node_modules/node-red/node_modules/tar/node_modules/mkdirp/dist/mjs/index.d.ts'
removed '/usr/lib/node_modules/node-red/node_modules/tar/node_modules/mkdirp/dist/mjs/index.d.ts.map'
removed '/usr/lib/node_modules/node-red/node_modules/tar/node_modules/mkdirp/dist/mjs/path-arg.d.ts'
removed directory '/usr/lib/node_modules/node-red/node_modules/tar/node_modules/mkdirp/dist/mjs'
removed '/usr/lib/node_modules/node-red/node_modules/tar/node_modules/mkdirp/dist/cjs/package.json'
removed '/usr/lib/node_modules/node-red/node_modules/tar/node_modules/mkdirp/dist/cjs/src/mkdirp-native.js.map'
removed '/usr/lib/node_modules/node-red/node_modules/tar/node_modules/mkdirp/dist/cjs/src/use-native.js.map'
removed '/usr/lib/node_modules/node-red/node_modules/tar/node_modules/mkdirp/dist/cjs/src/opts-arg.js.map'
removed '/usr/lib/node_modules/node-red/node_modules/tar/node_modules/mkdirp/dist/cjs/src/mkdirp-manual.d.ts'
removed '/usr/lib/node_modules/node-red/node_modules/tar/node_modules/mkdirp/dist/cjs/src/path-arg.js'
removed '/usr/lib/node_modules/node-red/node_modules/tar/node_modules/mkdirp/dist/cjs/src/mkdirp-manual.js.map'
removed '/usr/lib/node_modules/node-red/node_modules/tar/node_modules/mkdirp/dist/cjs/src/path-arg.js.map'
removed '/usr/lib/node_modules/node-red/node_modules/tar/node_modules/mkdirp/dist/cjs/src/mkdirp-native.d.ts'
removed '/usr/lib/node_modules/node-red/node_modules/tar/node_modules/mkdirp/dist/cjs/src/opts-arg.d.ts'
removed '/usr/lib/node_modules/node-red/node_modules/tar/node_modules/mkdirp/dist/cjs/src/find-made.js.map'
removed '/usr/lib/node_modules/node-red/node_modules/tar/node_modules/mkdirp/dist/cjs/src/index.js'
removed '/usr/lib/node_modules/node-red/node_modules/tar/node_modules/mkdirp/dist/cjs/src/bin.js.map'
removed '/usr/lib/node_modules/node-red/node_modules/tar/node_modules/mkdirp/dist/cjs/src/bin.js'
removed '/usr/lib/node_modules/node-red/node_modules/tar/node_modules/mkdirp/dist/cjs/src/index.js.map'
removed '/usr/lib/node_modules/node-red/node_modules/tar/node_modules/mkdirp/dist/cjs/src/use-native.d.ts'
removed '/usr/lib/node_modules/node-red/node_modules/tar/node_modules/mkdirp/dist/cjs/src/use-native.js'
removed '/usr/lib/node_modules/node-red/node_modules/tar/node_modules/mkdirp/dist/cjs/src/find-made.d.ts.map'
removed '/usr/lib/node_modules/node-red/node_modules/tar/node_modules/mkdirp/dist/cjs/src/mkdirp-native.d.ts.map'
removed '/usr/lib/node_modules/node-red/node_modules/tar/node_modules/mkdirp/dist/cjs/src/mkdirp-manual.js'
removed '/usr/lib/node_modules/node-red/node_modules/tar/node_modules/mkdirp/dist/cjs/src/use-native.d.ts.map'
removed '/usr/lib/node_modules/node-red/node_modules/tar/node_modules/mkdirp/dist/cjs/src/mkdirp-manual.d.ts.map'
removed '/usr/lib/node_modules/node-red/node_modules/tar/node_modules/mkdirp/dist/cjs/src/path-arg.d.ts.map'
removed '/usr/lib/node_modules/node-red/node_modules/tar/node_modules/mkdirp/dist/cjs/src/find-made.d.ts'
removed '/usr/lib/node_modules/node-red/node_modules/tar/node_modules/mkdirp/dist/cjs/src/bin.d.ts.map'
removed '/usr/lib/node_modules/node-red/node_modules/tar/node_modules/mkdirp/dist/cjs/src/mkdirp-native.js'
removed '/usr/lib/node_modules/node-red/node_modules/tar/node_modules/mkdirp/dist/cjs/src/opts-arg.js'
removed '/usr/lib/node_modules/node-red/node_modules/tar/node_modules/mkdirp/dist/cjs/src/opts-arg.d.ts.map'
removed '/usr/lib/node_modules/node-red/node_modules/tar/node_modules/mkdirp/dist/cjs/src/find-made.js'
removed '/usr/lib/node_modules/node-red/node_modules/tar/node_modules/mkdirp/dist/cjs/src/index.d.ts'
removed '/usr/lib/node_modules/node-red/node_modules/tar/node_modules/mkdirp/dist/cjs/src/index.d.ts.map'
removed '/usr/lib/node_modules/node-red/node_modules/tar/node_modules/mkdirp/dist/cjs/src/path-arg.d.ts'
removed '/usr/lib/node_modules/node-red/node_modules/tar/node_modules/mkdirp/dist/cjs/src/bin.d.ts'
removed directory '/usr/lib/node_modules/node-red/node_modules/tar/node_modules/mkdirp/dist/cjs/src'
removed directory '/usr/lib/node_modules/node-red/node_modules/tar/node_modules/mkdirp/dist/cjs'
removed directory '/usr/lib/node_modules/node-red/node_modules/tar/node_modules/mkdirp/dist'
removed '/usr/lib/node_modules/node-red/node_modules/tar/node_modules/mkdirp/readme.markdown'
removed '/usr/lib/node_modules/node-red/node_modules/tar/node_modules/mkdirp/LICENSE'
removed directory '/usr/lib/node_modules/node-red/node_modules/tar/node_modules/mkdirp'
removed '/usr/lib/node_modules/node-red/node_modules/tar/node_modules/.bin/mkdirp'
removed directory '/usr/lib/node_modules/node-red/node_modules/tar/node_modules/.bin'
removed '/usr/lib/node_modules/node-red/node_modules/tar/node_modules/yallist/package.json'
removed '/usr/lib/node_modules/node-red/node_modules/tar/node_modules/yallist/dist/commonjs/package.json'
removed '/usr/lib/node_modules/node-red/node_modules/tar/node_modules/yallist/dist/commonjs/index.js'
removed '/usr/lib/node_modules/node-red/node_modules/tar/node_modules/yallist/dist/commonjs/index.js.map'
removed '/usr/lib/node_modules/node-red/node_modules/tar/node_modules/yallist/dist/commonjs/index.d.ts'
removed '/usr/lib/node_modules/node-red/node_modules/tar/node_modules/yallist/dist/commonjs/index.d.ts.map'
removed directory '/usr/lib/node_modules/node-red/node_modules/tar/node_modules/yallist/dist/commonjs'
removed '/usr/lib/node_modules/node-red/node_modules/tar/node_modules/yallist/dist/esm/package.json'
removed '/usr/lib/node_modules/node-red/node_modules/tar/node_modules/yallist/dist/esm/index.js'
removed '/usr/lib/node_modules/node-red/node_modules/tar/node_modules/yallist/dist/esm/index.js.map'
removed '/usr/lib/node_modules/node-red/node_modules/tar/node_modules/yallist/dist/esm/index.d.ts'
removed '/usr/lib/node_modules/node-red/node_modules/tar/node_modules/yallist/dist/esm/index.d.ts.map'
removed directory '/usr/lib/node_modules/node-red/node_modules/tar/node_modules/yallist/dist/esm'
removed directory '/usr/lib/node_modules/node-red/node_modules/tar/node_modules/yallist/dist'
removed '/usr/lib/node_modules/node-red/node_modules/tar/node_modules/yallist/README.md'
removed '/usr/lib/node_modules/node-red/node_modules/tar/node_modules/yallist/LICENSE.md'
removed directory '/usr/lib/node_modules/node-red/node_modules/tar/node_modules/yallist'
removed directory '/usr/lib/node_modules/node-red/node_modules/tar/node_modules'
removed '/usr/lib/node_modules/node-red/node_modules/tar/LICENSE'
removed directory '/usr/lib/node_modules/node-red/node_modules/tar'
removed '/usr/lib/node_modules/node-red/node_modules/call-bound/tsconfig.json'
removed '/usr/lib/node_modules/node-red/node_modules/call-bound/package.json'
removed '/usr/lib/node_modules/node-red/node_modules/call-bound/test/index.js'
removed directory '/usr/lib/node_modules/node-red/node_modules/call-bound/test'
removed '/usr/lib/node_modules/node-red/node_modules/call-bound/index.js'
removed '/usr/lib/node_modules/node-red/node_modules/call-bound/README.md'
removed '/usr/lib/node_modules/node-red/node_modules/call-bound/.eslintrc'
removed '/usr/lib/node_modules/node-red/node_modules/call-bound/.github/FUNDING.yml'
removed directory '/usr/lib/node_modules/node-red/node_modules/call-bound/.github'
removed '/usr/lib/node_modules/node-red/node_modules/call-bound/CHANGELOG.md'
removed '/usr/lib/node_modules/node-red/node_modules/call-bound/index.d.ts'
removed '/usr/lib/node_modules/node-red/node_modules/call-bound/LICENSE'
removed '/usr/lib/node_modules/node-red/node_modules/call-bound/.nycrc'
removed directory '/usr/lib/node_modules/node-red/node_modules/call-bound'
removed '/usr/lib/node_modules/node-red/node_modules/cli-table/package.json'
removed '/usr/lib/node_modules/node-red/node_modules/cli-table/README.md'
removed '/usr/lib/node_modules/node-red/node_modules/cli-table/lib/index.js'
removed '/usr/lib/node_modules/node-red/node_modules/cli-table/lib/utils.js'
removed directory '/usr/lib/node_modules/node-red/node_modules/cli-table/lib'
removed '/usr/lib/node_modules/node-red/node_modules/cli-table/LICENSE'
removed directory '/usr/lib/node_modules/node-red/node_modules/cli-table'
removed '/usr/lib/node_modules/node-red/node_modules/range-parser/package.json'
removed '/usr/lib/node_modules/node-red/node_modules/range-parser/HISTORY.md'
removed '/usr/lib/node_modules/node-red/node_modules/range-parser/index.js'
removed '/usr/lib/node_modules/node-red/node_modules/range-parser/README.md'
removed '/usr/lib/node_modules/node-red/node_modules/range-parser/LICENSE'
removed directory '/usr/lib/node_modules/node-red/node_modules/range-parser'
removed '/usr/lib/node_modules/node-red/node_modules/domelementtype/readme.md'
removed '/usr/lib/node_modules/node-red/node_modules/domelementtype/package.json'
removed '/usr/lib/node_modules/node-red/node_modules/domelementtype/lib/index.js'
removed '/usr/lib/node_modules/node-red/node_modules/domelementtype/lib/esm/package.json'
removed '/usr/lib/node_modules/node-red/node_modules/domelementtype/lib/esm/index.js'
removed '/usr/lib/node_modules/node-red/node_modules/domelementtype/lib/esm/index.d.ts'
removed '/usr/lib/node_modules/node-red/node_modules/domelementtype/lib/esm/index.d.ts.map'
removed directory '/usr/lib/node_modules/node-red/node_modules/domelementtype/lib/esm'
removed '/usr/lib/node_modules/node-red/node_modules/domelementtype/lib/index.d.ts'
removed '/usr/lib/node_modules/node-red/node_modules/domelementtype/lib/index.d.ts.map'
removed directory '/usr/lib/node_modules/node-red/node_modules/domelementtype/lib'
removed '/usr/lib/node_modules/node-red/node_modules/domelementtype/LICENSE'
removed directory '/usr/lib/node_modules/node-red/node_modules/domelementtype'
removed '/usr/lib/node_modules/node-red/node_modules/colors/safe.js'
removed '/usr/lib/node_modules/node-red/node_modules/colors/package.json'
removed '/usr/lib/node_modules/node-red/node_modules/colors/examples/safe-string.js'
removed '/usr/lib/node_modules/node-red/node_modules/colors/examples/normal-usage.js'
removed directory '/usr/lib/node_modules/node-red/node_modules/colors/examples'
removed '/usr/lib/node_modules/node-red/node_modules/colors/tests/safe-test.js'
removed '/usr/lib/node_modules/node-red/node_modules/colors/tests/basic-test.js'
removed directory '/usr/lib/node_modules/node-red/node_modules/colors/tests'
removed '/usr/lib/node_modules/node-red/node_modules/colors/lib/custom/trap.js'
removed '/usr/lib/node_modules/node-red/node_modules/colors/lib/custom/zalgo.js'
removed directory '/usr/lib/node_modules/node-red/node_modules/colors/lib/custom'
removed '/usr/lib/node_modules/node-red/node_modules/colors/lib/styles.js'
removed '/usr/lib/node_modules/node-red/node_modules/colors/lib/maps/rainbow.js'
removed '/usr/lib/node_modules/node-red/node_modules/colors/lib/maps/america.js'
removed '/usr/lib/node_modules/node-red/node_modules/colors/lib/maps/random.js'
removed '/usr/lib/node_modules/node-red/node_modules/colors/lib/maps/zebra.js'
removed directory '/usr/lib/node_modules/node-red/node_modules/colors/lib/maps'
removed '/usr/lib/node_modules/node-red/node_modules/colors/lib/index.js'
removed '/usr/lib/node_modules/node-red/node_modules/colors/lib/extendStringPrototype.js'
removed '/usr/lib/node_modules/node-red/node_modules/colors/lib/colors.js'
removed '/usr/lib/node_modules/node-red/node_modules/colors/lib/system/supports-colors.js'
removed directory '/usr/lib/node_modules/node-red/node_modules/colors/lib/system'
removed directory '/usr/lib/node_modules/node-red/node_modules/colors/lib'
removed '/usr/lib/node_modules/node-red/node_modules/colors/ReadMe.md'
removed '/usr/lib/node_modules/node-red/node_modules/colors/.travis.yml'
removed '/usr/lib/node_modules/node-red/node_modules/colors/MIT-LICENSE.txt'
removed '/usr/lib/node_modules/node-red/node_modules/colors/screenshots/colors.png'
removed directory '/usr/lib/node_modules/node-red/node_modules/colors/screenshots'
removed '/usr/lib/node_modules/node-red/node_modules/colors/themes/generic-logging.js'
removed directory '/usr/lib/node_modules/node-red/node_modules/colors/themes'
removed directory '/usr/lib/node_modules/node-red/node_modules/colors'
removed '/usr/lib/node_modules/node-red/node_modules/busboy/bench/bench-urlencoded-fields-100pairs-small.js'
removed '/usr/lib/node_modules/node-red/node_modules/busboy/bench/bench-multipart-files-100mb-small.js'
removed '/usr/lib/node_modules/node-red/node_modules/busboy/bench/bench-urlencoded-fields-900pairs-small-alt.js'
removed '/usr/lib/node_modules/node-red/node_modules/busboy/bench/bench-multipart-fields-100mb-big.js'
removed '/usr/lib/node_modules/node-red/node_modules/busboy/bench/bench-multipart-files-100mb-big.js'
removed '/usr/lib/node_modules/node-red/node_modules/busboy/bench/bench-multipart-fields-100mb-small.js'
removed directory '/usr/lib/node_modules/node-red/node_modules/busboy/bench'
removed '/usr/lib/node_modules/node-red/node_modules/busboy/package.json'
removed '/usr/lib/node_modules/node-red/node_modules/busboy/test/common.js'
removed '/usr/lib/node_modules/node-red/node_modules/busboy/test/test-types-multipart.js'
removed '/usr/lib/node_modules/node-red/node_modules/busboy/test/test-types-multipart-stream-pause.js'
removed '/usr/lib/node_modules/node-red/node_modules/busboy/test/test.js'
removed '/usr/lib/node_modules/node-red/node_modules/busboy/test/test-types-multipart-charsets.js'
removed '/usr/lib/node_modules/node-red/node_modules/busboy/test/test-types-urlencoded.js'
removed directory '/usr/lib/node_modules/node-red/node_modules/busboy/test'
removed '/usr/lib/node_modules/node-red/node_modules/busboy/.eslintrc.js'
removed '/usr/lib/node_modules/node-red/node_modules/busboy/README.md'
removed '/usr/lib/node_modules/node-red/node_modules/busboy/.github/workflows/lint.yml'
removed '/usr/lib/node_modules/node-red/node_modules/busboy/.github/workflows/ci.yml'
removed directory '/usr/lib/node_modules/node-red/node_modules/busboy/.github/workflows'
removed directory '/usr/lib/node_modules/node-red/node_modules/busboy/.github'
removed '/usr/lib/node_modules/node-red/node_modules/busboy/lib/index.js'
removed '/usr/lib/node_modules/node-red/node_modules/busboy/lib/utils.js'
removed '/usr/lib/node_modules/node-red/node_modules/busboy/lib/types/urlencoded.js'
removed '/usr/lib/node_modules/node-red/node_modules/busboy/lib/types/multipart.js'
removed directory '/usr/lib/node_modules/node-red/node_modules/busboy/lib/types'
removed directory '/usr/lib/node_modules/node-red/node_modules/busboy/lib'
removed '/usr/lib/node_modules/node-red/node_modules/busboy/LICENSE'
removed directory '/usr/lib/node_modules/node-red/node_modules/busboy'
removed '/usr/lib/node_modules/node-red/node_modules/worker-timers-broker/package.json'
removed '/usr/lib/node_modules/node-red/node_modules/worker-timers-broker/build/es2019/module.js.map'
removed '/usr/lib/node_modules/node-red/node_modules/worker-timers-broker/build/es2019/module.d.ts.map'
removed '/usr/lib/node_modules/node-red/node_modules/worker-timers-broker/build/es2019/module.d.ts'
removed '/usr/lib/node_modules/node-red/node_modules/worker-timers-broker/build/es2019/guards/call-notification.d.ts'
removed '/usr/lib/node_modules/node-red/node_modules/worker-timers-broker/build/es2019/guards/call-notification.d.ts.map'
removed '/usr/lib/node_modules/node-red/node_modules/worker-timers-broker/build/es2019/guards/clear-response.js.map'
removed '/usr/lib/node_modules/node-red/node_modules/worker-timers-broker/build/es2019/guards/clear-response.d.ts'
removed '/usr/lib/node_modules/node-red/node_modules/worker-timers-broker/build/es2019/guards/call-notification.js.map'
removed '/usr/lib/node_modules/node-red/node_modules/worker-timers-broker/build/es2019/guards/call-notification.js'
removed '/usr/lib/node_modules/node-red/node_modules/worker-timers-broker/build/es2019/guards/clear-response.d.ts.map'
removed '/usr/lib/node_modules/node-red/node_modules/worker-timers-broker/build/es2019/guards/clear-response.js'
removed directory '/usr/lib/node_modules/node-red/node_modules/worker-timers-broker/build/es2019/guards'
removed '/usr/lib/node_modules/node-red/node_modules/worker-timers-broker/build/es2019/module.js'
removed directory '/usr/lib/node_modules/node-red/node_modules/worker-timers-broker/build/es2019'
removed '/usr/lib/node_modules/node-red/node_modules/worker-timers-broker/build/es5/bundle.js'
removed directory '/usr/lib/node_modules/node-red/node_modules/worker-timers-broker/build/es5'
removed directory '/usr/lib/node_modules/node-red/node_modules/worker-timers-broker/build'
removed '/usr/lib/node_modules/node-red/node_modules/worker-timers-broker/README.md'
removed '/usr/lib/node_modules/node-red/node_modules/worker-timers-broker/src/tsconfig.json'
removed '/usr/lib/node_modules/node-red/node_modules/worker-timers-broker/src/guards/clear-response.ts'
removed '/usr/lib/node_modules/node-red/node_modules/worker-timers-broker/src/guards/call-notification.ts'
removed directory '/usr/lib/node_modules/node-red/node_modules/worker-timers-broker/src/guards'
removed '/usr/lib/node_modules/node-red/node_modules/worker-timers-broker/src/module.ts'
removed directory '/usr/lib/node_modules/node-red/node_modules/worker-timers-broker/src'
removed '/usr/lib/node_modules/node-red/node_modules/worker-timers-broker/LICENSE'
removed directory '/usr/lib/node_modules/node-red/node_modules/worker-timers-broker'
removed '/usr/lib/node_modules/node-red/node_modules/p-cancelable/readme.md'
removed '/usr/lib/node_modules/node-red/node_modules/p-cancelable/package.json'
removed '/usr/lib/node_modules/node-red/node_modules/p-cancelable/license'
removed '/usr/lib/node_modules/node-red/node_modules/p-cancelable/index.js'
removed '/usr/lib/node_modules/node-red/node_modules/p-cancelable/index.d.ts'
removed directory '/usr/lib/node_modules/node-red/node_modules/p-cancelable'
removed '/usr/lib/node_modules/node-red/node_modules/htmlparser2/package.json'
removed '/usr/lib/node_modules/node-red/node_modules/htmlparser2/README.md'
removed '/usr/lib/node_modules/node-red/node_modules/htmlparser2/lib/CollectingHandler.js'
removed '/usr/lib/node_modules/node-red/node_modules/htmlparser2/lib/MultiplexHandler.d.ts'
removed '/usr/lib/node_modules/node-red/node_modules/htmlparser2/lib/MultiplexHandler.d.ts.map'
removed '/usr/lib/node_modules/node-red/node_modules/htmlparser2/lib/Parser.d.ts'
removed '/usr/lib/node_modules/node-red/node_modules/htmlparser2/lib/FeedHandler.d.ts'
removed '/usr/lib/node_modules/node-red/node_modules/htmlparser2/lib/FeedHandler.d.ts.map'
removed '/usr/lib/node_modules/node-red/node_modules/htmlparser2/lib/index.js'
removed '/usr/lib/node_modules/node-red/node_modules/htmlparser2/lib/WritableStream.d.ts'
removed '/usr/lib/node_modules/node-red/node_modules/htmlparser2/lib/WritableStream.d.ts.map'
removed '/usr/lib/node_modules/node-red/node_modules/htmlparser2/lib/Parser.js'
removed '/usr/lib/node_modules/node-red/node_modules/htmlparser2/lib/MultiplexHandler.js'
removed '/usr/lib/node_modules/node-red/node_modules/htmlparser2/lib/Tokenizer.d.ts.map'
removed '/usr/lib/node_modules/node-red/node_modules/htmlparser2/lib/FeedHandler.js'
removed '/usr/lib/node_modules/node-red/node_modules/htmlparser2/lib/Parser.d.ts.map'
removed '/usr/lib/node_modules/node-red/node_modules/htmlparser2/lib/Tokenizer.d.ts'
removed '/usr/lib/node_modules/node-red/node_modules/htmlparser2/lib/CollectingHandler.d.ts'
removed '/usr/lib/node_modules/node-red/node_modules/htmlparser2/lib/WritableStream.js'
removed '/usr/lib/node_modules/node-red/node_modules/htmlparser2/lib/Tokenizer.js'
removed '/usr/lib/node_modules/node-red/node_modules/htmlparser2/lib/index.d.ts'
removed '/usr/lib/node_modules/node-red/node_modules/htmlparser2/lib/index.d.ts.map'
removed '/usr/lib/node_modules/node-red/node_modules/htmlparser2/lib/CollectingHandler.d.ts.map'
removed directory '/usr/lib/node_modules/node-red/node_modules/htmlparser2/lib'
removed '/usr/lib/node_modules/node-red/node_modules/htmlparser2/LICENSE'
removed directory '/usr/lib/node_modules/node-red/node_modules/htmlparser2'
removed '/usr/lib/node_modules/node-red/node_modules/ansi-regex/readme.md'
removed '/usr/lib/node_modules/node-red/node_modules/ansi-regex/package.json'
removed '/usr/lib/node_modules/node-red/node_modules/ansi-regex/license'
removed '/usr/lib/node_modules/node-red/node_modules/ansi-regex/index.js'
removed '/usr/lib/node_modules/node-red/node_modules/ansi-regex/index.d.ts'
removed directory '/usr/lib/node_modules/node-red/node_modules/ansi-regex'
removed '/usr/lib/node_modules/node-red/node_modules/concat-stream/readme.md'
removed '/usr/lib/node_modules/node-red/node_modules/concat-stream/package.json'
removed '/usr/lib/node_modules/node-red/node_modules/concat-stream/index.js'
removed '/usr/lib/node_modules/node-red/node_modules/concat-stream/node_modules/readable-stream/readable-browser.js'
removed '/usr/lib/node_modules/node-red/node_modules/concat-stream/node_modules/readable-stream/package.json'
removed '/usr/lib/node_modules/node-red/node_modules/concat-stream/node_modules/readable-stream/CONTRIBUTING.md'
removed '/usr/lib/node_modules/node-red/node_modules/concat-stream/node_modules/readable-stream/README.md'
removed '/usr/lib/node_modules/node-red/node_modules/concat-stream/node_modules/readable-stream/experimentalWarning.js'
removed '/usr/lib/node_modules/node-red/node_modules/concat-stream/node_modules/readable-stream/GOVERNANCE.md'
removed '/usr/lib/node_modules/node-red/node_modules/concat-stream/node_modules/readable-stream/lib/_stream_transform.js'
removed '/usr/lib/node_modules/node-red/node_modules/concat-stream/node_modules/readable-stream/lib/internal/streams/pipeline.js'
removed '/usr/lib/node_modules/node-red/node_modules/concat-stream/node_modules/readable-stream/lib/internal/streams/state.js'
removed '/usr/lib/node_modules/node-red/node_modules/concat-stream/node_modules/readable-stream/lib/internal/streams/destroy.js'
removed '/usr/lib/node_modules/node-red/node_modules/concat-stream/node_modules/readable-stream/lib/internal/streams/buffer_list.js'
removed '/usr/lib/node_modules/node-red/node_modules/concat-stream/node_modules/readable-stream/lib/internal/streams/async_iterator.js'
removed '/usr/lib/node_modules/node-red/node_modules/concat-stream/node_modules/readable-stream/lib/internal/streams/stream.js'
removed '/usr/lib/node_modules/node-red/node_modules/concat-stream/node_modules/readable-stream/lib/internal/streams/from-browser.js'
removed '/usr/lib/node_modules/node-red/node_modules/concat-stream/node_modules/readable-stream/lib/internal/streams/stream-browser.js'
removed '/usr/lib/node_modules/node-red/node_modules/concat-stream/node_modules/readable-stream/lib/internal/streams/from.js'
removed '/usr/lib/node_modules/node-red/node_modules/concat-stream/node_modules/readable-stream/lib/internal/streams/end-of-stream.js'
removed directory '/usr/lib/node_modules/node-red/node_modules/concat-stream/node_modules/readable-stream/lib/internal/streams'
removed directory '/usr/lib/node_modules/node-red/node_modules/concat-stream/node_modules/readable-stream/lib/internal'
removed '/usr/lib/node_modules/node-red/node_modules/concat-stream/node_modules/readable-stream/lib/_stream_writable.js'
removed '/usr/lib/node_modules/node-red/node_modules/concat-stream/node_modules/readable-stream/lib/_stream_passthrough.js'
removed '/usr/lib/node_modules/node-red/node_modules/concat-stream/node_modules/readable-stream/lib/_stream_duplex.js'
removed '/usr/lib/node_modules/node-red/node_modules/concat-stream/node_modules/readable-stream/lib/_stream_readable.js'
removed directory '/usr/lib/node_modules/node-red/node_modules/concat-stream/node_modules/readable-stream/lib'
removed '/usr/lib/node_modules/node-red/node_modules/concat-stream/node_modules/readable-stream/errors.js'
removed '/usr/lib/node_modules/node-red/node_modules/concat-stream/node_modules/readable-stream/errors-browser.js'
removed '/usr/lib/node_modules/node-red/node_modules/concat-stream/node_modules/readable-stream/readable.js'
removed '/usr/lib/node_modules/node-red/node_modules/concat-stream/node_modules/readable-stream/LICENSE'
removed directory '/usr/lib/node_modules/node-red/node_modules/concat-stream/node_modules/readable-stream'
removed directory '/usr/lib/node_modules/node-red/node_modules/concat-stream/node_modules'
removed '/usr/lib/node_modules/node-red/node_modules/concat-stream/LICENSE'
removed directory '/usr/lib/node_modules/node-red/node_modules/concat-stream'
removed '/usr/lib/node_modules/node-red/node_modules/async-mutex/es6/index.js'
removed '/usr/lib/node_modules/node-red/node_modules/async-mutex/es6/SemaphoreInterface.js'
removed '/usr/lib/node_modules/node-red/node_modules/async-mutex/es6/Semaphore.js'
removed '/usr/lib/node_modules/node-red/node_modules/async-mutex/es6/Mutex.js'
removed '/usr/lib/node_modules/node-red/node_modules/async-mutex/es6/MutexInterface.js'
removed '/usr/lib/node_modules/node-red/node_modules/async-mutex/es6/errors.js'
removed '/usr/lib/node_modules/node-red/node_modules/async-mutex/es6/tryAcquire.js'
removed '/usr/lib/node_modules/node-red/node_modules/async-mutex/es6/withTimeout.js'
removed directory '/usr/lib/node_modules/node-red/node_modules/async-mutex/es6'
removed '/usr/lib/node_modules/node-red/node_modules/async-mutex/package.json'
removed '/usr/lib/node_modules/node-red/node_modules/async-mutex/index.mjs'
removed '/usr/lib/node_modules/node-red/node_modules/async-mutex/README.md'
removed '/usr/lib/node_modules/node-red/node_modules/async-mutex/lib/MutexInterface.d.ts'
removed '/usr/lib/node_modules/node-red/node_modules/async-mutex/lib/index.js'
removed '/usr/lib/node_modules/node-red/node_modules/async-mutex/lib/SemaphoreInterface.js'
removed '/usr/lib/node_modules/node-red/node_modules/async-mutex/lib/Semaphore.js'
removed '/usr/lib/node_modules/node-red/node_modules/async-mutex/lib/Mutex.js'
removed '/usr/lib/node_modules/node-red/node_modules/async-mutex/lib/errors.d.ts'
removed '/usr/lib/node_modules/node-red/node_modules/async-mutex/lib/withTimeout.d.ts'
removed '/usr/lib/node_modules/node-red/node_modules/async-mutex/lib/tryAcquire.d.ts'
removed '/usr/lib/node_modules/node-red/node_modules/async-mutex/lib/MutexInterface.js'
removed '/usr/lib/node_modules/node-red/node_modules/async-mutex/lib/Semaphore.d.ts'
removed '/usr/lib/node_modules/node-red/node_modules/async-mutex/lib/Mutex.d.ts'
removed '/usr/lib/node_modules/node-red/node_modules/async-mutex/lib/errors.js'
removed '/usr/lib/node_modules/node-red/node_modules/async-mutex/lib/tryAcquire.js'
removed '/usr/lib/node_modules/node-red/node_modules/async-mutex/lib/SemaphoreInterface.d.ts'
removed '/usr/lib/node_modules/node-red/node_modules/async-mutex/lib/index.d.ts'
removed '/usr/lib/node_modules/node-red/node_modules/async-mutex/lib/withTimeout.js'
removed directory '/usr/lib/node_modules/node-red/node_modules/async-mutex/lib'
removed '/usr/lib/node_modules/node-red/node_modules/async-mutex/LICENSE'
removed directory '/usr/lib/node_modules/node-red/node_modules/async-mutex'
removed '/usr/lib/node_modules/node-red/node_modules/socks/docs/examples/typescript/bindExample.md'
removed '/usr/lib/node_modules/node-red/node_modules/socks/docs/examples/typescript/associateExample.md'
removed '/usr/lib/node_modules/node-red/node_modules/socks/docs/examples/typescript/connectExample.md'
removed directory '/usr/lib/node_modules/node-red/node_modules/socks/docs/examples/typescript'
removed '/usr/lib/node_modules/node-red/node_modules/socks/docs/examples/javascript/bindExample.md'
removed '/usr/lib/node_modules/node-red/node_modules/socks/docs/examples/javascript/associateExample.md'
removed '/usr/lib/node_modules/node-red/node_modules/socks/docs/examples/javascript/connectExample.md'
removed directory '/usr/lib/node_modules/node-red/node_modules/socks/docs/examples/javascript'
removed '/usr/lib/node_modules/node-red/node_modules/socks/docs/examples/index.md'
removed directory '/usr/lib/node_modules/node-red/node_modules/socks/docs/examples'
removed '/usr/lib/node_modules/node-red/node_modules/socks/docs/migratingFromV1.md'
removed '/usr/lib/node_modules/node-red/node_modules/socks/docs/index.md'
removed directory '/usr/lib/node_modules/node-red/node_modules/socks/docs'
removed '/usr/lib/node_modules/node-red/node_modules/socks/typings/common/constants.d.ts'
removed '/usr/lib/node_modules/node-red/node_modules/socks/typings/common/receivebuffer.d.ts'
removed '/usr/lib/node_modules/node-red/node_modules/socks/typings/common/util.d.ts'
removed '/usr/lib/node_modules/node-red/node_modules/socks/typings/common/helpers.d.ts'
removed directory '/usr/lib/node_modules/node-red/node_modules/socks/typings/common'
removed '/usr/lib/node_modules/node-red/node_modules/socks/typings/index.d.ts'
removed '/usr/lib/node_modules/node-red/node_modules/socks/typings/client/socksclient.d.ts'
removed directory '/usr/lib/node_modules/node-red/node_modules/socks/typings/client'
removed directory '/usr/lib/node_modules/node-red/node_modules/socks/typings'
removed '/usr/lib/node_modules/node-red/node_modules/socks/package.json'
removed '/usr/lib/node_modules/node-red/node_modules/socks/build/index.js'
removed '/usr/lib/node_modules/node-red/node_modules/socks/build/index.js.map'
removed '/usr/lib/node_modules/node-red/node_modules/socks/build/common/helpers.js'
removed '/usr/lib/node_modules/node-red/node_modules/socks/build/common/constants.js.map'
removed '/usr/lib/node_modules/node-red/node_modules/socks/build/common/constants.js'
removed '/usr/lib/node_modules/node-red/node_modules/socks/build/common/receivebuffer.js.map'
removed '/usr/lib/node_modules/node-red/node_modules/socks/build/common/util.js.map'
removed '/usr/lib/node_modules/node-red/node_modules/socks/build/common/receivebuffer.js'
removed '/usr/lib/node_modules/node-red/node_modules/socks/build/common/helpers.js.map'
removed '/usr/lib/node_modules/node-red/node_modules/socks/build/common/util.js'
removed directory '/usr/lib/node_modules/node-red/node_modules/socks/build/common'
removed '/usr/lib/node_modules/node-red/node_modules/socks/build/client/socksclient.js'
removed '/usr/lib/node_modules/node-red/node_modules/socks/build/client/socksclient.js.map'
removed directory '/usr/lib/node_modules/node-red/node_modules/socks/build/client'
removed directory '/usr/lib/node_modules/node-red/node_modules/socks/build'
removed '/usr/lib/node_modules/node-red/node_modules/socks/README.md'
removed '/usr/lib/node_modules/node-red/node_modules/socks/.eslintrc.cjs'
removed '/usr/lib/node_modules/node-red/node_modules/socks/.prettierrc.yaml'
removed '/usr/lib/node_modules/node-red/node_modules/socks/LICENSE'
removed directory '/usr/lib/node_modules/node-red/node_modules/socks'
removed '/usr/lib/node_modules/node-red/node_modules/fresh/package.json'
removed '/usr/lib/node_modules/node-red/node_modules/fresh/HISTORY.md'
removed '/usr/lib/node_modules/node-red/node_modules/fresh/index.js'
removed '/usr/lib/node_modules/node-red/node_modules/fresh/README.md'
removed '/usr/lib/node_modules/node-red/node_modules/fresh/LICENSE'
removed directory '/usr/lib/node_modules/node-red/node_modules/fresh'
removed '/usr/lib/node_modules/node-red/node_modules/read/package.json'
removed '/usr/lib/node_modules/node-red/node_modules/read/dist/commonjs/read.d.ts.map'
removed '/usr/lib/node_modules/node-red/node_modules/read/dist/commonjs/read.js.map'
removed '/usr/lib/node_modules/node-red/node_modules/read/dist/commonjs/package.json'
removed '/usr/lib/node_modules/node-red/node_modules/read/dist/commonjs/read.d.ts'
removed '/usr/lib/node_modules/node-red/node_modules/read/dist/commonjs/read.js'
removed directory '/usr/lib/node_modules/node-red/node_modules/read/dist/commonjs'
removed '/usr/lib/node_modules/node-red/node_modules/read/dist/esm/read.d.ts.map'
removed '/usr/lib/node_modules/node-red/node_modules/read/dist/esm/read.js.map'
removed '/usr/lib/node_modules/node-red/node_modules/read/dist/esm/package.json'
removed '/usr/lib/node_modules/node-red/node_modules/read/dist/esm/read.d.ts'
removed '/usr/lib/node_modules/node-red/node_modules/read/dist/esm/read.js'
removed directory '/usr/lib/node_modules/node-red/node_modules/read/dist/esm'
removed directory '/usr/lib/node_modules/node-red/node_modules/read/dist'
removed '/usr/lib/node_modules/node-red/node_modules/read/README.md'
removed '/usr/lib/node_modules/node-red/node_modules/read/LICENSE'
removed directory '/usr/lib/node_modules/node-red/node_modules/read'
removed '/usr/lib/node_modules/node-red/node_modules/abort-controller/package.json'
removed '/usr/lib/node_modules/node-red/node_modules/abort-controller/browser.mjs'
removed '/usr/lib/node_modules/node-red/node_modules/abort-controller/dist/abort-controller.mjs.map'
removed '/usr/lib/node_modules/node-red/node_modules/abort-controller/dist/abort-controller.js'
removed '/usr/lib/node_modules/node-red/node_modules/abort-controller/dist/abort-controller.d.ts'
removed '/usr/lib/node_modules/node-red/node_modules/abort-controller/dist/abort-controller.mjs'
removed '/usr/lib/node_modules/node-red/node_modules/abort-controller/dist/abort-controller.umd.js.map'
removed '/usr/lib/node_modules/node-red/node_modules/abort-controller/dist/abort-controller.umd.js'
removed '/usr/lib/node_modules/node-red/node_modules/abort-controller/dist/abort-controller.js.map'
removed directory '/usr/lib/node_modules/node-red/node_modules/abort-controller/dist'
removed '/usr/lib/node_modules/node-red/node_modules/abort-controller/README.md'
removed '/usr/lib/node_modules/node-red/node_modules/abort-controller/polyfill.mjs'
removed '/usr/lib/node_modules/node-red/node_modules/abort-controller/browser.js'
removed '/usr/lib/node_modules/node-red/node_modules/abort-controller/polyfill.js'
removed '/usr/lib/node_modules/node-red/node_modules/abort-controller/LICENSE'
removed directory '/usr/lib/node_modules/node-red/node_modules/abort-controller'
removed '/usr/lib/node_modules/node-red/node_modules/.bin/mustache'
removed '/usr/lib/node_modules/node-red/node_modules/.bin/nopt'
removed '/usr/lib/node_modules/node-red/node_modules/.bin/node-red-admin'
removed '/usr/lib/node_modules/node-red/node_modules/.bin/mkdirp'
removed '/usr/lib/node_modules/node-red/node_modules/.bin/uuid'
removed '/usr/lib/node_modules/node-red/node_modules/.bin/tldts'
removed '/usr/lib/node_modules/node-red/node_modules/.bin/mime'
removed '/usr/lib/node_modules/node-red/node_modules/.bin/uglifyjs'
removed '/usr/lib/node_modules/node-red/node_modules/.bin/mqtt_sub'
removed '/usr/lib/node_modules/node-red/node_modules/.bin/mqtt_pub'
removed '/usr/lib/node_modules/node-red/node_modules/.bin/bcrypt'
removed '/usr/lib/node_modules/node-red/node_modules/.bin/js-yaml'
removed '/usr/lib/node_modules/node-red/node_modules/.bin/semver'
removed '/usr/lib/node_modules/node-red/node_modules/.bin/mqtt'
removed '/usr/lib/node_modules/node-red/node_modules/.bin/acorn'
removed directory '/usr/lib/node_modules/node-red/node_modules/.bin'
removed '/usr/lib/node_modules/node-red/node_modules/cookie/package.json'
removed '/usr/lib/node_modules/node-red/node_modules/cookie/index.js'
removed '/usr/lib/node_modules/node-red/node_modules/cookie/README.md'
removed '/usr/lib/node_modules/node-red/node_modules/cookie/SECURITY.md'
removed '/usr/lib/node_modules/node-red/node_modules/cookie/LICENSE'
removed directory '/usr/lib/node_modules/node-red/node_modules/cookie'
removed '/usr/lib/node_modules/node-red/node_modules/form-data/package.json'
removed '/usr/lib/node_modules/node-red/node_modules/form-data/License'
removed '/usr/lib/node_modules/node-red/node_modules/form-data/README.md'
removed '/usr/lib/node_modules/node-red/node_modules/form-data/lib/form_data.js'
removed '/usr/lib/node_modules/node-red/node_modules/form-data/lib/browser.js'
removed '/usr/lib/node_modules/node-red/node_modules/form-data/lib/populate.js'
removed directory '/usr/lib/node_modules/node-red/node_modules/form-data/lib'
removed '/usr/lib/node_modules/node-red/node_modules/form-data/CHANGELOG.md'
removed '/usr/lib/node_modules/node-red/node_modules/form-data/index.d.ts'
removed directory '/usr/lib/node_modules/node-red/node_modules/form-data'
removed '/usr/lib/node_modules/node-red/node_modules/form-data-encoder/readme.md'
removed '/usr/lib/node_modules/node-red/node_modules/form-data-encoder/package.json'
removed '/usr/lib/node_modules/node-red/node_modules/form-data-encoder/license'
removed '/usr/lib/node_modules/node-red/node_modules/form-data-encoder/@type/FormDataLike.d.ts'
removed '/usr/lib/node_modules/node-red/node_modules/form-data-encoder/@type/FormDataEncoder.d.ts'
removed '/usr/lib/node_modules/node-red/node_modules/form-data-encoder/@type/FileLike.d.ts'
removed '/usr/lib/node_modules/node-red/node_modules/form-data-encoder/@type/index.d.ts'
removed '/usr/lib/node_modules/node-red/node_modules/form-data-encoder/@type/util/proxyHeaders.d.ts'
removed '/usr/lib/node_modules/node-red/node_modules/form-data-encoder/@type/util/isFormData.d.ts'
removed '/usr/lib/node_modules/node-red/node_modules/form-data-encoder/@type/util/isPlainObject.d.ts'
removed '/usr/lib/node_modules/node-red/node_modules/form-data-encoder/@type/util/isFunction.d.ts'
removed '/usr/lib/node_modules/node-red/node_modules/form-data-encoder/@type/util/getStreamIterator.d.ts'
removed '/usr/lib/node_modules/node-red/node_modules/form-data-encoder/@type/util/Headers.d.ts'
removed '/usr/lib/node_modules/node-red/node_modules/form-data-encoder/@type/util/escapeName.d.ts'
removed '/usr/lib/node_modules/node-red/node_modules/form-data-encoder/@type/util/isFile.d.ts'
removed '/usr/lib/node_modules/node-red/node_modules/form-data-encoder/@type/util/normalizeValue.d.ts'
removed '/usr/lib/node_modules/node-red/node_modules/form-data-encoder/@type/util/createBoundary.d.ts'
removed directory '/usr/lib/node_modules/node-red/node_modules/form-data-encoder/@type/util'
removed directory '/usr/lib/node_modules/node-red/node_modules/form-data-encoder/@type'
removed '/usr/lib/node_modules/node-red/node_modules/form-data-encoder/lib/FormDataLike.js'
removed '/usr/lib/node_modules/node-red/node_modules/form-data-encoder/lib/index.js'
removed '/usr/lib/node_modules/node-red/node_modules/form-data-encoder/lib/FormDataEncoder.js'
removed '/usr/lib/node_modules/node-red/node_modules/form-data-encoder/lib/util/getStreamIterator.js'
removed '/usr/lib/node_modules/node-red/node_modules/form-data-encoder/lib/util/Headers.js'
removed '/usr/lib/node_modules/node-red/node_modules/form-data-encoder/lib/util/createBoundary.js'
removed '/usr/lib/node_modules/node-red/node_modules/form-data-encoder/lib/util/isPlainObject.js'
removed '/usr/lib/node_modules/node-red/node_modules/form-data-encoder/lib/util/isFunction.js'
removed '/usr/lib/node_modules/node-red/node_modules/form-data-encoder/lib/util/normalizeValue.js'
removed '/usr/lib/node_modules/node-red/node_modules/form-data-encoder/lib/util/isFile.js'
removed '/usr/lib/node_modules/node-red/node_modules/form-data-encoder/lib/util/escapeName.js'
removed '/usr/lib/node_modules/node-red/node_modules/form-data-encoder/lib/util/isFormData.js'
removed '/usr/lib/node_modules/node-red/node_modules/form-data-encoder/lib/util/proxyHeaders.js'
removed directory '/usr/lib/node_modules/node-red/node_modules/form-data-encoder/lib/util'
removed '/usr/lib/node_modules/node-red/node_modules/form-data-encoder/lib/FileLike.js'
removed directory '/usr/lib/node_modules/node-red/node_modules/form-data-encoder/lib'
removed directory '/usr/lib/node_modules/node-red/node_modules/form-data-encoder'
removed '/usr/lib/node_modules/node-red/node_modules/get-intrinsic/package.json'
removed '/usr/lib/node_modules/node-red/node_modules/get-intrinsic/test/GetIntrinsic.js'
removed directory '/usr/lib/node_modules/node-red/node_modules/get-intrinsic/test'
removed '/usr/lib/node_modules/node-red/node_modules/get-intrinsic/index.js'
removed '/usr/lib/node_modules/node-red/node_modules/get-intrinsic/README.md'
removed '/usr/lib/node_modules/node-red/node_modules/get-intrinsic/.eslintrc'
removed '/usr/lib/node_modules/node-red/node_modules/get-intrinsic/.github/FUNDING.yml'
removed directory '/usr/lib/node_modules/node-red/node_modules/get-intrinsic/.github'
removed '/usr/lib/node_modules/node-red/node_modules/get-intrinsic/CHANGELOG.md'
removed '/usr/lib/node_modules/node-red/node_modules/get-intrinsic/LICENSE'
removed '/usr/lib/node_modules/node-red/node_modules/get-intrinsic/.nycrc'
removed directory '/usr/lib/node_modules/node-red/node_modules/get-intrinsic'
removed '/usr/lib/node_modules/node-red/node_modules/cookie-signature/package.json'
removed '/usr/lib/node_modules/node-red/node_modules/cookie-signature/index.js'
removed '/usr/lib/node_modules/node-red/node_modules/cookie-signature/.npmignore'
removed '/usr/lib/node_modules/node-red/node_modules/cookie-signature/History.md'
removed '/usr/lib/node_modules/node-red/node_modules/cookie-signature/Readme.md'
removed directory '/usr/lib/node_modules/node-red/node_modules/cookie-signature'
removed '/usr/lib/node_modules/node-red/node_modules/mute-stream/package.json'
removed '/usr/lib/node_modules/node-red/node_modules/mute-stream/README.md'
removed '/usr/lib/node_modules/node-red/node_modules/mute-stream/lib/index.js'
removed directory '/usr/lib/node_modules/node-red/node_modules/mute-stream/lib'
removed '/usr/lib/node_modules/node-red/node_modules/mute-stream/LICENSE'
removed directory '/usr/lib/node_modules/node-red/node_modules/mute-stream'
removed '/usr/lib/node_modules/node-red/node_modules/worker-timers/package.json'
removed '/usr/lib/node_modules/node-red/node_modules/worker-timers/build/es2019/module.js.map'
removed '/usr/lib/node_modules/node-red/node_modules/worker-timers/build/es2019/module.d.ts.map'
removed '/usr/lib/node_modules/node-red/node_modules/worker-timers/build/es2019/module.d.ts'
removed '/usr/lib/node_modules/node-red/node_modules/worker-timers/build/es2019/factories/load-or-return-broker.d.ts.map'
removed '/usr/lib/node_modules/node-red/node_modules/worker-timers/build/es2019/factories/load-or-return-broker.js'
removed '/usr/lib/node_modules/node-red/node_modules/worker-timers/build/es2019/factories/load-or-return-broker.js.map'
removed '/usr/lib/node_modules/node-red/node_modules/worker-timers/build/es2019/factories/load-or-return-broker.d.ts'
removed directory '/usr/lib/node_modules/node-red/node_modules/worker-timers/build/es2019/factories'
removed '/usr/lib/node_modules/node-red/node_modules/worker-timers/build/es2019/module.js'
removed '/usr/lib/node_modules/node-red/node_modules/worker-timers/build/es2019/worker/worker.d.ts.map'
removed '/usr/lib/node_modules/node-red/node_modules/worker-timers/build/es2019/worker/worker.d.ts'
removed '/usr/lib/node_modules/node-red/node_modules/worker-timers/build/es2019/worker/worker.js.map'
removed '/usr/lib/node_modules/node-red/node_modules/worker-timers/build/es2019/worker/worker.js'
removed directory '/usr/lib/node_modules/node-red/node_modules/worker-timers/build/es2019/worker'
removed directory '/usr/lib/node_modules/node-red/node_modules/worker-timers/build/es2019'
removed '/usr/lib/node_modules/node-red/node_modules/worker-timers/build/es5/bundle.js'
removed directory '/usr/lib/node_modules/node-red/node_modules/worker-timers/build/es5'
removed directory '/usr/lib/node_modules/node-red/node_modules/worker-timers/build'
removed '/usr/lib/node_modules/node-red/node_modules/worker-timers/README.md'
removed '/usr/lib/node_modules/node-red/node_modules/worker-timers/src/tsconfig.json'
removed '/usr/lib/node_modules/node-red/node_modules/worker-timers/src/factories/load-or-return-broker.ts'
removed directory '/usr/lib/node_modules/node-red/node_modules/worker-timers/src/factories'
removed '/usr/lib/node_modules/node-red/node_modules/worker-timers/src/worker/worker.ts'
removed directory '/usr/lib/node_modules/node-red/node_modules/worker-timers/src/worker'
removed '/usr/lib/node_modules/node-red/node_modules/worker-timers/src/module.ts'
removed directory '/usr/lib/node_modules/node-red/node_modules/worker-timers/src'
removed '/usr/lib/node_modules/node-red/node_modules/worker-timers/LICENSE'
removed directory '/usr/lib/node_modules/node-red/node_modules/worker-timers'
removed '/usr/lib/node_modules/node-red/node_modules/require-from-string/readme.md'
removed '/usr/lib/node_modules/node-red/node_modules/require-from-string/package.json'
removed '/usr/lib/node_modules/node-red/node_modules/require-from-string/license'
removed '/usr/lib/node_modules/node-red/node_modules/require-from-string/index.js'
removed directory '/usr/lib/node_modules/node-red/node_modules/require-from-string'
removed '/usr/lib/node_modules/node-red/node_modules/json-buffer/package.json'
removed '/usr/lib/node_modules/node-red/node_modules/json-buffer/test/index.js'
removed directory '/usr/lib/node_modules/node-red/node_modules/json-buffer/test'
removed '/usr/lib/node_modules/node-red/node_modules/json-buffer/index.js'
removed '/usr/lib/node_modules/node-red/node_modules/json-buffer/README.md'
removed '/usr/lib/node_modules/node-red/node_modules/json-buffer/.travis.yml'
removed '/usr/lib/node_modules/node-red/node_modules/json-buffer/LICENSE'
removed directory '/usr/lib/node_modules/node-red/node_modules/json-buffer'
removed '/usr/lib/node_modules/node-red/node_modules/number-allocator/package.json'
removed '/usr/lib/node_modules/node-red/node_modules/number-allocator/test/typescript/tsconfig.json'
removed '/usr/lib/node_modules/node-red/node_modules/number-allocator/test/typescript/test.ts'
removed directory '/usr/lib/node_modules/node-red/node_modules/number-allocator/test/typescript'
removed '/usr/lib/node_modules/node-red/node_modules/number-allocator/test/test.js'
removed directory '/usr/lib/node_modules/node-red/node_modules/number-allocator/test'
removed '/usr/lib/node_modules/node-red/node_modules/number-allocator/index.js'
removed '/usr/lib/node_modules/node-red/node_modules/number-allocator/README.md'
removed '/usr/lib/node_modules/node-red/node_modules/number-allocator/.github/workflows/nodejs.yml'
removed directory '/usr/lib/node_modules/node-red/node_modules/number-allocator/.github/workflows'
removed directory '/usr/lib/node_modules/node-red/node_modules/number-allocator/.github'
removed '/usr/lib/node_modules/node-red/node_modules/number-allocator/node_modules/debug/package.json'
removed '/usr/lib/node_modules/node-red/node_modules/number-allocator/node_modules/debug/README.md'
removed '/usr/lib/node_modules/node-red/node_modules/number-allocator/node_modules/debug/src/common.js'
removed '/usr/lib/node_modules/node-red/node_modules/number-allocator/node_modules/debug/src/index.js'
removed '/usr/lib/node_modules/node-red/node_modules/number-allocator/node_modules/debug/src/browser.js'
removed '/usr/lib/node_modules/node-red/node_modules/number-allocator/node_modules/debug/src/node.js'
removed directory '/usr/lib/node_modules/node-red/node_modules/number-allocator/node_modules/debug/src'
removed '/usr/lib/node_modules/node-red/node_modules/number-allocator/node_modules/debug/LICENSE'
removed directory '/usr/lib/node_modules/node-red/node_modules/number-allocator/node_modules/debug'
removed '/usr/lib/node_modules/node-red/node_modules/number-allocator/node_modules/ms/readme.md'
removed '/usr/lib/node_modules/node-red/node_modules/number-allocator/node_modules/ms/package.json'
removed '/usr/lib/node_modules/node-red/node_modules/number-allocator/node_modules/ms/index.js'
removed '/usr/lib/node_modules/node-red/node_modules/number-allocator/node_modules/ms/license.md'
removed directory '/usr/lib/node_modules/node-red/node_modules/number-allocator/node_modules/ms'
removed directory '/usr/lib/node_modules/node-red/node_modules/number-allocator/node_modules'
removed '/usr/lib/node_modules/node-red/node_modules/number-allocator/lib/number-allocator.js'
removed directory '/usr/lib/node_modules/node-red/node_modules/number-allocator/lib'
removed '/usr/lib/node_modules/node-red/node_modules/number-allocator/CHANGELOG.md'
removed '/usr/lib/node_modules/node-red/node_modules/number-allocator/types/lib/number-allocator.d.ts'
removed directory '/usr/lib/node_modules/node-red/node_modules/number-allocator/types/lib'
removed '/usr/lib/node_modules/node-red/node_modules/number-allocator/types/index.d.ts'
removed directory '/usr/lib/node_modules/node-red/node_modules/number-allocator/types'
removed '/usr/lib/node_modules/node-red/node_modules/number-allocator/karma.conf.js'
removed '/usr/lib/node_modules/node-red/node_modules/number-allocator/LICENSE'
removed directory '/usr/lib/node_modules/node-red/node_modules/number-allocator'
removed '/usr/lib/node_modules/node-red/node_modules/rfdc/readme.md'
removed '/usr/lib/node_modules/node-red/node_modules/rfdc/package.json'
removed '/usr/lib/node_modules/node-red/node_modules/rfdc/test/index.js'
removed directory '/usr/lib/node_modules/node-red/node_modules/rfdc/test'
removed '/usr/lib/node_modules/node-red/node_modules/rfdc/index.js'
removed '/usr/lib/node_modules/node-red/node_modules/rfdc/.github/workflows/ci.yml'
removed directory '/usr/lib/node_modules/node-red/node_modules/rfdc/.github/workflows'
removed directory '/usr/lib/node_modules/node-red/node_modules/rfdc/.github'
removed '/usr/lib/node_modules/node-red/node_modules/rfdc/index.test-d.ts'
removed '/usr/lib/node_modules/node-red/node_modules/rfdc/default.js'
removed '/usr/lib/node_modules/node-red/node_modules/rfdc/index.d.ts'
removed '/usr/lib/node_modules/node-red/node_modules/rfdc/LICENSE'
removed directory '/usr/lib/node_modules/node-red/node_modules/rfdc'
removed '/usr/lib/node_modules/node-red/node_modules/responselike/readme.md'
removed '/usr/lib/node_modules/node-red/node_modules/responselike/package.json'
removed '/usr/lib/node_modules/node-red/node_modules/responselike/license'
removed '/usr/lib/node_modules/node-red/node_modules/responselike/index.js'
removed '/usr/lib/node_modules/node-red/node_modules/responselike/index.d.ts'
removed directory '/usr/lib/node_modules/node-red/node_modules/responselike'
removed '/usr/lib/node_modules/node-red/node_modules/css-select/package.json'
removed '/usr/lib/node_modules/node-red/node_modules/css-select/README.md'
removed '/usr/lib/node_modules/node-red/node_modules/css-select/lib/sort.d.ts'
removed '/usr/lib/node_modules/node-red/node_modules/css-select/lib/compile.d.ts'
removed '/usr/lib/node_modules/node-red/node_modules/css-select/lib/procedure.d.ts'
removed '/usr/lib/node_modules/node-red/node_modules/css-select/lib/compile.js'
removed '/usr/lib/node_modules/node-red/node_modules/css-select/lib/index.js'
removed '/usr/lib/node_modules/node-red/node_modules/css-select/lib/sort.js'
removed '/usr/lib/node_modules/node-red/node_modules/css-select/lib/types.d.ts'
removed '/usr/lib/node_modules/node-red/node_modules/css-select/lib/compile.d.ts.map'
removed '/usr/lib/node_modules/node-red/node_modules/css-select/lib/attributes.d.ts.map'
removed '/usr/lib/node_modules/node-red/node_modules/css-select/lib/types.js'
removed '/usr/lib/node_modules/node-red/node_modules/css-select/lib/general.d.ts'
removed '/usr/lib/node_modules/node-red/node_modules/css-select/lib/attributes.js'
removed '/usr/lib/node_modules/node-red/node_modules/css-select/lib/attributes.d.ts'
removed '/usr/lib/node_modules/node-red/node_modules/css-select/lib/procedure.d.ts.map'
removed '/usr/lib/node_modules/node-red/node_modules/css-select/lib/sort.d.ts.map'
removed '/usr/lib/node_modules/node-red/node_modules/css-select/lib/pseudo-selectors/aliases.d.ts.map'
removed '/usr/lib/node_modules/node-red/node_modules/css-select/lib/pseudo-selectors/pseudos.js'
removed '/usr/lib/node_modules/node-red/node_modules/css-select/lib/pseudo-selectors/aliases.js'
removed '/usr/lib/node_modules/node-red/node_modules/css-select/lib/pseudo-selectors/filters.d.ts.map'
removed '/usr/lib/node_modules/node-red/node_modules/css-select/lib/pseudo-selectors/index.js'
removed '/usr/lib/node_modules/node-red/node_modules/css-select/lib/pseudo-selectors/subselects.js'
removed '/usr/lib/node_modules/node-red/node_modules/css-select/lib/pseudo-selectors/pseudos.d.ts.map'
removed '/usr/lib/node_modules/node-red/node_modules/css-select/lib/pseudo-selectors/pseudos.d.ts'
removed '/usr/lib/node_modules/node-red/node_modules/css-select/lib/pseudo-selectors/aliases.d.ts'
removed '/usr/lib/node_modules/node-red/node_modules/css-select/lib/pseudo-selectors/filters.js'
removed '/usr/lib/node_modules/node-red/node_modules/css-select/lib/pseudo-selectors/subselects.d.ts'
removed '/usr/lib/node_modules/node-red/node_modules/css-select/lib/pseudo-selectors/subselects.d.ts.map'
removed '/usr/lib/node_modules/node-red/node_modules/css-select/lib/pseudo-selectors/filters.d.ts'
removed '/usr/lib/node_modules/node-red/node_modules/css-select/lib/pseudo-selectors/index.d.ts'
removed '/usr/lib/node_modules/node-red/node_modules/css-select/lib/pseudo-selectors/index.d.ts.map'
removed directory '/usr/lib/node_modules/node-red/node_modules/css-select/lib/pseudo-selectors'
removed '/usr/lib/node_modules/node-red/node_modules/css-select/lib/general.d.ts.map'
removed '/usr/lib/node_modules/node-red/node_modules/css-select/lib/types.d.ts.map'
removed '/usr/lib/node_modules/node-red/node_modules/css-select/lib/index.d.ts'
removed '/usr/lib/node_modules/node-red/node_modules/css-select/lib/general.js'
removed '/usr/lib/node_modules/node-red/node_modules/css-select/lib/index.d.ts.map'
removed '/usr/lib/node_modules/node-red/node_modules/css-select/lib/procedure.js'
removed directory '/usr/lib/node_modules/node-red/node_modules/css-select/lib'
removed '/usr/lib/node_modules/node-red/node_modules/css-select/LICENSE'
removed directory '/usr/lib/node_modules/node-red/node_modules/css-select'
removed '/usr/lib/node_modules/node-red/node_modules/domhandler/readme.md'
removed '/usr/lib/node_modules/node-red/node_modules/domhandler/package.json'
removed '/usr/lib/node_modules/node-red/node_modules/domhandler/lib/index.js'
removed '/usr/lib/node_modules/node-red/node_modules/domhandler/lib/node.js'
removed '/usr/lib/node_modules/node-red/node_modules/domhandler/lib/node.d.ts.map'
removed '/usr/lib/node_modules/node-red/node_modules/domhandler/lib/index.d.ts'
removed '/usr/lib/node_modules/node-red/node_modules/domhandler/lib/node.d.ts'
removed '/usr/lib/node_modules/node-red/node_modules/domhandler/lib/index.d.ts.map'
removed directory '/usr/lib/node_modules/node-red/node_modules/domhandler/lib'
removed '/usr/lib/node_modules/node-red/node_modules/domhandler/LICENSE'
removed directory '/usr/lib/node_modules/node-red/node_modules/domhandler'
removed '/usr/lib/node_modules/node-red/node_modules/memorystore/package.json'
removed '/usr/lib/node_modules/node-red/node_modules/memorystore/test/store.js'
removed directory '/usr/lib/node_modules/node-red/node_modules/memorystore/test'
removed '/usr/lib/node_modules/node-red/node_modules/memorystore/index.js'
removed '/usr/lib/node_modules/node-red/node_modules/memorystore/README.md'
removed '/usr/lib/node_modules/node-red/node_modules/memorystore/node_modules/debug/package.json'
removed '/usr/lib/node_modules/node-red/node_modules/memorystore/node_modules/debug/README.md'
removed '/usr/lib/node_modules/node-red/node_modules/memorystore/node_modules/debug/src/common.js'
removed '/usr/lib/node_modules/node-red/node_modules/memorystore/node_modules/debug/src/index.js'
removed '/usr/lib/node_modules/node-red/node_modules/memorystore/node_modules/debug/src/browser.js'
removed '/usr/lib/node_modules/node-red/node_modules/memorystore/node_modules/debug/src/node.js'
removed directory '/usr/lib/node_modules/node-red/node_modules/memorystore/node_modules/debug/src'
removed '/usr/lib/node_modules/node-red/node_modules/memorystore/node_modules/debug/LICENSE'
removed directory '/usr/lib/node_modules/node-red/node_modules/memorystore/node_modules/debug'
removed '/usr/lib/node_modules/node-red/node_modules/memorystore/node_modules/ms/readme.md'
removed '/usr/lib/node_modules/node-red/node_modules/memorystore/node_modules/ms/package.json'
removed '/usr/lib/node_modules/node-red/node_modules/memorystore/node_modules/ms/index.js'
removed '/usr/lib/node_modules/node-red/node_modules/memorystore/node_modules/ms/license.md'
removed directory '/usr/lib/node_modules/node-red/node_modules/memorystore/node_modules/ms'
removed directory '/usr/lib/node_modules/node-red/node_modules/memorystore/node_modules'
removed '/usr/lib/node_modules/node-red/node_modules/memorystore/lib/memorystore.js'
removed directory '/usr/lib/node_modules/node-red/node_modules/memorystore/lib'
removed '/usr/lib/node_modules/node-red/node_modules/memorystore/.travis.yml'
removed '/usr/lib/node_modules/node-red/node_modules/memorystore/index.d.ts'
removed '/usr/lib/node_modules/node-red/node_modules/memorystore/LICENSE'
removed directory '/usr/lib/node_modules/node-red/node_modules/memorystore'
removed '/usr/lib/node_modules/node-red/node_modules/express-session/package.json'
removed '/usr/lib/node_modules/node-red/node_modules/express-session/HISTORY.md'
removed '/usr/lib/node_modules/node-red/node_modules/express-session/index.js'
removed '/usr/lib/node_modules/node-red/node_modules/express-session/README.md'
removed '/usr/lib/node_modules/node-red/node_modules/express-session/node_modules/cookie-signature/package.json'
removed '/usr/lib/node_modules/node-red/node_modules/express-session/node_modules/cookie-signature/index.js'
removed '/usr/lib/node_modules/node-red/node_modules/express-session/node_modules/cookie-signature/History.md'
removed '/usr/lib/node_modules/node-red/node_modules/express-session/node_modules/cookie-signature/Readme.md'
removed directory '/usr/lib/node_modules/node-red/node_modules/express-session/node_modules/cookie-signature'
removed '/usr/lib/node_modules/node-red/node_modules/express-session/node_modules/safe-buffer/package.json'
removed '/usr/lib/node_modules/node-red/node_modules/express-session/node_modules/safe-buffer/index.js'
removed '/usr/lib/node_modules/node-red/node_modules/express-session/node_modules/safe-buffer/README.md'
removed '/usr/lib/node_modules/node-red/node_modules/express-session/node_modules/safe-buffer/index.d.ts'
removed '/usr/lib/node_modules/node-red/node_modules/express-session/node_modules/safe-buffer/LICENSE'
removed directory '/usr/lib/node_modules/node-red/node_modules/express-session/node_modules/safe-buffer'
removed directory '/usr/lib/node_modules/node-red/node_modules/express-session/node_modules'
removed '/usr/lib/node_modules/node-red/node_modules/express-session/session/cookie.js'
removed '/usr/lib/node_modules/node-red/node_modules/express-session/session/store.js'
removed '/usr/lib/node_modules/node-red/node_modules/express-session/session/memory.js'
removed '/usr/lib/node_modules/node-red/node_modules/express-session/session/session.js'
removed directory '/usr/lib/node_modules/node-red/node_modules/express-session/session'
removed '/usr/lib/node_modules/node-red/node_modules/express-session/LICENSE'
removed directory '/usr/lib/node_modules/node-red/node_modules/express-session'
removed '/usr/lib/node_modules/node-red/node_modules/js-yaml/package.json'
removed '/usr/lib/node_modules/node-red/node_modules/js-yaml/index.js'
removed '/usr/lib/node_modules/node-red/node_modules/js-yaml/dist/js-yaml.min.js'
removed '/usr/lib/node_modules/node-red/node_modules/js-yaml/dist/js-yaml.mjs'
removed '/usr/lib/node_modules/node-red/node_modules/js-yaml/dist/js-yaml.js'
removed directory '/usr/lib/node_modules/node-red/node_modules/js-yaml/dist'
removed '/usr/lib/node_modules/node-red/node_modules/js-yaml/README.md'
removed '/usr/lib/node_modules/node-red/node_modules/js-yaml/bin/js-yaml.js'
removed directory '/usr/lib/node_modules/node-red/node_modules/js-yaml/bin'
removed '/usr/lib/node_modules/node-red/node_modules/js-yaml/lib/common.js'
removed '/usr/lib/node_modules/node-red/node_modules/js-yaml/lib/loader.js'
removed '/usr/lib/node_modules/node-red/node_modules/js-yaml/lib/schema/core.js'
removed '/usr/lib/node_modules/node-red/node_modules/js-yaml/lib/schema/failsafe.js'
removed '/usr/lib/node_modules/node-red/node_modules/js-yaml/lib/schema/default.js'
removed '/usr/lib/node_modules/node-red/node_modules/js-yaml/lib/schema/json.js'
removed directory '/usr/lib/node_modules/node-red/node_modules/js-yaml/lib/schema'
removed '/usr/lib/node_modules/node-red/node_modules/js-yaml/lib/exception.js'
removed '/usr/lib/node_modules/node-red/node_modules/js-yaml/lib/schema.js'
removed '/usr/lib/node_modules/node-red/node_modules/js-yaml/lib/type.js'
removed '/usr/lib/node_modules/node-red/node_modules/js-yaml/lib/snippet.js'
removed '/usr/lib/node_modules/node-red/node_modules/js-yaml/lib/type/int.js'
removed '/usr/lib/node_modules/node-red/node_modules/js-yaml/lib/type/str.js'
removed '/usr/lib/node_modules/node-red/node_modules/js-yaml/lib/type/pairs.js'
removed '/usr/lib/node_modules/node-red/node_modules/js-yaml/lib/type/float.js'
removed '/usr/lib/node_modules/node-red/node_modules/js-yaml/lib/type/omap.js'
removed '/usr/lib/node_modules/node-red/node_modules/js-yaml/lib/type/map.js'
removed '/usr/lib/node_modules/node-red/node_modules/js-yaml/lib/type/null.js'
removed '/usr/lib/node_modules/node-red/node_modules/js-yaml/lib/type/seq.js'
removed '/usr/lib/node_modules/node-red/node_modules/js-yaml/lib/type/binary.js'
removed '/usr/lib/node_modules/node-red/node_modules/js-yaml/lib/type/bool.js'
removed '/usr/lib/node_modules/node-red/node_modules/js-yaml/lib/type/merge.js'
removed '/usr/lib/node_modules/node-red/node_modules/js-yaml/lib/type/timestamp.js'
removed '/usr/lib/node_modules/node-red/node_modules/js-yaml/lib/type/set.js'
removed directory '/usr/lib/node_modules/node-red/node_modules/js-yaml/lib/type'
removed '/usr/lib/node_modules/node-red/node_modules/js-yaml/lib/dumper.js'
removed directory '/usr/lib/node_modules/node-red/node_modules/js-yaml/lib'
removed '/usr/lib/node_modules/node-red/node_modules/js-yaml/CHANGELOG.md'
removed '/usr/lib/node_modules/node-red/node_modules/js-yaml/LICENSE'
removed directory '/usr/lib/node_modules/node-red/node_modules/js-yaml'
removed '/usr/lib/node_modules/node-red/node_modules/object-inspect/package.json'
removed '/usr/lib/node_modules/node-red/node_modules/object-inspect/test-core-js.js'
removed '/usr/lib/node_modules/node-red/node_modules/object-inspect/test/err.js'
removed '/usr/lib/node_modules/node-red/node_modules/object-inspect/test/deep.js'
removed '/usr/lib/node_modules/node-red/node_modules/object-inspect/test/values.js'
removed '/usr/lib/node_modules/node-red/node_modules/object-inspect/test/global.js'
removed '/usr/lib/node_modules/node-red/node_modules/object-inspect/test/fn.js'
removed '/usr/lib/node_modules/node-red/node_modules/object-inspect/test/inspect.js'
removed '/usr/lib/node_modules/node-red/node_modules/object-inspect/test/bigint.js'
removed '/usr/lib/node_modules/node-red/node_modules/object-inspect/test/toStringTag.js'
removed '/usr/lib/node_modules/node-red/node_modules/object-inspect/test/number.js'
removed '/usr/lib/node_modules/node-red/node_modules/object-inspect/test/quoteStyle.js'
removed '/usr/lib/node_modules/node-red/node_modules/object-inspect/test/undef.js'
removed '/usr/lib/node_modules/node-red/node_modules/object-inspect/test/browser/dom.js'
removed directory '/usr/lib/node_modules/node-red/node_modules/object-inspect/test/browser'
removed '/usr/lib/node_modules/node-red/node_modules/object-inspect/test/fakes.js'
removed '/usr/lib/node_modules/node-red/node_modules/object-inspect/test/lowbyte.js'
removed '/usr/lib/node_modules/node-red/node_modules/object-inspect/test/indent-option.js'
removed '/usr/lib/node_modules/node-red/node_modules/object-inspect/test/holes.js'
removed '/usr/lib/node_modules/node-red/node_modules/object-inspect/test/has.js'
removed '/usr/lib/node_modules/node-red/node_modules/object-inspect/test/element.js'
removed '/usr/lib/node_modules/node-red/node_modules/object-inspect/test/circular.js'
removed directory '/usr/lib/node_modules/node-red/node_modules/object-inspect/test'
removed '/usr/lib/node_modules/node-red/node_modules/object-inspect/index.js'
removed '/usr/lib/node_modules/node-red/node_modules/object-inspect/example/fn.js'
removed '/usr/lib/node_modules/node-red/node_modules/object-inspect/example/inspect.js'
removed '/usr/lib/node_modules/node-red/node_modules/object-inspect/example/all.js'
removed '/usr/lib/node_modules/node-red/node_modules/object-inspect/example/circular.js'
removed directory '/usr/lib/node_modules/node-red/node_modules/object-inspect/example'
removed '/usr/lib/node_modules/node-red/node_modules/object-inspect/.eslintrc'
removed '/usr/lib/node_modules/node-red/node_modules/object-inspect/.github/FUNDING.yml'
removed directory '/usr/lib/node_modules/node-red/node_modules/object-inspect/.github'
removed '/usr/lib/node_modules/node-red/node_modules/object-inspect/readme.markdown'
removed '/usr/lib/node_modules/node-red/node_modules/object-inspect/util.inspect.js'
removed '/usr/lib/node_modules/node-red/node_modules/object-inspect/CHANGELOG.md'
removed '/usr/lib/node_modules/node-red/node_modules/object-inspect/package-support.json'
removed '/usr/lib/node_modules/node-red/node_modules/object-inspect/LICENSE'
removed '/usr/lib/node_modules/node-red/node_modules/object-inspect/.nycrc'
removed directory '/usr/lib/node_modules/node-red/node_modules/object-inspect'
removed '/usr/lib/node_modules/node-red/node_modules/cronosjs/package.json'
removed '/usr/lib/node_modules/node-red/node_modules/cronosjs/dist-node/index.js'
removed '/usr/lib/node_modules/node-red/node_modules/cronosjs/dist-node/index.js.map'
removed directory '/usr/lib/node_modules/node-red/node_modules/cronosjs/dist-node'
removed '/usr/lib/node_modules/node-red/node_modules/cronosjs/dist-web/index.js'
removed '/usr/lib/node_modules/node-red/node_modules/cronosjs/dist-web/index.js.map'
removed directory '/usr/lib/node_modules/node-red/node_modules/cronosjs/dist-web'
removed '/usr/lib/node_modules/node-red/node_modules/cronosjs/README.md'
removed '/usr/lib/node_modules/node-red/node_modules/cronosjs/CHANGELOG.md'
removed '/usr/lib/node_modules/node-red/node_modules/cronosjs/dist-types/utils.d.ts'
removed '/usr/lib/node_modules/node-red/node_modules/cronosjs/dist-types/date.d.ts'
removed '/usr/lib/node_modules/node-red/node_modules/cronosjs/dist-types/parser.d.ts'
removed '/usr/lib/node_modules/node-red/node_modules/cronosjs/dist-types/scheduler.d.ts'
removed '/usr/lib/node_modules/node-red/node_modules/cronosjs/dist-types/expression.d.ts'
removed '/usr/lib/node_modules/node-red/node_modules/cronosjs/dist-types/index.d.ts'
removed directory '/usr/lib/node_modules/node-red/node_modules/cronosjs/dist-types'
removed '/usr/lib/node_modules/node-red/node_modules/cronosjs/dist-src/parser.js'
removed '/usr/lib/node_modules/node-red/node_modules/cronosjs/dist-src/index.js'
removed '/usr/lib/node_modules/node-red/node_modules/cronosjs/dist-src/scheduler.js'
removed '/usr/lib/node_modules/node-red/node_modules/cronosjs/dist-src/date.js'
removed '/usr/lib/node_modules/node-red/node_modules/cronosjs/dist-src/expression.js'
removed '/usr/lib/node_modules/node-red/node_modules/cronosjs/dist-src/utils.js'
removed directory '/usr/lib/node_modules/node-red/node_modules/cronosjs/dist-src'
removed '/usr/lib/node_modules/node-red/node_modules/cronosjs/LICENSE'
removed directory '/usr/lib/node_modules/node-red/node_modules/cronosjs'
removed '/usr/lib/node_modules/node-red/node_modules/moment/locale/x-pseudo.js'
removed '/usr/lib/node_modules/node-red/node_modules/moment/locale/br.js'
removed '/usr/lib/node_modules/node-red/node_modules/moment/locale/dv.js'
removed '/usr/lib/node_modules/node-red/node_modules/moment/locale/lo.js'
removed '/usr/lib/node_modules/node-red/node_modules/moment/locale/tet.js'
removed '/usr/lib/node_modules/node-red/node_modules/moment/locale/hu.js'
removed '/usr/lib/node_modules/node-red/node_modules/moment/locale/sv.js'
removed '/usr/lib/node_modules/node-red/node_modules/moment/locale/tk.js'
removed '/usr/lib/node_modules/node-red/node_modules/moment/locale/lt.js'
removed '/usr/lib/node_modules/node-red/node_modules/moment/locale/eu.js'
removed '/usr/lib/node_modules/node-red/node_modules/moment/locale/kk.js'
removed '/usr/lib/node_modules/node-red/node_modules/moment/locale/sw.js'
removed '/usr/lib/node_modules/node-red/node_modules/moment/locale/ky.js'
removed '/usr/lib/node_modules/node-red/node_modules/moment/locale/ar-kw.js'
removed '/usr/lib/node_modules/node-red/node_modules/moment/locale/sl.js'
removed '/usr/lib/node_modules/node-red/node_modules/moment/locale/eo.js'
removed '/usr/lib/node_modules/node-red/node_modules/moment/locale/cs.js'
removed '/usr/lib/node_modules/node-red/node_modules/moment/locale/sk.js'
removed '/usr/lib/node_modules/node-red/node_modules/moment/locale/ar-ly.js'
removed '/usr/lib/node_modules/node-red/node_modules/moment/locale/mt.js'
removed '/usr/lib/node_modules/node-red/node_modules/moment/locale/se.js'
removed '/usr/lib/node_modules/node-red/node_modules/moment/locale/cy.js'
removed '/usr/lib/node_modules/node-red/node_modules/moment/locale/oc-lnc.js'
removed '/usr/lib/node_modules/node-red/node_modules/moment/locale/tl-ph.js'
removed '/usr/lib/node_modules/node-red/node_modules/moment/locale/ms-my.js'
removed '/usr/lib/node_modules/node-red/node_modules/moment/locale/gd.js'
removed '/usr/lib/node_modules/node-red/node_modules/moment/locale/en-il.js'
removed '/usr/lib/node_modules/node-red/node_modules/moment/locale/bg.js'
removed '/usr/lib/node_modules/node-red/node_modules/moment/locale/pa-in.js'
removed '/usr/lib/node_modules/node-red/node_modules/moment/locale/tg.js'
removed '/usr/lib/node_modules/node-red/node_modules/moment/locale/es-mx.js'
removed '/usr/lib/node_modules/node-red/node_modules/moment/locale/te.js'
removed '/usr/lib/node_modules/node-red/node_modules/moment/locale/me.js'
removed '/usr/lib/node_modules/node-red/node_modules/moment/locale/de-at.js'
removed '/usr/lib/node_modules/node-red/node_modules/moment/locale/sr.js'
removed '/usr/lib/node_modules/node-red/node_modules/moment/locale/zh-cn.js'
removed '/usr/lib/node_modules/node-red/node_modules/moment/locale/ca.js'
removed '/usr/lib/node_modules/node-red/node_modules/moment/locale/nn.js'
removed '/usr/lib/node_modules/node-red/node_modules/moment/locale/zh-mo.js'
removed '/usr/lib/node_modules/node-red/node_modules/moment/locale/km.js'
removed '/usr/lib/node_modules/node-red/node_modules/moment/locale/lb.js'
removed '/usr/lib/node_modules/node-red/node_modules/moment/locale/en-au.js'
removed '/usr/lib/node_modules/node-red/node_modules/moment/locale/bm.js'
removed '/usr/lib/node_modules/node-red/node_modules/moment/locale/ku-kmr.js'
removed '/usr/lib/node_modules/node-red/node_modules/moment/locale/hi.js'
removed '/usr/lib/node_modules/node-red/node_modules/moment/locale/it.js'
removed '/usr/lib/node_modules/node-red/node_modules/moment/locale/af.js'
removed '/usr/lib/node_modules/node-red/node_modules/moment/locale/tr.js'
removed '/usr/lib/node_modules/node-red/node_modules/moment/locale/mk.js'
removed '/usr/lib/node_modules/node-red/node_modules/moment/locale/ka.js'
removed '/usr/lib/node_modules/node-red/node_modules/moment/locale/hy-am.js'
removed '/usr/lib/node_modules/node-red/node_modules/moment/locale/it-ch.js'
removed '/usr/lib/node_modules/node-red/node_modules/moment/locale/uz-latn.js'
removed '/usr/lib/node_modules/node-red/node_modules/moment/locale/ro.js'
removed '/usr/lib/node_modules/node-red/node_modules/moment/locale/ug-cn.js'
removed '/usr/lib/node_modules/node-red/node_modules/moment/locale/tlh.js'
removed '/usr/lib/node_modules/node-red/node_modules/moment/locale/ar-sa.js'
removed '/usr/lib/node_modules/node-red/node_modules/moment/locale/kn.js'
removed '/usr/lib/node_modules/node-red/node_modules/moment/locale/en-sg.js'
removed '/usr/lib/node_modules/node-red/node_modules/moment/locale/ss.js'
removed '/usr/lib/node_modules/node-red/node_modules/moment/locale/vi.js'
removed '/usr/lib/node_modules/node-red/node_modules/moment/locale/sd.js'
removed '/usr/lib/node_modules/node-red/node_modules/moment/locale/gu.js'
removed '/usr/lib/node_modules/node-red/node_modules/moment/locale/nb.js'
removed '/usr/lib/node_modules/node-red/node_modules/moment/locale/th.js'
removed '/usr/lib/node_modules/node-red/node_modules/moment/locale/ms.js'
removed '/usr/lib/node_modules/node-red/node_modules/moment/locale/hr.js'
removed '/usr/lib/node_modules/node-red/node_modules/moment/locale/fo.js'
removed '/usr/lib/node_modules/node-red/node_modules/moment/locale/az.js'
removed '/usr/lib/node_modules/node-red/node_modules/moment/locale/mi.js'
removed '/usr/lib/node_modules/node-red/node_modules/moment/locale/et.js'
removed '/usr/lib/node_modules/node-red/node_modules/moment/locale/bo.js'
removed '/usr/lib/node_modules/node-red/node_modules/moment/locale/fr-ch.js'
removed '/usr/lib/node_modules/node-red/node_modules/moment/locale/pt-br.js'
removed '/usr/lib/node_modules/node-red/node_modules/moment/locale/el.js'
removed '/usr/lib/node_modules/node-red/node_modules/moment/locale/tzm.js'
removed '/usr/lib/node_modules/node-red/node_modules/moment/locale/uz.js'
removed '/usr/lib/node_modules/node-red/node_modules/moment/locale/gom-latn.js'
removed '/usr/lib/node_modules/node-red/node_modules/moment/locale/bs.js'
removed '/usr/lib/node_modules/node-red/node_modules/moment/locale/en-in.js'
removed '/usr/lib/node_modules/node-red/node_modules/moment/locale/be.js'
removed '/usr/lib/node_modules/node-red/node_modules/moment/locale/da.js'
removed '/usr/lib/node_modules/node-red/node_modules/moment/locale/de.js'
removed '/usr/lib/node_modules/node-red/node_modules/moment/locale/fi.js'
removed '/usr/lib/node_modules/node-red/node_modules/moment/locale/bn-bd.js'
removed '/usr/lib/node_modules/node-red/node_modules/moment/locale/gl.js'
removed '/usr/lib/node_modules/node-red/node_modules/moment/locale/ar-tn.js'
removed '/usr/lib/node_modules/node-red/node_modules/moment/locale/en-ca.js'
removed '/usr/lib/node_modules/node-red/node_modules/moment/locale/ar-ma.js'
removed '/usr/lib/node_modules/node-red/node_modules/moment/locale/lv.js'
removed '/usr/lib/node_modules/node-red/node_modules/moment/locale/ta.js'
removed '/usr/lib/node_modules/node-red/node_modules/moment/locale/is.js'
removed '/usr/lib/node_modules/node-red/node_modules/moment/locale/sq.js'
removed '/usr/lib/node_modules/node-red/node_modules/moment/locale/zh-tw.js'
removed '/usr/lib/node_modules/node-red/node_modules/moment/locale/uk.js'
removed '/usr/lib/node_modules/node-red/node_modules/moment/locale/es-do.js'
removed '/usr/lib/node_modules/node-red/node_modules/moment/locale/fy.js'
removed '/usr/lib/node_modules/node-red/node_modules/moment/locale/bn.js'
removed '/usr/lib/node_modules/node-red/node_modules/moment/locale/gom-deva.js'
removed '/usr/lib/node_modules/node-red/node_modules/moment/locale/fa.js'
removed '/usr/lib/node_modules/node-red/node_modules/moment/locale/ar.js'
removed '/usr/lib/node_modules/node-red/node_modules/moment/locale/jv.js'
removed '/usr/lib/node_modules/node-red/node_modules/moment/locale/de-ch.js'
removed '/usr/lib/node_modules/node-red/node_modules/moment/locale/en-ie.js'
removed '/usr/lib/node_modules/node-red/node_modules/moment/locale/ja.js'
removed '/usr/lib/node_modules/node-red/node_modules/moment/locale/pl.js'
removed '/usr/lib/node_modules/node-red/node_modules/moment/locale/ar-dz.js'
removed '/usr/lib/node_modules/node-red/node_modules/moment/locale/ga.js'
removed '/usr/lib/node_modules/node-red/node_modules/moment/locale/sr-cyrl.js'
removed '/usr/lib/node_modules/node-red/node_modules/moment/locale/en-nz.js'
removed '/usr/lib/node_modules/node-red/node_modules/moment/locale/tzl.js'
removed '/usr/lib/node_modules/node-red/node_modules/moment/locale/nl.js'
removed '/usr/lib/node_modules/node-red/node_modules/moment/locale/fr.js'
removed '/usr/lib/node_modules/node-red/node_modules/moment/locale/zh-hk.js'
removed '/usr/lib/node_modules/node-red/node_modules/moment/locale/pt.js'
removed '/usr/lib/node_modules/node-red/node_modules/moment/locale/my.js'
removed '/usr/lib/node_modules/node-red/node_modules/moment/locale/si.js'
removed '/usr/lib/node_modules/node-red/node_modules/moment/locale/es.js'
removed '/usr/lib/node_modules/node-red/node_modules/moment/locale/ml.js'
removed '/usr/lib/node_modules/node-red/node_modules/moment/locale/yo.js'
removed '/usr/lib/node_modules/node-red/node_modules/moment/locale/es-us.js'
removed '/usr/lib/node_modules/node-red/node_modules/moment/locale/ar-ps.js'
removed '/usr/lib/node_modules/node-red/node_modules/moment/locale/ko.js'
removed '/usr/lib/node_modules/node-red/node_modules/moment/locale/en-gb.js'
removed '/usr/lib/node_modules/node-red/node_modules/moment/locale/cv.js'
removed '/usr/lib/node_modules/node-red/node_modules/moment/locale/ne.js'
removed '/usr/lib/node_modules/node-red/node_modules/moment/locale/id.js'
removed '/usr/lib/node_modules/node-red/node_modules/moment/locale/ru.js'
removed '/usr/lib/node_modules/node-red/node_modules/moment/locale/he.js'
removed '/usr/lib/node_modules/node-red/node_modules/moment/locale/fil.js'
removed '/usr/lib/node_modules/node-red/node_modules/moment/locale/mr.js'
removed '/usr/lib/node_modules/node-red/node_modules/moment/locale/ku.js'
removed '/usr/lib/node_modules/node-red/node_modules/moment/locale/nl-be.js'
removed '/usr/lib/node_modules/node-red/node_modules/moment/locale/mn.js'
removed '/usr/lib/node_modules/node-red/node_modules/moment/locale/fr-ca.js'
removed '/usr/lib/node_modules/node-red/node_modules/moment/locale/ur.js'
removed '/usr/lib/node_modules/node-red/node_modules/moment/locale/tzm-latn.js'
removed directory '/usr/lib/node_modules/node-red/node_modules/moment/locale'
removed '/usr/lib/node_modules/node-red/node_modules/moment/package.json'
removed '/usr/lib/node_modules/node-red/node_modules/moment/ender.js'
removed '/usr/lib/node_modules/node-red/node_modules/moment/dist/locale/x-pseudo.js'
removed '/usr/lib/node_modules/node-red/node_modules/moment/dist/locale/br.js'
removed '/usr/lib/node_modules/node-red/node_modules/moment/dist/locale/dv.js'
removed '/usr/lib/node_modules/node-red/node_modules/moment/dist/locale/lo.js'
removed '/usr/lib/node_modules/node-red/node_modules/moment/dist/locale/tet.js'
removed '/usr/lib/node_modules/node-red/node_modules/moment/dist/locale/hu.js'
removed '/usr/lib/node_modules/node-red/node_modules/moment/dist/locale/sv.js'
removed '/usr/lib/node_modules/node-red/node_modules/moment/dist/locale/tk.js'
removed '/usr/lib/node_modules/node-red/node_modules/moment/dist/locale/lt.js'
removed '/usr/lib/node_modules/node-red/node_modules/moment/dist/locale/eu.js'
removed '/usr/lib/node_modules/node-red/node_modules/moment/dist/locale/kk.js'
removed '/usr/lib/node_modules/node-red/node_modules/moment/dist/locale/sw.js'
removed '/usr/lib/node_modules/node-red/node_modules/moment/dist/locale/ky.js'
removed '/usr/lib/node_modules/node-red/node_modules/moment/dist/locale/ar-kw.js'
removed '/usr/lib/node_modules/node-red/node_modules/moment/dist/locale/sl.js'
removed '/usr/lib/node_modules/node-red/node_modules/moment/dist/locale/eo.js'
removed '/usr/lib/node_modules/node-red/node_modules/moment/dist/locale/cs.js'
removed '/usr/lib/node_modules/node-red/node_modules/moment/dist/locale/sk.js'
removed '/usr/lib/node_modules/node-red/node_modules/moment/dist/locale/ar-ly.js'
removed '/usr/lib/node_modules/node-red/node_modules/moment/dist/locale/mt.js'
removed '/usr/lib/node_modules/node-red/node_modules/moment/dist/locale/se.js'
removed '/usr/lib/node_modules/node-red/node_modules/moment/dist/locale/cy.js'
removed '/usr/lib/node_modules/node-red/node_modules/moment/dist/locale/oc-lnc.js'
removed '/usr/lib/node_modules/node-red/node_modules/moment/dist/locale/tl-ph.js'
removed '/usr/lib/node_modules/node-red/node_modules/moment/dist/locale/ms-my.js'
removed '/usr/lib/node_modules/node-red/node_modules/moment/dist/locale/gd.js'
removed '/usr/lib/node_modules/node-red/node_modules/moment/dist/locale/en-il.js'
removed '/usr/lib/node_modules/node-red/node_modules/moment/dist/locale/bg.js'
removed '/usr/lib/node_modules/node-red/node_modules/moment/dist/locale/pa-in.js'
removed '/usr/lib/node_modules/node-red/node_modules/moment/dist/locale/tg.js'
removed '/usr/lib/node_modules/node-red/node_modules/moment/dist/locale/es-mx.js'
removed '/usr/lib/node_modules/node-red/node_modules/moment/dist/locale/te.js'
removed '/usr/lib/node_modules/node-red/node_modules/moment/dist/locale/me.js'
removed '/usr/lib/node_modules/node-red/node_modules/moment/dist/locale/de-at.js'
removed '/usr/lib/node_modules/node-red/node_modules/moment/dist/locale/sr.js'
removed '/usr/lib/node_modules/node-red/node_modules/moment/dist/locale/zh-cn.js'
removed '/usr/lib/node_modules/node-red/node_modules/moment/dist/locale/ca.js'
removed '/usr/lib/node_modules/node-red/node_modules/moment/dist/locale/nn.js'
removed '/usr/lib/node_modules/node-red/node_modules/moment/dist/locale/zh-mo.js'
removed '/usr/lib/node_modules/node-red/node_modules/moment/dist/locale/km.js'
removed '/usr/lib/node_modules/node-red/node_modules/moment/dist/locale/lb.js'
removed '/usr/lib/node_modules/node-red/node_modules/moment/dist/locale/en-au.js'
removed '/usr/lib/node_modules/node-red/node_modules/moment/dist/locale/bm.js'
removed '/usr/lib/node_modules/node-red/node_modules/moment/dist/locale/ku-kmr.js'
removed '/usr/lib/node_modules/node-red/node_modules/moment/dist/locale/hi.js'
removed '/usr/lib/node_modules/node-red/node_modules/moment/dist/locale/it.js'
removed '/usr/lib/node_modules/node-red/node_modules/moment/dist/locale/af.js'
removed '/usr/lib/node_modules/node-red/node_modules/moment/dist/locale/tr.js'
removed '/usr/lib/node_modules/node-red/node_modules/moment/dist/locale/mk.js'
removed '/usr/lib/node_modules/node-red/node_modules/moment/dist/locale/ka.js'
removed '/usr/lib/node_modules/node-red/node_modules/moment/dist/locale/hy-am.js'
removed '/usr/lib/node_modules/node-red/node_modules/moment/dist/locale/it-ch.js'
removed '/usr/lib/node_modules/node-red/node_modules/moment/dist/locale/uz-latn.js'
removed '/usr/lib/node_modules/node-red/node_modules/moment/dist/locale/ro.js'
removed '/usr/lib/node_modules/node-red/node_modules/moment/dist/locale/ug-cn.js'
removed '/usr/lib/node_modules/node-red/node_modules/moment/dist/locale/tlh.js'
removed '/usr/lib/node_modules/node-red/node_modules/moment/dist/locale/ar-sa.js'
removed '/usr/lib/node_modules/node-red/node_modules/moment/dist/locale/kn.js'
removed '/usr/lib/node_modules/node-red/node_modules/moment/dist/locale/en-sg.js'
removed '/usr/lib/node_modules/node-red/node_modules/moment/dist/locale/ss.js'
removed '/usr/lib/node_modules/node-red/node_modules/moment/dist/locale/vi.js'
removed '/usr/lib/node_modules/node-red/node_modules/moment/dist/locale/sd.js'
removed '/usr/lib/node_modules/node-red/node_modules/moment/dist/locale/gu.js'
removed '/usr/lib/node_modules/node-red/node_modules/moment/dist/locale/nb.js'
removed '/usr/lib/node_modules/node-red/node_modules/moment/dist/locale/th.js'
removed '/usr/lib/node_modules/node-red/node_modules/moment/dist/locale/ms.js'
removed '/usr/lib/node_modules/node-red/node_modules/moment/dist/locale/hr.js'
removed '/usr/lib/node_modules/node-red/node_modules/moment/dist/locale/fo.js'
removed '/usr/lib/node_modules/node-red/node_modules/moment/dist/locale/az.js'
removed '/usr/lib/node_modules/node-red/node_modules/moment/dist/locale/mi.js'
removed '/usr/lib/node_modules/node-red/node_modules/moment/dist/locale/et.js'
removed '/usr/lib/node_modules/node-red/node_modules/moment/dist/locale/bo.js'
removed '/usr/lib/node_modules/node-red/node_modules/moment/dist/locale/fr-ch.js'
removed '/usr/lib/node_modules/node-red/node_modules/moment/dist/locale/pt-br.js'
removed '/usr/lib/node_modules/node-red/node_modules/moment/dist/locale/el.js'
removed '/usr/lib/node_modules/node-red/node_modules/moment/dist/locale/tzm.js'
removed '/usr/lib/node_modules/node-red/node_modules/moment/dist/locale/uz.js'
removed '/usr/lib/node_modules/node-red/node_modules/moment/dist/locale/gom-latn.js'
removed '/usr/lib/node_modules/node-red/node_modules/moment/dist/locale/bs.js'
removed '/usr/lib/node_modules/node-red/node_modules/moment/dist/locale/en-in.js'
removed '/usr/lib/node_modules/node-red/node_modules/moment/dist/locale/be.js'
removed '/usr/lib/node_modules/node-red/node_modules/moment/dist/locale/da.js'
removed '/usr/lib/node_modules/node-red/node_modules/moment/dist/locale/de.js'
removed '/usr/lib/node_modules/node-red/node_modules/moment/dist/locale/fi.js'
removed '/usr/lib/node_modules/node-red/node_modules/moment/dist/locale/bn-bd.js'
removed '/usr/lib/node_modules/node-red/node_modules/moment/dist/locale/gl.js'
removed '/usr/lib/node_modules/node-red/node_modules/moment/dist/locale/ar-tn.js'
removed '/usr/lib/node_modules/node-red/node_modules/moment/dist/locale/en-ca.js'
removed '/usr/lib/node_modules/node-red/node_modules/moment/dist/locale/ar-ma.js'
removed '/usr/lib/node_modules/node-red/node_modules/moment/dist/locale/lv.js'
removed '/usr/lib/node_modules/node-red/node_modules/moment/dist/locale/ta.js'
removed '/usr/lib/node_modules/node-red/node_modules/moment/dist/locale/is.js'
removed '/usr/lib/node_modules/node-red/node_modules/moment/dist/locale/sq.js'
removed '/usr/lib/node_modules/node-red/node_modules/moment/dist/locale/zh-tw.js'
removed '/usr/lib/node_modules/node-red/node_modules/moment/dist/locale/uk.js'
removed '/usr/lib/node_modules/node-red/node_modules/moment/dist/locale/es-do.js'
removed '/usr/lib/node_modules/node-red/node_modules/moment/dist/locale/fy.js'
removed '/usr/lib/node_modules/node-red/node_modules/moment/dist/locale/bn.js'
removed '/usr/lib/node_modules/node-red/node_modules/moment/dist/locale/gom-deva.js'
removed '/usr/lib/node_modules/node-red/node_modules/moment/dist/locale/fa.js'
removed '/usr/lib/node_modules/node-red/node_modules/moment/dist/locale/ar.js'
removed '/usr/lib/node_modules/node-red/node_modules/moment/dist/locale/jv.js'
removed '/usr/lib/node_modules/node-red/node_modules/moment/dist/locale/de-ch.js'
removed '/usr/lib/node_modules/node-red/node_modules/moment/dist/locale/en-ie.js'
removed '/usr/lib/node_modules/node-red/node_modules/moment/dist/locale/ja.js'
removed '/usr/lib/node_modules/node-red/node_modules/moment/dist/locale/pl.js'
removed '/usr/lib/node_modules/node-red/node_modules/moment/dist/locale/ar-dz.js'
removed '/usr/lib/node_modules/node-red/node_modules/moment/dist/locale/ga.js'
removed '/usr/lib/node_modules/node-red/node_modules/moment/dist/locale/sr-cyrl.js'
removed '/usr/lib/node_modules/node-red/node_modules/moment/dist/locale/en-nz.js'
removed '/usr/lib/node_modules/node-red/node_modules/moment/dist/locale/tzl.js'
removed '/usr/lib/node_modules/node-red/node_modules/moment/dist/locale/nl.js'
removed '/usr/lib/node_modules/node-red/node_modules/moment/dist/locale/fr.js'
removed '/usr/lib/node_modules/node-red/node_modules/moment/dist/locale/zh-hk.js'
removed '/usr/lib/node_modules/node-red/node_modules/moment/dist/locale/pt.js'
removed '/usr/lib/node_modules/node-red/node_modules/moment/dist/locale/my.js'
removed '/usr/lib/node_modules/node-red/node_modules/moment/dist/locale/si.js'
removed '/usr/lib/node_modules/node-red/node_modules/moment/dist/locale/es.js'
removed '/usr/lib/node_modules/node-red/node_modules/moment/dist/locale/ml.js'
removed '/usr/lib/node_modules/node-red/node_modules/moment/dist/locale/yo.js'
removed '/usr/lib/node_modules/node-red/node_modules/moment/dist/locale/es-us.js'
removed '/usr/lib/node_modules/node-red/node_modules/moment/dist/locale/ar-ps.js'
removed '/usr/lib/node_modules/node-red/node_modules/moment/dist/locale/ko.js'
removed '/usr/lib/node_modules/node-red/node_modules/moment/dist/locale/en-gb.js'
removed '/usr/lib/node_modules/node-red/node_modules/moment/dist/locale/cv.js'
removed '/usr/lib/node_modules/node-red/node_modules/moment/dist/locale/ne.js'
removed '/usr/lib/node_modules/node-red/node_modules/moment/dist/locale/id.js'
removed '/usr/lib/node_modules/node-red/node_modules/moment/dist/locale/ru.js'
removed '/usr/lib/node_modules/node-red/node_modules/moment/dist/locale/he.js'
removed '/usr/lib/node_modules/node-red/node_modules/moment/dist/locale/fil.js'
removed '/usr/lib/node_modules/node-red/node_modules/moment/dist/locale/mr.js'
removed '/usr/lib/node_modules/node-red/node_modules/moment/dist/locale/ku.js'
removed '/usr/lib/node_modules/node-red/node_modules/moment/dist/locale/nl-be.js'
removed '/usr/lib/node_modules/node-red/node_modules/moment/dist/locale/mn.js'
removed '/usr/lib/node_modules/node-red/node_modules/moment/dist/locale/fr-ca.js'
removed '/usr/lib/node_modules/node-red/node_modules/moment/dist/locale/ur.js'
removed '/usr/lib/node_modules/node-red/node_modules/moment/dist/locale/tzm-latn.js'
removed directory '/usr/lib/node_modules/node-red/node_modules/moment/dist/locale'
removed '/usr/lib/node_modules/node-red/node_modules/moment/dist/moment.js'
removed directory '/usr/lib/node_modules/node-red/node_modules/moment/dist'
removed '/usr/lib/node_modules/node-red/node_modules/moment/README.md'
removed '/usr/lib/node_modules/node-red/node_modules/moment/ts3.1-typings/moment.d.ts'
removed directory '/usr/lib/node_modules/node-red/node_modules/moment/ts3.1-typings'
removed '/usr/lib/node_modules/node-red/node_modules/moment/CHANGELOG.md'
removed '/usr/lib/node_modules/node-red/node_modules/moment/src/locale/x-pseudo.js'
removed '/usr/lib/node_modules/node-red/node_modules/moment/src/locale/br.js'
removed '/usr/lib/node_modules/node-red/node_modules/moment/src/locale/dv.js'
removed '/usr/lib/node_modules/node-red/node_modules/moment/src/locale/lo.js'
removed '/usr/lib/node_modules/node-red/node_modules/moment/src/locale/tet.js'
removed '/usr/lib/node_modules/node-red/node_modules/moment/src/locale/hu.js'
removed '/usr/lib/node_modules/node-red/node_modules/moment/src/locale/sv.js'
removed '/usr/lib/node_modules/node-red/node_modules/moment/src/locale/tk.js'
removed '/usr/lib/node_modules/node-red/node_modules/moment/src/locale/lt.js'
removed '/usr/lib/node_modules/node-red/node_modules/moment/src/locale/eu.js'
removed '/usr/lib/node_modules/node-red/node_modules/moment/src/locale/kk.js'
removed '/usr/lib/node_modules/node-red/node_modules/moment/src/locale/sw.js'
removed '/usr/lib/node_modules/node-red/node_modules/moment/src/locale/ky.js'
removed '/usr/lib/node_modules/node-red/node_modules/moment/src/locale/ar-kw.js'
removed '/usr/lib/node_modules/node-red/node_modules/moment/src/locale/sl.js'
removed '/usr/lib/node_modules/node-red/node_modules/moment/src/locale/eo.js'
removed '/usr/lib/node_modules/node-red/node_modules/moment/src/locale/cs.js'
removed '/usr/lib/node_modules/node-red/node_modules/moment/src/locale/sk.js'
removed '/usr/lib/node_modules/node-red/node_modules/moment/src/locale/ar-ly.js'
removed '/usr/lib/node_modules/node-red/node_modules/moment/src/locale/mt.js'
removed '/usr/lib/node_modules/node-red/node_modules/moment/src/locale/se.js'
removed '/usr/lib/node_modules/node-red/node_modules/moment/src/locale/cy.js'
removed '/usr/lib/node_modules/node-red/node_modules/moment/src/locale/oc-lnc.js'
removed '/usr/lib/node_modules/node-red/node_modules/moment/src/locale/tl-ph.js'
removed '/usr/lib/node_modules/node-red/node_modules/moment/src/locale/ms-my.js'
removed '/usr/lib/node_modules/node-red/node_modules/moment/src/locale/gd.js'
removed '/usr/lib/node_modules/node-red/node_modules/moment/src/locale/en-il.js'
removed '/usr/lib/node_modules/node-red/node_modules/moment/src/locale/bg.js'
removed '/usr/lib/node_modules/node-red/node_modules/moment/src/locale/pa-in.js'
removed '/usr/lib/node_modules/node-red/node_modules/moment/src/locale/tg.js'
removed '/usr/lib/node_modules/node-red/node_modules/moment/src/locale/es-mx.js'
removed '/usr/lib/node_modules/node-red/node_modules/moment/src/locale/te.js'
removed '/usr/lib/node_modules/node-red/node_modules/moment/src/locale/me.js'
removed '/usr/lib/node_modules/node-red/node_modules/moment/src/locale/de-at.js'
removed '/usr/lib/node_modules/node-red/node_modules/moment/src/locale/sr.js'
removed '/usr/lib/node_modules/node-red/node_modules/moment/src/locale/zh-cn.js'
removed '/usr/lib/node_modules/node-red/node_modules/moment/src/locale/ca.js'
removed '/usr/lib/node_modules/node-red/node_modules/moment/src/locale/nn.js'
removed '/usr/lib/node_modules/node-red/node_modules/moment/src/locale/zh-mo.js'
removed '/usr/lib/node_modules/node-red/node_modules/moment/src/locale/km.js'
removed '/usr/lib/node_modules/node-red/node_modules/moment/src/locale/lb.js'
removed '/usr/lib/node_modules/node-red/node_modules/moment/src/locale/en-au.js'
removed '/usr/lib/node_modules/node-red/node_modules/moment/src/locale/bm.js'
removed '/usr/lib/node_modules/node-red/node_modules/moment/src/locale/ku-kmr.js'
removed '/usr/lib/node_modules/node-red/node_modules/moment/src/locale/hi.js'
removed '/usr/lib/node_modules/node-red/node_modules/moment/src/locale/it.js'
removed '/usr/lib/node_modules/node-red/node_modules/moment/src/locale/af.js'
removed '/usr/lib/node_modules/node-red/node_modules/moment/src/locale/tr.js'
removed '/usr/lib/node_modules/node-red/node_modules/moment/src/locale/mk.js'
removed '/usr/lib/node_modules/node-red/node_modules/moment/src/locale/ka.js'
removed '/usr/lib/node_modules/node-red/node_modules/moment/src/locale/hy-am.js'
removed '/usr/lib/node_modules/node-red/node_modules/moment/src/locale/it-ch.js'
removed '/usr/lib/node_modules/node-red/node_modules/moment/src/locale/uz-latn.js'
removed '/usr/lib/node_modules/node-red/node_modules/moment/src/locale/ro.js'
removed '/usr/lib/node_modules/node-red/node_modules/moment/src/locale/ug-cn.js'
removed '/usr/lib/node_modules/node-red/node_modules/moment/src/locale/tlh.js'
removed '/usr/lib/node_modules/node-red/node_modules/moment/src/locale/ar-sa.js'
removed '/usr/lib/node_modules/node-red/node_modules/moment/src/locale/kn.js'
removed '/usr/lib/node_modules/node-red/node_modules/moment/src/locale/en-sg.js'
removed '/usr/lib/node_modules/node-red/node_modules/moment/src/locale/ss.js'
removed '/usr/lib/node_modules/node-red/node_modules/moment/src/locale/vi.js'
removed '/usr/lib/node_modules/node-red/node_modules/moment/src/locale/sd.js'
removed '/usr/lib/node_modules/node-red/node_modules/moment/src/locale/gu.js'
removed '/usr/lib/node_modules/node-red/node_modules/moment/src/locale/nb.js'
removed '/usr/lib/node_modules/node-red/node_modules/moment/src/locale/th.js'
removed '/usr/lib/node_modules/node-red/node_modules/moment/src/locale/ms.js'
removed '/usr/lib/node_modules/node-red/node_modules/moment/src/locale/hr.js'
removed '/usr/lib/node_modules/node-red/node_modules/moment/src/locale/fo.js'
removed '/usr/lib/node_modules/node-red/node_modules/moment/src/locale/az.js'
removed '/usr/lib/node_modules/node-red/node_modules/moment/src/locale/mi.js'
removed '/usr/lib/node_modules/node-red/node_modules/moment/src/locale/et.js'
removed '/usr/lib/node_modules/node-red/node_modules/moment/src/locale/bo.js'
removed '/usr/lib/node_modules/node-red/node_modules/moment/src/locale/fr-ch.js'
removed '/usr/lib/node_modules/node-red/node_modules/moment/src/locale/pt-br.js'
removed '/usr/lib/node_modules/node-red/node_modules/moment/src/locale/el.js'
removed '/usr/lib/node_modules/node-red/node_modules/moment/src/locale/tzm.js'
removed '/usr/lib/node_modules/node-red/node_modules/moment/src/locale/uz.js'
removed '/usr/lib/node_modules/node-red/node_modules/moment/src/locale/gom-latn.js'
removed '/usr/lib/node_modules/node-red/node_modules/moment/src/locale/bs.js'
removed '/usr/lib/node_modules/node-red/node_modules/moment/src/locale/en-in.js'
removed '/usr/lib/node_modules/node-red/node_modules/moment/src/locale/be.js'
removed '/usr/lib/node_modules/node-red/node_modules/moment/src/locale/da.js'
removed '/usr/lib/node_modules/node-red/node_modules/moment/src/locale/de.js'
removed '/usr/lib/node_modules/node-red/node_modules/moment/src/locale/fi.js'
removed '/usr/lib/node_modules/node-red/node_modules/moment/src/locale/bn-bd.js'
removed '/usr/lib/node_modules/node-red/node_modules/moment/src/locale/gl.js'
removed '/usr/lib/node_modules/node-red/node_modules/moment/src/locale/ar-tn.js'
removed '/usr/lib/node_modules/node-red/node_modules/moment/src/locale/en-ca.js'
removed '/usr/lib/node_modules/node-red/node_modules/moment/src/locale/ar-ma.js'
removed '/usr/lib/node_modules/node-red/node_modules/moment/src/locale/lv.js'
removed '/usr/lib/node_modules/node-red/node_modules/moment/src/locale/ta.js'
removed '/usr/lib/node_modules/node-red/node_modules/moment/src/locale/is.js'
removed '/usr/lib/node_modules/node-red/node_modules/moment/src/locale/sq.js'
removed '/usr/lib/node_modules/node-red/node_modules/moment/src/locale/zh-tw.js'
removed '/usr/lib/node_modules/node-red/node_modules/moment/src/locale/uk.js'
removed '/usr/lib/node_modules/node-red/node_modules/moment/src/locale/es-do.js'
removed '/usr/lib/node_modules/node-red/node_modules/moment/src/locale/fy.js'
removed '/usr/lib/node_modules/node-red/node_modules/moment/src/locale/bn.js'
removed '/usr/lib/node_modules/node-red/node_modules/moment/src/locale/gom-deva.js'
removed '/usr/lib/node_modules/node-red/node_modules/moment/src/locale/fa.js'
removed '/usr/lib/node_modules/node-red/node_modules/moment/src/locale/ar.js'
removed '/usr/lib/node_modules/node-red/node_modules/moment/src/locale/jv.js'
removed '/usr/lib/node_modules/node-red/node_modules/moment/src/locale/de-ch.js'
removed '/usr/lib/node_modules/node-red/node_modules/moment/src/locale/en-ie.js'
removed '/usr/lib/node_modules/node-red/node_modules/moment/src/locale/ja.js'
removed '/usr/lib/node_modules/node-red/node_modules/moment/src/locale/pl.js'
removed '/usr/lib/node_modules/node-red/node_modules/moment/src/locale/ar-dz.js'
removed '/usr/lib/node_modules/node-red/node_modules/moment/src/locale/ga.js'
removed '/usr/lib/node_modules/node-red/node_modules/moment/src/locale/sr-cyrl.js'
removed '/usr/lib/node_modules/node-red/node_modules/moment/src/locale/en-nz.js'
removed '/usr/lib/node_modules/node-red/node_modules/moment/src/locale/tzl.js'
removed '/usr/lib/node_modules/node-red/node_modules/moment/src/locale/nl.js'
removed '/usr/lib/node_modules/node-red/node_modules/moment/src/locale/fr.js'
removed '/usr/lib/node_modules/node-red/node_modules/moment/src/locale/zh-hk.js'
removed '/usr/lib/node_modules/node-red/node_modules/moment/src/locale/pt.js'
removed '/usr/lib/node_modules/node-red/node_modules/moment/src/locale/my.js'
removed '/usr/lib/node_modules/node-red/node_modules/moment/src/locale/si.js'
removed '/usr/lib/node_modules/node-red/node_modules/moment/src/locale/es.js'
removed '/usr/lib/node_modules/node-red/node_modules/moment/src/locale/ml.js'
removed '/usr/lib/node_modules/node-red/node_modules/moment/src/locale/yo.js'
removed '/usr/lib/node_modules/node-red/node_modules/moment/src/locale/es-us.js'
removed '/usr/lib/node_modules/node-red/node_modules/moment/src/locale/ar-ps.js'
removed '/usr/lib/node_modules/node-red/node_modules/moment/src/locale/ko.js'
removed '/usr/lib/node_modules/node-red/node_modules/moment/src/locale/en-gb.js'
removed '/usr/lib/node_modules/node-red/node_modules/moment/src/locale/cv.js'
removed '/usr/lib/node_modules/node-red/node_modules/moment/src/locale/ne.js'
removed '/usr/lib/node_modules/node-red/node_modules/moment/src/locale/id.js'
removed '/usr/lib/node_modules/node-red/node_modules/moment/src/locale/ru.js'
removed '/usr/lib/node_modules/node-red/node_modules/moment/src/locale/he.js'
removed '/usr/lib/node_modules/node-red/node_modules/moment/src/locale/fil.js'
removed '/usr/lib/node_modules/node-red/node_modules/moment/src/locale/mr.js'
removed '/usr/lib/node_modules/node-red/node_modules/moment/src/locale/ku.js'
removed '/usr/lib/node_modules/node-red/node_modules/moment/src/locale/nl-be.js'
removed '/usr/lib/node_modules/node-red/node_modules/moment/src/locale/mn.js'
removed '/usr/lib/node_modules/node-red/node_modules/moment/src/locale/fr-ca.js'
removed '/usr/lib/node_modules/node-red/node_modules/moment/src/locale/ur.js'
removed '/usr/lib/node_modules/node-red/node_modules/moment/src/locale/tzm-latn.js'
removed directory '/usr/lib/node_modules/node-red/node_modules/moment/src/locale'
removed '/usr/lib/node_modules/node-red/node_modules/moment/src/lib/units/minute.js'
removed '/usr/lib/node_modules/node-red/node_modules/moment/src/lib/units/priorities.js'
removed '/usr/lib/node_modules/node-red/node_modules/moment/src/lib/units/aliases.js'
removed '/usr/lib/node_modules/node-red/node_modules/moment/src/lib/units/quarter.js'
removed '/usr/lib/node_modules/node-red/node_modules/moment/src/lib/units/second.js'
removed '/usr/lib/node_modules/node-red/node_modules/moment/src/lib/units/timezone.js'
removed '/usr/lib/node_modules/node-red/node_modules/moment/src/lib/units/constants.js'
removed '/usr/lib/node_modules/node-red/node_modules/moment/src/lib/units/day-of-week.js'
removed '/usr/lib/node_modules/node-red/node_modules/moment/src/lib/units/week.js'
removed '/usr/lib/node_modules/node-red/node_modules/moment/src/lib/units/offset.js'
removed '/usr/lib/node_modules/node-red/node_modules/moment/src/lib/units/week-year.js'
removed '/usr/lib/node_modules/node-red/node_modules/moment/src/lib/units/week-calendar-utils.js'
removed '/usr/lib/node_modules/node-red/node_modules/moment/src/lib/units/millisecond.js'
removed '/usr/lib/node_modules/node-red/node_modules/moment/src/lib/units/hour.js'
removed '/usr/lib/node_modules/node-red/node_modules/moment/src/lib/units/day-of-month.js'
removed '/usr/lib/node_modules/node-red/node_modules/moment/src/lib/units/year.js'
removed '/usr/lib/node_modules/node-red/node_modules/moment/src/lib/units/month.js'
removed '/usr/lib/node_modules/node-red/node_modules/moment/src/lib/units/day-of-year.js'
removed '/usr/lib/node_modules/node-red/node_modules/moment/src/lib/units/timestamp.js'
removed '/usr/lib/node_modules/node-red/node_modules/moment/src/lib/units/units.js'
removed '/usr/lib/node_modules/node-red/node_modules/moment/src/lib/units/era.js'
removed directory '/usr/lib/node_modules/node-red/node_modules/moment/src/lib/units'
removed '/usr/lib/node_modules/node-red/node_modules/moment/src/lib/utils/is-number.js'
removed '/usr/lib/node_modules/node-red/node_modules/moment/src/lib/utils/hooks.js'
removed '/usr/lib/node_modules/node-red/node_modules/moment/src/lib/utils/is-date.js'
removed '/usr/lib/node_modules/node-red/node_modules/moment/src/lib/utils/abs-floor.js'
removed '/usr/lib/node_modules/node-red/node_modules/moment/src/lib/utils/extend.js'
removed '/usr/lib/node_modules/node-red/node_modules/moment/src/lib/utils/has-own-prop.js'
removed '/usr/lib/node_modules/node-red/node_modules/moment/src/lib/utils/is-undefined.js'
removed '/usr/lib/node_modules/node-red/node_modules/moment/src/lib/utils/map.js'
removed '/usr/lib/node_modules/node-red/node_modules/moment/src/lib/utils/deprecate.js'
removed '/usr/lib/node_modules/node-red/node_modules/moment/src/lib/utils/is-moment-input.js'
removed '/usr/lib/node_modules/node-red/node_modules/moment/src/lib/utils/abs-ceil.js'
removed '/usr/lib/node_modules/node-red/node_modules/moment/src/lib/utils/to-int.js'
removed '/usr/lib/node_modules/node-red/node_modules/moment/src/lib/utils/is-array.js'
removed '/usr/lib/node_modules/node-red/node_modules/moment/src/lib/utils/is-function.js'
removed '/usr/lib/node_modules/node-red/node_modules/moment/src/lib/utils/is-leap-year.js'
removed '/usr/lib/node_modules/node-red/node_modules/moment/src/lib/utils/index-of.js'
removed '/usr/lib/node_modules/node-red/node_modules/moment/src/lib/utils/defaults.js'
removed '/usr/lib/node_modules/node-red/node_modules/moment/src/lib/utils/is-object-empty.js'
removed '/usr/lib/node_modules/node-red/node_modules/moment/src/lib/utils/is-calendar-spec.js'
removed '/usr/lib/node_modules/node-red/node_modules/moment/src/lib/utils/is-object.js'
removed '/usr/lib/node_modules/node-red/node_modules/moment/src/lib/utils/mod.js'
removed '/usr/lib/node_modules/node-red/node_modules/moment/src/lib/utils/compare-arrays.js'
removed '/usr/lib/node_modules/node-red/node_modules/moment/src/lib/utils/abs-round.js'
removed '/usr/lib/node_modules/node-red/node_modules/moment/src/lib/utils/zero-fill.js'
removed '/usr/lib/node_modules/node-red/node_modules/moment/src/lib/utils/some.js'
removed '/usr/lib/node_modules/node-red/node_modules/moment/src/lib/utils/is-string.js'
removed '/usr/lib/node_modules/node-red/node_modules/moment/src/lib/utils/keys.js'
removed directory '/usr/lib/node_modules/node-red/node_modules/moment/src/lib/utils'
removed '/usr/lib/node_modules/node-red/node_modules/moment/src/lib/locale/lists.js'
removed '/usr/lib/node_modules/node-red/node_modules/moment/src/lib/locale/calendar.js'
removed '/usr/lib/node_modules/node-red/node_modules/moment/src/lib/locale/invalid.js'
removed '/usr/lib/node_modules/node-red/node_modules/moment/src/lib/locale/en.js'
removed '/usr/lib/node_modules/node-red/node_modules/moment/src/lib/locale/prototype.js'
removed '/usr/lib/node_modules/node-red/node_modules/moment/src/lib/locale/formats.js'
removed '/usr/lib/node_modules/node-red/node_modules/moment/src/lib/locale/constructor.js'
removed '/usr/lib/node_modules/node-red/node_modules/moment/src/lib/locale/locale.js'
removed '/usr/lib/node_modules/node-red/node_modules/moment/src/lib/locale/locales.js'
removed '/usr/lib/node_modules/node-red/node_modules/moment/src/lib/locale/ordinal.js'
removed '/usr/lib/node_modules/node-red/node_modules/moment/src/lib/locale/relative.js'
removed '/usr/lib/node_modules/node-red/node_modules/moment/src/lib/locale/pre-post-format.js'
removed '/usr/lib/node_modules/node-red/node_modules/moment/src/lib/locale/set.js'
removed '/usr/lib/node_modules/node-red/node_modules/moment/src/lib/locale/base-config.js'
removed directory '/usr/lib/node_modules/node-red/node_modules/moment/src/lib/locale'
removed '/usr/lib/node_modules/node-red/node_modules/moment/src/lib/duration/abs.js'
removed '/usr/lib/node_modules/node-red/node_modules/moment/src/lib/duration/humanize.js'
removed '/usr/lib/node_modules/node-red/node_modules/moment/src/lib/duration/as.js'
removed '/usr/lib/node_modules/node-red/node_modules/moment/src/lib/duration/bubble.js'
removed '/usr/lib/node_modules/node-red/node_modules/moment/src/lib/duration/duration.js'
removed '/usr/lib/node_modules/node-red/node_modules/moment/src/lib/duration/prototype.js'
removed '/usr/lib/node_modules/node-red/node_modules/moment/src/lib/duration/constructor.js'
removed '/usr/lib/node_modules/node-red/node_modules/moment/src/lib/duration/valid.js'
removed '/usr/lib/node_modules/node-red/node_modules/moment/src/lib/duration/get.js'
removed '/usr/lib/node_modules/node-red/node_modules/moment/src/lib/duration/iso-string.js'
removed '/usr/lib/node_modules/node-red/node_modules/moment/src/lib/duration/create.js'
removed '/usr/lib/node_modules/node-red/node_modules/moment/src/lib/duration/add-subtract.js'
removed '/usr/lib/node_modules/node-red/node_modules/moment/src/lib/duration/clone.js'
removed directory '/usr/lib/node_modules/node-red/node_modules/moment/src/lib/duration'
removed '/usr/lib/node_modules/node-red/node_modules/moment/src/lib/format/format.js'
removed directory '/usr/lib/node_modules/node-red/node_modules/moment/src/lib/format'
removed '/usr/lib/node_modules/node-red/node_modules/moment/src/lib/parse/regex.js'
removed '/usr/lib/node_modules/node-red/node_modules/moment/src/lib/parse/token.js'
removed directory '/usr/lib/node_modules/node-red/node_modules/moment/src/lib/parse'
removed '/usr/lib/node_modules/node-red/node_modules/moment/src/lib/moment/calendar.js'
removed '/usr/lib/node_modules/node-red/node_modules/moment/src/lib/moment/compare.js'
removed '/usr/lib/node_modules/node-red/node_modules/moment/src/lib/moment/min-max.js'
removed '/usr/lib/node_modules/node-red/node_modules/moment/src/lib/moment/to.js'
removed '/usr/lib/node_modules/node-red/node_modules/moment/src/lib/moment/prototype.js'
removed '/usr/lib/node_modules/node-red/node_modules/moment/src/lib/moment/diff.js'
removed '/usr/lib/node_modules/node-red/node_modules/moment/src/lib/moment/constructor.js'
removed '/usr/lib/node_modules/node-red/node_modules/moment/src/lib/moment/get-set.js'
removed '/usr/lib/node_modules/node-red/node_modules/moment/src/lib/moment/creation-data.js'
removed '/usr/lib/node_modules/node-red/node_modules/moment/src/lib/moment/from.js'
removed '/usr/lib/node_modules/node-red/node_modules/moment/src/lib/moment/valid.js'
removed '/usr/lib/node_modules/node-red/node_modules/moment/src/lib/moment/to-type.js'
removed '/usr/lib/node_modules/node-red/node_modules/moment/src/lib/moment/start-end-of.js'
removed '/usr/lib/node_modules/node-red/node_modules/moment/src/lib/moment/locale.js'
removed '/usr/lib/node_modules/node-red/node_modules/moment/src/lib/moment/now.js'
removed '/usr/lib/node_modules/node-red/node_modules/moment/src/lib/moment/format.js'
removed '/usr/lib/node_modules/node-red/node_modules/moment/src/lib/moment/add-subtract.js'
removed '/usr/lib/node_modules/node-red/node_modules/moment/src/lib/moment/clone.js'
removed '/usr/lib/node_modules/node-red/node_modules/moment/src/lib/moment/moment.js'
removed directory '/usr/lib/node_modules/node-red/node_modules/moment/src/lib/moment'
removed '/usr/lib/node_modules/node-red/node_modules/moment/src/lib/create/from-array.js'
removed '/usr/lib/node_modules/node-red/node_modules/moment/src/lib/create/from-anything.js'
removed '/usr/lib/node_modules/node-red/node_modules/moment/src/lib/create/date-from-array.js'
removed '/usr/lib/node_modules/node-red/node_modules/moment/src/lib/create/parsing-flags.js'
removed '/usr/lib/node_modules/node-red/node_modules/moment/src/lib/create/from-string.js'
removed '/usr/lib/node_modules/node-red/node_modules/moment/src/lib/create/valid.js'
removed '/usr/lib/node_modules/node-red/node_modules/moment/src/lib/create/from-object.js'
removed '/usr/lib/node_modules/node-red/node_modules/moment/src/lib/create/from-string-and-format.js'
removed '/usr/lib/node_modules/node-red/node_modules/moment/src/lib/create/check-overflow.js'
removed '/usr/lib/node_modules/node-red/node_modules/moment/src/lib/create/utc.js'
removed '/usr/lib/node_modules/node-red/node_modules/moment/src/lib/create/local.js'
removed '/usr/lib/node_modules/node-red/node_modules/moment/src/lib/create/from-string-and-array.js'
removed directory '/usr/lib/node_modules/node-red/node_modules/moment/src/lib/create'
removed directory '/usr/lib/node_modules/node-red/node_modules/moment/src/lib'
removed '/usr/lib/node_modules/node-red/node_modules/moment/src/moment.js'
removed directory '/usr/lib/node_modules/node-red/node_modules/moment/src'
removed '/usr/lib/node_modules/node-red/node_modules/moment/min/locales.min.js'
removed '/usr/lib/node_modules/node-red/node_modules/moment/min/moment.min.js.map'
removed '/usr/lib/node_modules/node-red/node_modules/moment/min/moment.min.js'
removed '/usr/lib/node_modules/node-red/node_modules/moment/min/moment-with-locales.js'
removed '/usr/lib/node_modules/node-red/node_modules/moment/min/moment-with-locales.min.js.map'
removed '/usr/lib/node_modules/node-red/node_modules/moment/min/locales.min.js.map'
removed '/usr/lib/node_modules/node-red/node_modules/moment/min/locales.js'
removed '/usr/lib/node_modules/node-red/node_modules/moment/min/moment-with-locales.min.js'
removed directory '/usr/lib/node_modules/node-red/node_modules/moment/min'
removed '/usr/lib/node_modules/node-red/node_modules/moment/moment.d.ts'
removed '/usr/lib/node_modules/node-red/node_modules/moment/package.js'
removed '/usr/lib/node_modules/node-red/node_modules/moment/moment.js'
removed '/usr/lib/node_modules/node-red/node_modules/moment/LICENSE'
removed directory '/usr/lib/node_modules/node-red/node_modules/moment'
removed '/usr/lib/node_modules/node-red/node_modules/unpipe/package.json'
removed '/usr/lib/node_modules/node-red/node_modules/unpipe/HISTORY.md'
removed '/usr/lib/node_modules/node-red/node_modules/unpipe/index.js'
removed '/usr/lib/node_modules/node-red/node_modules/unpipe/README.md'
removed '/usr/lib/node_modules/node-red/node_modules/unpipe/LICENSE'
removed directory '/usr/lib/node_modules/node-red/node_modules/unpipe'
removed '/usr/lib/node_modules/node-red/node_modules/semver/internal/constants.js'
removed '/usr/lib/node_modules/node-red/node_modules/semver/internal/debug.js'
removed '/usr/lib/node_modules/node-red/node_modules/semver/internal/lrucache.js'
removed '/usr/lib/node_modules/node-red/node_modules/semver/internal/parse-options.js'
removed '/usr/lib/node_modules/node-red/node_modules/semver/internal/identifiers.js'
removed '/usr/lib/node_modules/node-red/node_modules/semver/internal/re.js'
removed directory '/usr/lib/node_modules/node-red/node_modules/semver/internal'
removed '/usr/lib/node_modules/node-red/node_modules/semver/package.json'
removed '/usr/lib/node_modules/node-red/node_modules/semver/functions/satisfies.js'
removed '/usr/lib/node_modules/node-red/node_modules/semver/functions/cmp.js'
removed '/usr/lib/node_modules/node-red/node_modules/semver/functions/eq.js'
removed '/usr/lib/node_modules/node-red/node_modules/semver/functions/gt.js'
removed '/usr/lib/node_modules/node-red/node_modules/semver/functions/lt.js'
removed '/usr/lib/node_modules/node-red/node_modules/semver/functions/inc.js'
removed '/usr/lib/node_modules/node-red/node_modules/semver/functions/compare.js'
removed '/usr/lib/node_modules/node-red/node_modules/semver/functions/gte.js'
removed '/usr/lib/node_modules/node-red/node_modules/semver/functions/clean.js'
removed '/usr/lib/node_modules/node-red/node_modules/semver/functions/prerelease.js'
removed '/usr/lib/node_modules/node-red/node_modules/semver/functions/lte.js'
removed '/usr/lib/node_modules/node-red/node_modules/semver/functions/rsort.js'
removed '/usr/lib/node_modules/node-red/node_modules/semver/functions/sort.js'
removed '/usr/lib/node_modules/node-red/node_modules/semver/functions/diff.js'
removed '/usr/lib/node_modules/node-red/node_modules/semver/functions/parse.js'
removed '/usr/lib/node_modules/node-red/node_modules/semver/functions/patch.js'
removed '/usr/lib/node_modules/node-red/node_modules/semver/functions/major.js'
removed '/usr/lib/node_modules/node-red/node_modules/semver/functions/valid.js'
removed '/usr/lib/node_modules/node-red/node_modules/semver/functions/rcompare.js'
removed '/usr/lib/node_modules/node-red/node_modules/semver/functions/minor.js'
removed '/usr/lib/node_modules/node-red/node_modules/semver/functions/compare-loose.js'
removed '/usr/lib/node_modules/node-red/node_modules/semver/functions/neq.js'
removed '/usr/lib/node_modules/node-red/node_modules/semver/functions/coerce.js'
removed '/usr/lib/node_modules/node-red/node_modules/semver/functions/compare-build.js'
removed directory '/usr/lib/node_modules/node-red/node_modules/semver/functions'
removed '/usr/lib/node_modules/node-red/node_modules/semver/classes/range.js'
removed '/usr/lib/node_modules/node-red/node_modules/semver/classes/index.js'
removed '/usr/lib/node_modules/node-red/node_modules/semver/classes/comparator.js'
removed '/usr/lib/node_modules/node-red/node_modules/semver/classes/semver.js'
removed directory '/usr/lib/node_modules/node-red/node_modules/semver/classes'
removed '/usr/lib/node_modules/node-red/node_modules/semver/index.js'
removed '/usr/lib/node_modules/node-red/node_modules/semver/preload.js'
removed '/usr/lib/node_modules/node-red/node_modules/semver/README.md'
removed '/usr/lib/node_modules/node-red/node_modules/semver/range.bnf'
removed '/usr/lib/node_modules/node-red/node_modules/semver/bin/semver.js'
removed directory '/usr/lib/node_modules/node-red/node_modules/semver/bin'
removed '/usr/lib/node_modules/node-red/node_modules/semver/ranges/gtr.js'
removed '/usr/lib/node_modules/node-red/node_modules/semver/ranges/min-version.js'
removed '/usr/lib/node_modules/node-red/node_modules/semver/ranges/ltr.js'
removed '/usr/lib/node_modules/node-red/node_modules/semver/ranges/subset.js'
removed '/usr/lib/node_modules/node-red/node_modules/semver/ranges/intersects.js'
removed '/usr/lib/node_modules/node-red/node_modules/semver/ranges/simplify.js'
removed '/usr/lib/node_modules/node-red/node_modules/semver/ranges/min-satisfying.js'
removed '/usr/lib/node_modules/node-red/node_modules/semver/ranges/to-comparators.js'
removed '/usr/lib/node_modules/node-red/node_modules/semver/ranges/valid.js'
removed '/usr/lib/node_modules/node-red/node_modules/semver/ranges/outside.js'
removed '/usr/lib/node_modules/node-red/node_modules/semver/ranges/max-satisfying.js'
removed directory '/usr/lib/node_modules/node-red/node_modules/semver/ranges'
removed '/usr/lib/node_modules/node-red/node_modules/semver/LICENSE'
removed directory '/usr/lib/node_modules/node-red/node_modules/semver'
removed '/usr/lib/node_modules/node-red/node_modules/ms/readme.md'
removed '/usr/lib/node_modules/node-red/node_modules/ms/package.json'
removed '/usr/lib/node_modules/node-red/node_modules/ms/index.js'
removed '/usr/lib/node_modules/node-red/node_modules/ms/license.md'
removed directory '/usr/lib/node_modules/node-red/node_modules/ms'
removed '/usr/lib/node_modules/node-red/node_modules/ws/package.json'
removed '/usr/lib/node_modules/node-red/node_modules/ws/index.js'
removed '/usr/lib/node_modules/node-red/node_modules/ws/README.md'
removed '/usr/lib/node_modules/node-red/node_modules/ws/lib/buffer-util.js'
removed '/usr/lib/node_modules/node-red/node_modules/ws/lib/event-target.js'
removed '/usr/lib/node_modules/node-red/node_modules/ws/lib/constants.js'
removed '/usr/lib/node_modules/node-red/node_modules/ws/lib/stream.js'
removed '/usr/lib/node_modules/node-red/node_modules/ws/lib/sender.js'
removed '/usr/lib/node_modules/node-red/node_modules/ws/lib/receiver.js'
removed '/usr/lib/node_modules/node-red/node_modules/ws/lib/websocket.js'
removed '/usr/lib/node_modules/node-red/node_modules/ws/lib/validation.js'
removed '/usr/lib/node_modules/node-red/node_modules/ws/lib/websocket-server.js'
removed '/usr/lib/node_modules/node-red/node_modules/ws/lib/permessage-deflate.js'
removed '/usr/lib/node_modules/node-red/node_modules/ws/lib/limiter.js'
removed '/usr/lib/node_modules/node-red/node_modules/ws/lib/extension.js'
removed directory '/usr/lib/node_modules/node-red/node_modules/ws/lib'
removed '/usr/lib/node_modules/node-red/node_modules/ws/browser.js'
removed '/usr/lib/node_modules/node-red/node_modules/ws/LICENSE'
removed directory '/usr/lib/node_modules/node-red/node_modules/ws'
removed '/usr/lib/node_modules/node-red/node_modules/hpagent/package.json'
removed '/usr/lib/node_modules/node-red/node_modules/hpagent/index.mjs'
removed '/usr/lib/node_modules/node-red/node_modules/hpagent/test/hang-socket/http.js'
removed '/usr/lib/node_modules/node-red/node_modules/hpagent/test/hang-socket/runner.sh'
removed '/usr/lib/node_modules/node-red/node_modules/hpagent/test/hang-socket/https.js'
removed directory '/usr/lib/node_modules/node-red/node_modules/hpagent/test/hang-socket'
removed '/usr/lib/node_modules/node-red/node_modules/hpagent/test/http-https.test.js'
removed '/usr/lib/node_modules/node-red/node_modules/hpagent/test/got.test.js'
removed '/usr/lib/node_modules/node-red/node_modules/hpagent/test/utils.js'
removed '/usr/lib/node_modules/node-red/node_modules/hpagent/test/http-http.test.js'
removed '/usr/lib/node_modules/node-red/node_modules/hpagent/test/https-http.test.js'
removed '/usr/lib/node_modules/node-red/node_modules/hpagent/test/needle.test.js'
removed '/usr/lib/node_modules/node-red/node_modules/hpagent/test/https-https.test.js'
removed '/usr/lib/node_modules/node-red/node_modules/hpagent/test/node-fetch.test.js'
removed '/usr/lib/node_modules/node-red/node_modules/hpagent/test/index.test-d.ts'
removed '/usr/lib/node_modules/node-red/node_modules/hpagent/test/simple-get.test.js'
removed directory '/usr/lib/node_modules/node-red/node_modules/hpagent/test'
removed '/usr/lib/node_modules/node-red/node_modules/hpagent/index.js'
removed '/usr/lib/node_modules/node-red/node_modules/hpagent/README.md'
removed '/usr/lib/node_modules/node-red/node_modules/hpagent/.github/workflows/build.yml'
removed directory '/usr/lib/node_modules/node-red/node_modules/hpagent/.github/workflows'
removed '/usr/lib/node_modules/node-red/node_modules/hpagent/.github/dependabot.yml'
removed directory '/usr/lib/node_modules/node-red/node_modules/hpagent/.github'
removed '/usr/lib/node_modules/node-red/node_modules/hpagent/index.d.ts'
removed '/usr/lib/node_modules/node-red/node_modules/hpagent/LICENSE'
removed directory '/usr/lib/node_modules/node-red/node_modules/hpagent'
removed '/usr/lib/node_modules/node-red/node_modules/destroy/package.json'
removed '/usr/lib/node_modules/node-red/node_modules/destroy/index.js'
removed '/usr/lib/node_modules/node-red/node_modules/destroy/README.md'
removed '/usr/lib/node_modules/node-red/node_modules/destroy/LICENSE'
removed directory '/usr/lib/node_modules/node-red/node_modules/destroy'
removed '/usr/lib/node_modules/node-red/node_modules/passport/package.json'
removed '/usr/lib/node_modules/node-red/node_modules/passport/README.md'
removed '/usr/lib/node_modules/node-red/node_modules/passport/lib/framework/connect.js'
removed directory '/usr/lib/node_modules/node-red/node_modules/passport/lib/framework'
removed '/usr/lib/node_modules/node-red/node_modules/passport/lib/middleware/initialize.js'
removed '/usr/lib/node_modules/node-red/node_modules/passport/lib/middleware/authenticate.js'
removed directory '/usr/lib/node_modules/node-red/node_modules/passport/lib/middleware'
removed '/usr/lib/node_modules/node-red/node_modules/passport/lib/index.js'
removed '/usr/lib/node_modules/node-red/node_modules/passport/lib/strategies/session.js'
removed directory '/usr/lib/node_modules/node-red/node_modules/passport/lib/strategies'
removed '/usr/lib/node_modules/node-red/node_modules/passport/lib/errors/authenticationerror.js'
removed directory '/usr/lib/node_modules/node-red/node_modules/passport/lib/errors'
removed '/usr/lib/node_modules/node-red/node_modules/passport/lib/authenticator.js'
removed '/usr/lib/node_modules/node-red/node_modules/passport/lib/http/request.js'
removed directory '/usr/lib/node_modules/node-red/node_modules/passport/lib/http'
removed '/usr/lib/node_modules/node-red/node_modules/passport/lib/sessionmanager.js'
removed directory '/usr/lib/node_modules/node-red/node_modules/passport/lib'
removed '/usr/lib/node_modules/node-red/node_modules/passport/CHANGELOG.md'
removed '/usr/lib/node_modules/node-red/node_modules/passport/sponsors/descope-dark.svg'
removed '/usr/lib/node_modules/node-red/node_modules/passport/sponsors/descope.svg'
removed '/usr/lib/node_modules/node-red/node_modules/passport/sponsors/workos.png'
removed '/usr/lib/node_modules/node-red/node_modules/passport/sponsors/snyk.png'
removed '/usr/lib/node_modules/node-red/node_modules/passport/sponsors/fusionauth.svg'
removed '/usr/lib/node_modules/node-red/node_modules/passport/sponsors/fusionauth.png'
removed '/usr/lib/node_modules/node-red/node_modules/passport/sponsors/loginradius.png'
removed directory '/usr/lib/node_modules/node-red/node_modules/passport/sponsors'
removed '/usr/lib/node_modules/node-red/node_modules/passport/etc/jsdoc.json'
removed directory '/usr/lib/node_modules/node-red/node_modules/passport/etc'
removed '/usr/lib/node_modules/node-red/node_modules/passport/LICENSE'
removed directory '/usr/lib/node_modules/node-red/node_modules/passport'
removed '/usr/lib/node_modules/node-red/node_modules/es-errors/tsconfig.json'
removed '/usr/lib/node_modules/node-red/node_modules/es-errors/range.js'
removed '/usr/lib/node_modules/node-red/node_modules/es-errors/package.json'
removed '/usr/lib/node_modules/node-red/node_modules/es-errors/type.d.ts'
removed '/usr/lib/node_modules/node-red/node_modules/es-errors/syntax.d.ts'
removed '/usr/lib/node_modules/node-red/node_modules/es-errors/type.js'
removed '/usr/lib/node_modules/node-red/node_modules/es-errors/test/index.js'
removed directory '/usr/lib/node_modules/node-red/node_modules/es-errors/test'
removed '/usr/lib/node_modules/node-red/node_modules/es-errors/uri.d.ts'
removed '/usr/lib/node_modules/node-red/node_modules/es-errors/index.js'
removed '/usr/lib/node_modules/node-red/node_modules/es-errors/eval.js'
removed '/usr/lib/node_modules/node-red/node_modules/es-errors/ref.js'
removed '/usr/lib/node_modules/node-red/node_modules/es-errors/uri.js'
removed '/usr/lib/node_modules/node-red/node_modules/es-errors/README.md'
removed '/usr/lib/node_modules/node-red/node_modules/es-errors/ref.d.ts'
removed '/usr/lib/node_modules/node-red/node_modules/es-errors/.eslintrc'
removed '/usr/lib/node_modules/node-red/node_modules/es-errors/eval.d.ts'
removed '/usr/lib/node_modules/node-red/node_modules/es-errors/.github/FUNDING.yml'
removed directory '/usr/lib/node_modules/node-red/node_modules/es-errors/.github'
removed '/usr/lib/node_modules/node-red/node_modules/es-errors/syntax.js'
removed '/usr/lib/node_modules/node-red/node_modules/es-errors/CHANGELOG.md'
removed '/usr/lib/node_modules/node-red/node_modules/es-errors/index.d.ts'
removed '/usr/lib/node_modules/node-red/node_modules/es-errors/range.d.ts'
removed '/usr/lib/node_modules/node-red/node_modules/es-errors/LICENSE'
removed directory '/usr/lib/node_modules/node-red/node_modules/es-errors'
removed '/usr/lib/node_modules/node-red/node_modules/agent-base/package.json'
removed '/usr/lib/node_modules/node-red/node_modules/agent-base/dist/src/promisify.js'
removed '/usr/lib/node_modules/node-red/node_modules/agent-base/dist/src/index.js'
removed '/usr/lib/node_modules/node-red/node_modules/agent-base/dist/src/promisify.js.map'
removed '/usr/lib/node_modules/node-red/node_modules/agent-base/dist/src/index.js.map'
removed '/usr/lib/node_modules/node-red/node_modules/agent-base/dist/src/index.d.ts'
removed '/usr/lib/node_modules/node-red/node_modules/agent-base/dist/src/promisify.d.ts'
removed directory '/usr/lib/node_modules/node-red/node_modules/agent-base/dist/src'
removed directory '/usr/lib/node_modules/node-red/node_modules/agent-base/dist'
removed '/usr/lib/node_modules/node-red/node_modules/agent-base/README.md'
removed '/usr/lib/node_modules/node-red/node_modules/agent-base/node_modules/debug/package.json'
removed '/usr/lib/node_modules/node-red/node_modules/agent-base/node_modules/debug/README.md'
removed '/usr/lib/node_modules/node-red/node_modules/agent-base/node_modules/debug/src/common.js'
removed '/usr/lib/node_modules/node-red/node_modules/agent-base/node_modules/debug/src/index.js'
removed '/usr/lib/node_modules/node-red/node_modules/agent-base/node_modules/debug/src/browser.js'
removed '/usr/lib/node_modules/node-red/node_modules/agent-base/node_modules/debug/src/node.js'
removed directory '/usr/lib/node_modules/node-red/node_modules/agent-base/node_modules/debug/src'
removed '/usr/lib/node_modules/node-red/node_modules/agent-base/node_modules/debug/LICENSE'
removed directory '/usr/lib/node_modules/node-red/node_modules/agent-base/node_modules/debug'
removed '/usr/lib/node_modules/node-red/node_modules/agent-base/node_modules/ms/readme.md'
removed '/usr/lib/node_modules/node-red/node_modules/agent-base/node_modules/ms/package.json'
removed '/usr/lib/node_modules/node-red/node_modules/agent-base/node_modules/ms/index.js'
removed '/usr/lib/node_modules/node-red/node_modules/agent-base/node_modules/ms/license.md'
removed directory '/usr/lib/node_modules/node-red/node_modules/agent-base/node_modules/ms'
removed directory '/usr/lib/node_modules/node-red/node_modules/agent-base/node_modules'
removed '/usr/lib/node_modules/node-red/node_modules/agent-base/src/promisify.ts'
removed '/usr/lib/node_modules/node-red/node_modules/agent-base/src/index.ts'
removed directory '/usr/lib/node_modules/node-red/node_modules/agent-base/src'
removed directory '/usr/lib/node_modules/node-red/node_modules/agent-base'
removed '/usr/lib/node_modules/node-red/node_modules/mqtt/package.json'
removed '/usr/lib/node_modules/node-red/node_modules/mqtt/help/help.txt'
removed '/usr/lib/node_modules/node-red/node_modules/mqtt/help/subscribe.txt'
removed '/usr/lib/node_modules/node-red/node_modules/mqtt/help/publish.txt'
removed directory '/usr/lib/node_modules/node-red/node_modules/mqtt/help'
removed '/usr/lib/node_modules/node-red/node_modules/mqtt/dist/mqtt.esm.js'
removed '/usr/lib/node_modules/node-red/node_modules/mqtt/dist/mqtt.js'
removed '/usr/lib/node_modules/node-red/node_modules/mqtt/dist/mqtt.min.js'
removed directory '/usr/lib/node_modules/node-red/node_modules/mqtt/dist'
removed '/usr/lib/node_modules/node-red/node_modules/mqtt/CONTRIBUTING.md'
removed '/usr/lib/node_modules/node-red/node_modules/mqtt/build/tsconfig.build.tsbuildinfo'
removed '/usr/lib/node_modules/node-red/node_modules/mqtt/build/mqtt.js'
removed '/usr/lib/node_modules/node-red/node_modules/mqtt/build/index.js'
removed '/usr/lib/node_modules/node-red/node_modules/mqtt/build/index.js.map'
removed '/usr/lib/node_modules/node-red/node_modules/mqtt/build/mqtt.d.ts'
removed '/usr/lib/node_modules/node-red/node_modules/mqtt/build/bin/pub.js.map'
removed '/usr/lib/node_modules/node-red/node_modules/mqtt/build/bin/mqtt.js'
removed '/usr/lib/node_modules/node-red/node_modules/mqtt/build/bin/sub.d.ts'
removed '/usr/lib/node_modules/node-red/node_modules/mqtt/build/bin/mqtt.d.ts'
removed '/usr/lib/node_modules/node-red/node_modules/mqtt/build/bin/pub.d.ts'
removed '/usr/lib/node_modules/node-red/node_modules/mqtt/build/bin/sub.js.map'
removed '/usr/lib/node_modules/node-red/node_modules/mqtt/build/bin/mqtt.js.map'
removed '/usr/lib/node_modules/node-red/node_modules/mqtt/build/bin/sub.js'
removed '/usr/lib/node_modules/node-red/node_modules/mqtt/build/bin/pub.js'
removed directory '/usr/lib/node_modules/node-red/node_modules/mqtt/build/bin'
removed '/usr/lib/node_modules/node-red/node_modules/mqtt/build/lib/KeepaliveManager.js'
removed '/usr/lib/node_modules/node-red/node_modules/mqtt/build/lib/BufferedDuplex.js'
removed '/usr/lib/node_modules/node-red/node_modules/mqtt/build/lib/handlers/connack.d.ts'
removed '/usr/lib/node_modules/node-red/node_modules/mqtt/build/lib/handlers/pubrel.d.ts'
removed '/usr/lib/node_modules/node-red/node_modules/mqtt/build/lib/handlers/ack.js'
removed '/usr/lib/node_modules/node-red/node_modules/mqtt/build/lib/handlers/publish.js.map'
removed '/usr/lib/node_modules/node-red/node_modules/mqtt/build/lib/handlers/index.js'
removed '/usr/lib/node_modules/node-red/node_modules/mqtt/build/lib/handlers/connack.js'
removed '/usr/lib/node_modules/node-red/node_modules/mqtt/build/lib/handlers/auth.js'
removed '/usr/lib/node_modules/node-red/node_modules/mqtt/build/lib/handlers/ack.js.map'
removed '/usr/lib/node_modules/node-red/node_modules/mqtt/build/lib/handlers/index.js.map'
removed '/usr/lib/node_modules/node-red/node_modules/mqtt/build/lib/handlers/auth.js.map'
removed '/usr/lib/node_modules/node-red/node_modules/mqtt/build/lib/handlers/publish.d.ts'
removed '/usr/lib/node_modules/node-red/node_modules/mqtt/build/lib/handlers/connack.js.map'
removed '/usr/lib/node_modules/node-red/node_modules/mqtt/build/lib/handlers/pubrel.js'
removed '/usr/lib/node_modules/node-red/node_modules/mqtt/build/lib/handlers/publish.js'
removed '/usr/lib/node_modules/node-red/node_modules/mqtt/build/lib/handlers/auth.d.ts'
removed '/usr/lib/node_modules/node-red/node_modules/mqtt/build/lib/handlers/index.d.ts'
removed '/usr/lib/node_modules/node-red/node_modules/mqtt/build/lib/handlers/ack.d.ts'
removed '/usr/lib/node_modules/node-red/node_modules/mqtt/build/lib/handlers/pubrel.js.map'
removed directory '/usr/lib/node_modules/node-red/node_modules/mqtt/build/lib/handlers'
removed '/usr/lib/node_modules/node-red/node_modules/mqtt/build/lib/KeepaliveManager.d.ts'
removed '/usr/lib/node_modules/node-red/node_modules/mqtt/build/lib/default-message-id-provider.d.ts'
removed '/usr/lib/node_modules/node-red/node_modules/mqtt/build/lib/is-browser.js'
removed '/usr/lib/node_modules/node-red/node_modules/mqtt/build/lib/get-timer.d.ts'
removed '/usr/lib/node_modules/node-red/node_modules/mqtt/build/lib/topic-alias-send.js.map'
removed '/usr/lib/node_modules/node-red/node_modules/mqtt/build/lib/TypedEmitter.js'
removed '/usr/lib/node_modules/node-red/node_modules/mqtt/build/lib/store.js'
removed '/usr/lib/node_modules/node-red/node_modules/mqtt/build/lib/client.js.map'
removed '/usr/lib/node_modules/node-red/node_modules/mqtt/build/lib/topic-alias-recv.js'
removed '/usr/lib/node_modules/node-red/node_modules/mqtt/build/lib/topic-alias-send.d.ts'
removed '/usr/lib/node_modules/node-red/node_modules/mqtt/build/lib/TypedEmitter.d.ts'
removed '/usr/lib/node_modules/node-red/node_modules/mqtt/build/lib/shared.js'
removed '/usr/lib/node_modules/node-red/node_modules/mqtt/build/lib/BufferedDuplex.d.ts'
removed '/usr/lib/node_modules/node-red/node_modules/mqtt/build/lib/connect/tcp.js'
removed '/usr/lib/node_modules/node-red/node_modules/mqtt/build/lib/connect/socks.js'
removed '/usr/lib/node_modules/node-red/node_modules/mqtt/build/lib/connect/index.js'
removed '/usr/lib/node_modules/node-red/node_modules/mqtt/build/lib/connect/ws.d.ts'
removed '/usr/lib/node_modules/node-red/node_modules/mqtt/build/lib/connect/wx.d.ts'
removed '/usr/lib/node_modules/node-red/node_modules/mqtt/build/lib/connect/ali.d.ts'
removed '/usr/lib/node_modules/node-red/node_modules/mqtt/build/lib/connect/socks.d.ts'
removed '/usr/lib/node_modules/node-red/node_modules/mqtt/build/lib/connect/index.js.map'
removed '/usr/lib/node_modules/node-red/node_modules/mqtt/build/lib/connect/wx.js'
removed '/usr/lib/node_modules/node-red/node_modules/mqtt/build/lib/connect/ws.js'
removed '/usr/lib/node_modules/node-red/node_modules/mqtt/build/lib/connect/tls.d.ts'
removed '/usr/lib/node_modules/node-red/node_modules/mqtt/build/lib/connect/tls.js.map'
removed '/usr/lib/node_modules/node-red/node_modules/mqtt/build/lib/connect/tcp.d.ts'
removed '/usr/lib/node_modules/node-red/node_modules/mqtt/build/lib/connect/tcp.js.map'
removed '/usr/lib/node_modules/node-red/node_modules/mqtt/build/lib/connect/wx.js.map'
removed '/usr/lib/node_modules/node-red/node_modules/mqtt/build/lib/connect/ws.js.map'
removed '/usr/lib/node_modules/node-red/node_modules/mqtt/build/lib/connect/ali.js'
removed '/usr/lib/node_modules/node-red/node_modules/mqtt/build/lib/connect/socks.js.map'
removed '/usr/lib/node_modules/node-red/node_modules/mqtt/build/lib/connect/tls.js'
removed '/usr/lib/node_modules/node-red/node_modules/mqtt/build/lib/connect/index.d.ts'
removed '/usr/lib/node_modules/node-red/node_modules/mqtt/build/lib/connect/ali.js.map'
removed directory '/usr/lib/node_modules/node-red/node_modules/mqtt/build/lib/connect'
removed '/usr/lib/node_modules/node-red/node_modules/mqtt/build/lib/is-browser.d.ts'
removed '/usr/lib/node_modules/node-red/node_modules/mqtt/build/lib/validations.js.map'
removed '/usr/lib/node_modules/node-red/node_modules/mqtt/build/lib/validations.js'
removed '/usr/lib/node_modules/node-red/node_modules/mqtt/build/lib/unique-message-id-provider.d.ts'
removed '/usr/lib/node_modules/node-red/node_modules/mqtt/build/lib/store.d.ts'
removed '/usr/lib/node_modules/node-red/node_modules/mqtt/build/lib/client.js'
removed '/usr/lib/node_modules/node-red/node_modules/mqtt/build/lib/unique-message-id-provider.js'
removed '/usr/lib/node_modules/node-red/node_modules/mqtt/build/lib/shared.js.map'
removed '/usr/lib/node_modules/node-red/node_modules/mqtt/build/lib/KeepaliveManager.js.map'
removed '/usr/lib/node_modules/node-red/node_modules/mqtt/build/lib/TypedEmitter.js.map'
removed '/usr/lib/node_modules/node-red/node_modules/mqtt/build/lib/get-timer.js.map'
removed '/usr/lib/node_modules/node-red/node_modules/mqtt/build/lib/is-browser.js.map'
removed '/usr/lib/node_modules/node-red/node_modules/mqtt/build/lib/store.js.map'
removed '/usr/lib/node_modules/node-red/node_modules/mqtt/build/lib/BufferedDuplex.js.map'
removed '/usr/lib/node_modules/node-red/node_modules/mqtt/build/lib/client.d.ts'
removed '/usr/lib/node_modules/node-red/node_modules/mqtt/build/lib/get-timer.js'
removed '/usr/lib/node_modules/node-red/node_modules/mqtt/build/lib/validations.d.ts'
removed '/usr/lib/node_modules/node-red/node_modules/mqtt/build/lib/topic-alias-send.js'
removed '/usr/lib/node_modules/node-red/node_modules/mqtt/build/lib/topic-alias-recv.d.ts'
removed '/usr/lib/node_modules/node-red/node_modules/mqtt/build/lib/shared.d.ts'
removed '/usr/lib/node_modules/node-red/node_modules/mqtt/build/lib/default-message-id-provider.js.map'
removed '/usr/lib/node_modules/node-red/node_modules/mqtt/build/lib/default-message-id-provider.js'
removed '/usr/lib/node_modules/node-red/node_modules/mqtt/build/lib/unique-message-id-provider.js.map'
removed '/usr/lib/node_modules/node-red/node_modules/mqtt/build/lib/topic-alias-recv.js.map'
removed directory '/usr/lib/node_modules/node-red/node_modules/mqtt/build/lib'
removed '/usr/lib/node_modules/node-red/node_modules/mqtt/build/mqtt.js.map'
removed '/usr/lib/node_modules/node-red/node_modules/mqtt/build/index.d.ts'
removed directory '/usr/lib/node_modules/node-red/node_modules/mqtt/build'
removed '/usr/lib/node_modules/node-red/node_modules/mqtt/README.md'
removed '/usr/lib/node_modules/node-red/node_modules/mqtt/LICENSE.md'
removed '/usr/lib/node_modules/node-red/node_modules/mqtt/node_modules/debug/package.json'
removed '/usr/lib/node_modules/node-red/node_modules/mqtt/node_modules/debug/README.md'
removed '/usr/lib/node_modules/node-red/node_modules/mqtt/node_modules/debug/src/common.js'
removed '/usr/lib/node_modules/node-red/node_modules/mqtt/node_modules/debug/src/index.js'
removed '/usr/lib/node_modules/node-red/node_modules/mqtt/node_modules/debug/src/browser.js'
removed '/usr/lib/node_modules/node-red/node_modules/mqtt/node_modules/debug/src/node.js'
removed directory '/usr/lib/node_modules/node-red/node_modules/mqtt/node_modules/debug/src'
removed '/usr/lib/node_modules/node-red/node_modules/mqtt/node_modules/debug/LICENSE'
removed directory '/usr/lib/node_modules/node-red/node_modules/mqtt/node_modules/debug'
removed '/usr/lib/node_modules/node-red/node_modules/mqtt/node_modules/lru-cache/package.json'
removed '/usr/lib/node_modules/node-red/node_modules/mqtt/node_modules/lru-cache/dist/commonjs/package.json'
removed '/usr/lib/node_modules/node-red/node_modules/mqtt/node_modules/lru-cache/dist/commonjs/index.min.js'
removed '/usr/lib/node_modules/node-red/node_modules/mqtt/node_modules/lru-cache/dist/commonjs/index.js'
removed '/usr/lib/node_modules/node-red/node_modules/mqtt/node_modules/lru-cache/dist/commonjs/index.js.map'
removed '/usr/lib/node_modules/node-red/node_modules/mqtt/node_modules/lru-cache/dist/commonjs/index.min.js.map'
removed '/usr/lib/node_modules/node-red/node_modules/mqtt/node_modules/lru-cache/dist/commonjs/index.d.ts'
removed '/usr/lib/node_modules/node-red/node_modules/mqtt/node_modules/lru-cache/dist/commonjs/index.d.ts.map'
removed directory '/usr/lib/node_modules/node-red/node_modules/mqtt/node_modules/lru-cache/dist/commonjs'
removed '/usr/lib/node_modules/node-red/node_modules/mqtt/node_modules/lru-cache/dist/esm/package.json'
removed '/usr/lib/node_modules/node-red/node_modules/mqtt/node_modules/lru-cache/dist/esm/index.min.js'
removed '/usr/lib/node_modules/node-red/node_modules/mqtt/node_modules/lru-cache/dist/esm/index.js'
removed '/usr/lib/node_modules/node-red/node_modules/mqtt/node_modules/lru-cache/dist/esm/index.js.map'
removed '/usr/lib/node_modules/node-red/node_modules/mqtt/node_modules/lru-cache/dist/esm/index.min.js.map'
removed '/usr/lib/node_modules/node-red/node_modules/mqtt/node_modules/lru-cache/dist/esm/index.d.ts'
removed '/usr/lib/node_modules/node-red/node_modules/mqtt/node_modules/lru-cache/dist/esm/index.d.ts.map'
removed directory '/usr/lib/node_modules/node-red/node_modules/mqtt/node_modules/lru-cache/dist/esm'
removed directory '/usr/lib/node_modules/node-red/node_modules/mqtt/node_modules/lru-cache/dist'
removed '/usr/lib/node_modules/node-red/node_modules/mqtt/node_modules/lru-cache/README.md'
removed '/usr/lib/node_modules/node-red/node_modules/mqtt/node_modules/lru-cache/LICENSE'
removed directory '/usr/lib/node_modules/node-red/node_modules/mqtt/node_modules/lru-cache'
removed '/usr/lib/node_modules/node-red/node_modules/mqtt/node_modules/ms/readme.md'
removed '/usr/lib/node_modules/node-red/node_modules/mqtt/node_modules/ms/package.json'
removed '/usr/lib/node_modules/node-red/node_modules/mqtt/node_modules/ms/index.js'
removed '/usr/lib/node_modules/node-red/node_modules/mqtt/node_modules/ms/license.md'
removed directory '/usr/lib/node_modules/node-red/node_modules/mqtt/node_modules/ms'
removed '/usr/lib/node_modules/node-red/node_modules/mqtt/node_modules/ws/package.json'
removed '/usr/lib/node_modules/node-red/node_modules/mqtt/node_modules/ws/index.js'
removed '/usr/lib/node_modules/node-red/node_modules/mqtt/node_modules/ws/wrapper.mjs'
removed '/usr/lib/node_modules/node-red/node_modules/mqtt/node_modules/ws/README.md'
removed '/usr/lib/node_modules/node-red/node_modules/mqtt/node_modules/ws/lib/buffer-util.js'
removed '/usr/lib/node_modules/node-red/node_modules/mqtt/node_modules/ws/lib/subprotocol.js'
removed '/usr/lib/node_modules/node-red/node_modules/mqtt/node_modules/ws/lib/event-target.js'
removed '/usr/lib/node_modules/node-red/node_modules/mqtt/node_modules/ws/lib/constants.js'
removed '/usr/lib/node_modules/node-red/node_modules/mqtt/node_modules/ws/lib/stream.js'
removed '/usr/lib/node_modules/node-red/node_modules/mqtt/node_modules/ws/lib/sender.js'
removed '/usr/lib/node_modules/node-red/node_modules/mqtt/node_modules/ws/lib/receiver.js'
removed '/usr/lib/node_modules/node-red/node_modules/mqtt/node_modules/ws/lib/websocket.js'
removed '/usr/lib/node_modules/node-red/node_modules/mqtt/node_modules/ws/lib/validation.js'
removed '/usr/lib/node_modules/node-red/node_modules/mqtt/node_modules/ws/lib/websocket-server.js'
removed '/usr/lib/node_modules/node-red/node_modules/mqtt/node_modules/ws/lib/permessage-deflate.js'
removed '/usr/lib/node_modules/node-red/node_modules/mqtt/node_modules/ws/lib/limiter.js'
removed '/usr/lib/node_modules/node-red/node_modules/mqtt/node_modules/ws/lib/extension.js'
removed directory '/usr/lib/node_modules/node-red/node_modules/mqtt/node_modules/ws/lib'
removed '/usr/lib/node_modules/node-red/node_modules/mqtt/node_modules/ws/browser.js'
removed '/usr/lib/node_modules/node-red/node_modules/mqtt/node_modules/ws/LICENSE'
removed directory '/usr/lib/node_modules/node-red/node_modules/mqtt/node_modules/ws'
removed directory '/usr/lib/node_modules/node-red/node_modules/mqtt/node_modules'
removed '/usr/lib/node_modules/node-red/node_modules/mqtt/src/mqtt.ts'
removed '/usr/lib/node_modules/node-red/node_modules/mqtt/src/bin/sub.ts'
removed '/usr/lib/node_modules/node-red/node_modules/mqtt/src/bin/mqtt.ts'
removed '/usr/lib/node_modules/node-red/node_modules/mqtt/src/bin/pub.ts'
removed directory '/usr/lib/node_modules/node-red/node_modules/mqtt/src/bin'
removed '/usr/lib/node_modules/node-red/node_modules/mqtt/src/lib/default-message-id-provider.ts'
removed '/usr/lib/node_modules/node-red/node_modules/mqtt/src/lib/BufferedDuplex.ts'
removed '/usr/lib/node_modules/node-red/node_modules/mqtt/src/lib/handlers/connack.ts'
removed '/usr/lib/node_modules/node-red/node_modules/mqtt/src/lib/handlers/pubrel.ts'
removed '/usr/lib/node_modules/node-red/node_modules/mqtt/src/lib/handlers/ack.ts'
removed '/usr/lib/node_modules/node-red/node_modules/mqtt/src/lib/handlers/publish.ts'
removed '/usr/lib/node_modules/node-red/node_modules/mqtt/src/lib/handlers/index.ts'
removed '/usr/lib/node_modules/node-red/node_modules/mqtt/src/lib/handlers/auth.ts'
removed directory '/usr/lib/node_modules/node-red/node_modules/mqtt/src/lib/handlers'
removed '/usr/lib/node_modules/node-red/node_modules/mqtt/src/lib/connect/tcp.ts'
removed '/usr/lib/node_modules/node-red/node_modules/mqtt/src/lib/connect/tls.ts'
removed '/usr/lib/node_modules/node-red/node_modules/mqtt/src/lib/connect/ws.ts'
removed '/usr/lib/node_modules/node-red/node_modules/mqtt/src/lib/connect/ali.ts'
removed '/usr/lib/node_modules/node-red/node_modules/mqtt/src/lib/connect/wx.ts'
removed '/usr/lib/node_modules/node-red/node_modules/mqtt/src/lib/connect/socks.ts'
removed '/usr/lib/node_modules/node-red/node_modules/mqtt/src/lib/connect/index.ts'
removed directory '/usr/lib/node_modules/node-red/node_modules/mqtt/src/lib/connect'
removed '/usr/lib/node_modules/node-red/node_modules/mqtt/src/lib/store.ts'
removed '/usr/lib/node_modules/node-red/node_modules/mqtt/src/lib/get-timer.ts'
removed '/usr/lib/node_modules/node-red/node_modules/mqtt/src/lib/KeepaliveManager.ts'
removed '/usr/lib/node_modules/node-red/node_modules/mqtt/src/lib/TypedEmitter.ts'
removed '/usr/lib/node_modules/node-red/node_modules/mqtt/src/lib/is-browser.ts'
removed '/usr/lib/node_modules/node-red/node_modules/mqtt/src/lib/shared.ts'
removed '/usr/lib/node_modules/node-red/node_modules/mqtt/src/lib/topic-alias-recv.ts'
removed '/usr/lib/node_modules/node-red/node_modules/mqtt/src/lib/unique-message-id-provider.ts'
removed '/usr/lib/node_modules/node-red/node_modules/mqtt/src/lib/validations.ts'
removed '/usr/lib/node_modules/node-red/node_modules/mqtt/src/lib/client.ts'
removed '/usr/lib/node_modules/node-red/node_modules/mqtt/src/lib/topic-alias-send.ts'
removed directory '/usr/lib/node_modules/node-red/node_modules/mqtt/src/lib'
removed '/usr/lib/node_modules/node-red/node_modules/mqtt/src/index.ts'
removed directory '/usr/lib/node_modules/node-red/node_modules/mqtt/src'
removed directory '/usr/lib/node_modules/node-red/node_modules/mqtt'
removed '/usr/lib/node_modules/node-red/node_modules/oauth2orize/package.json'
removed '/usr/lib/node_modules/node-red/node_modules/oauth2orize/README.md'
removed '/usr/lib/node_modules/node-red/node_modules/oauth2orize/lib/exchange/password.js'
removed '/usr/lib/node_modules/node-red/node_modules/oauth2orize/lib/exchange/refreshToken.js'
removed '/usr/lib/node_modules/node-red/node_modules/oauth2orize/lib/exchange/clientCredentials.js'
removed '/usr/lib/node_modules/node-red/node_modules/oauth2orize/lib/exchange/authorizationCode.js'
removed directory '/usr/lib/node_modules/node-red/node_modules/oauth2orize/lib/exchange'
removed '/usr/lib/node_modules/node-red/node_modules/oauth2orize/lib/response/query.js'
removed '/usr/lib/node_modules/node-red/node_modules/oauth2orize/lib/response/fragment.js'
removed directory '/usr/lib/node_modules/node-red/node_modules/oauth2orize/lib/response'
removed '/usr/lib/node_modules/node-red/node_modules/oauth2orize/lib/middleware/authorization.js'
removed '/usr/lib/node_modules/node-red/node_modules/oauth2orize/lib/middleware/resume.js'
removed '/usr/lib/node_modules/node-red/node_modules/oauth2orize/lib/middleware/token.js'
removed '/usr/lib/node_modules/node-red/node_modules/oauth2orize/lib/middleware/errorHandler.js'
removed '/usr/lib/node_modules/node-red/node_modules/oauth2orize/lib/middleware/decision.js'
removed '/usr/lib/node_modules/node-red/node_modules/oauth2orize/lib/middleware/authorizationErrorHandler.js'
removed '/usr/lib/node_modules/node-red/node_modules/oauth2orize/lib/middleware/transactionLoader.js'
removed directory '/usr/lib/node_modules/node-red/node_modules/oauth2orize/lib/middleware'
removed '/usr/lib/node_modules/node-red/node_modules/oauth2orize/lib/index.js'
removed '/usr/lib/node_modules/node-red/node_modules/oauth2orize/lib/unorderedlist.js'
removed '/usr/lib/node_modules/node-red/node_modules/oauth2orize/lib/errors/oauth2error.js'
removed '/usr/lib/node_modules/node-red/node_modules/oauth2orize/lib/errors/tokenerror.js'
removed '/usr/lib/node_modules/node-red/node_modules/oauth2orize/lib/errors/badrequesterror.js'
removed '/usr/lib/node_modules/node-red/node_modules/oauth2orize/lib/errors/authorizationerror.js'
removed '/usr/lib/node_modules/node-red/node_modules/oauth2orize/lib/errors/forbiddenerror.js'
removed directory '/usr/lib/node_modules/node-red/node_modules/oauth2orize/lib/errors'
removed '/usr/lib/node_modules/node-red/node_modules/oauth2orize/lib/utils.js'
removed '/usr/lib/node_modules/node-red/node_modules/oauth2orize/lib/server.js'
removed '/usr/lib/node_modules/node-red/node_modules/oauth2orize/lib/grant/token.js'
removed '/usr/lib/node_modules/node-red/node_modules/oauth2orize/lib/grant/code.js'
removed directory '/usr/lib/node_modules/node-red/node_modules/oauth2orize/lib/grant'
removed '/usr/lib/node_modules/node-red/node_modules/oauth2orize/lib/txn/session.js'
removed directory '/usr/lib/node_modules/node-red/node_modules/oauth2orize/lib/txn'
removed directory '/usr/lib/node_modules/node-red/node_modules/oauth2orize/lib'
removed '/usr/lib/node_modules/node-red/node_modules/oauth2orize/CHANGELOG.md'
removed '/usr/lib/node_modules/node-red/node_modules/oauth2orize/LICENSE'
removed directory '/usr/lib/node_modules/node-red/node_modules/oauth2orize'
removed '/usr/lib/node_modules/node-red/node_modules/toidentifier/package.json'
removed '/usr/lib/node_modules/node-red/node_modules/toidentifier/HISTORY.md'
removed '/usr/lib/node_modules/node-red/node_modules/toidentifier/index.js'
removed '/usr/lib/node_modules/node-red/node_modules/toidentifier/README.md'
removed '/usr/lib/node_modules/node-red/node_modules/toidentifier/LICENSE'
removed directory '/usr/lib/node_modules/node-red/node_modules/toidentifier'
removed '/usr/lib/node_modules/node-red/node_modules/es-set-tostringtag/tsconfig.json'
removed '/usr/lib/node_modules/node-red/node_modules/es-set-tostringtag/package.json'
removed '/usr/lib/node_modules/node-red/node_modules/es-set-tostringtag/test/index.js'
removed directory '/usr/lib/node_modules/node-red/node_modules/es-set-tostringtag/test'
removed '/usr/lib/node_modules/node-red/node_modules/es-set-tostringtag/index.js'
removed '/usr/lib/node_modules/node-red/node_modules/es-set-tostringtag/README.md'
removed '/usr/lib/node_modules/node-red/node_modules/es-set-tostringtag/.eslintrc'
removed '/usr/lib/node_modules/node-red/node_modules/es-set-tostringtag/CHANGELOG.md'
removed '/usr/lib/node_modules/node-red/node_modules/es-set-tostringtag/index.d.ts'
removed '/usr/lib/node_modules/node-red/node_modules/es-set-tostringtag/LICENSE'
removed '/usr/lib/node_modules/node-red/node_modules/es-set-tostringtag/.nycrc'
removed directory '/usr/lib/node_modules/node-red/node_modules/es-set-tostringtag'
removed '/usr/lib/node_modules/node-red/node_modules/follow-redirects/package.json'
removed '/usr/lib/node_modules/node-red/node_modules/follow-redirects/index.js'
removed '/usr/lib/node_modules/node-red/node_modules/follow-redirects/http.js'
removed '/usr/lib/node_modules/node-red/node_modules/follow-redirects/debug.js'
removed '/usr/lib/node_modules/node-red/node_modules/follow-redirects/README.md'
removed '/usr/lib/node_modules/node-red/node_modules/follow-redirects/https.js'
removed '/usr/lib/node_modules/node-red/node_modules/follow-redirects/LICENSE'
removed directory '/usr/lib/node_modules/node-red/node_modules/follow-redirects'
removed '/usr/lib/node_modules/node-red/node_modules/parse5/package.json'
removed '/usr/lib/node_modules/node-red/node_modules/parse5/README.md'
removed '/usr/lib/node_modules/node-red/node_modules/parse5/lib/utils/merge-options.js'
removed '/usr/lib/node_modules/node-red/node_modules/parse5/lib/utils/mixin.js'
removed directory '/usr/lib/node_modules/node-red/node_modules/parse5/lib/utils'
removed '/usr/lib/node_modules/node-red/node_modules/parse5/lib/index.js'
removed '/usr/lib/node_modules/node-red/node_modules/parse5/lib/parser/index.js'
removed '/usr/lib/node_modules/node-red/node_modules/parse5/lib/parser/open-element-stack.js'
removed '/usr/lib/node_modules/node-red/node_modules/parse5/lib/parser/formatting-element-list.js'
removed directory '/usr/lib/node_modules/node-red/node_modules/parse5/lib/parser'
removed '/usr/lib/node_modules/node-red/node_modules/parse5/lib/serializer/index.js'
removed directory '/usr/lib/node_modules/node-red/node_modules/parse5/lib/serializer'
removed '/usr/lib/node_modules/node-red/node_modules/parse5/lib/extensions/location-info/parser-mixin.js'
removed '/usr/lib/node_modules/node-red/node_modules/parse5/lib/extensions/location-info/tokenizer-mixin.js'
removed '/usr/lib/node_modules/node-red/node_modules/parse5/lib/extensions/location-info/open-element-stack-mixin.js'
removed directory '/usr/lib/node_modules/node-red/node_modules/parse5/lib/extensions/location-info'
removed '/usr/lib/node_modules/node-red/node_modules/parse5/lib/extensions/position-tracking/preprocessor-mixin.js'
removed directory '/usr/lib/node_modules/node-red/node_modules/parse5/lib/extensions/position-tracking'
removed '/usr/lib/node_modules/node-red/node_modules/parse5/lib/extensions/error-reporting/parser-mixin.js'
removed '/usr/lib/node_modules/node-red/node_modules/parse5/lib/extensions/error-reporting/preprocessor-mixin.js'
removed '/usr/lib/node_modules/node-red/node_modules/parse5/lib/extensions/error-reporting/tokenizer-mixin.js'
removed '/usr/lib/node_modules/node-red/node_modules/parse5/lib/extensions/error-reporting/mixin-base.js'
removed directory '/usr/lib/node_modules/node-red/node_modules/parse5/lib/extensions/error-reporting'
removed directory '/usr/lib/node_modules/node-red/node_modules/parse5/lib/extensions'
removed '/usr/lib/node_modules/node-red/node_modules/parse5/lib/tree-adapters/default.js'
removed directory '/usr/lib/node_modules/node-red/node_modules/parse5/lib/tree-adapters'
removed '/usr/lib/node_modules/node-red/node_modules/parse5/lib/common/error-codes.js'
removed '/usr/lib/node_modules/node-red/node_modules/parse5/lib/common/foreign-content.js'
removed '/usr/lib/node_modules/node-red/node_modules/parse5/lib/common/html.js'
removed '/usr/lib/node_modules/node-red/node_modules/parse5/lib/common/unicode.js'
removed '/usr/lib/node_modules/node-red/node_modules/parse5/lib/common/doctype.js'
removed directory '/usr/lib/node_modules/node-red/node_modules/parse5/lib/common'
removed '/usr/lib/node_modules/node-red/node_modules/parse5/lib/tokenizer/index.js'
removed '/usr/lib/node_modules/node-red/node_modules/parse5/lib/tokenizer/preprocessor.js'
removed '/usr/lib/node_modules/node-red/node_modules/parse5/lib/tokenizer/named-entity-data.js'
removed directory '/usr/lib/node_modules/node-red/node_modules/parse5/lib/tokenizer'
removed directory '/usr/lib/node_modules/node-red/node_modules/parse5/lib'
removed '/usr/lib/node_modules/node-red/node_modules/parse5/LICENSE'
removed directory '/usr/lib/node_modules/node-red/node_modules/parse5'
removed '/usr/lib/node_modules/node-red/node_modules/streamsearch/package.json'
removed '/usr/lib/node_modules/node-red/node_modules/streamsearch/test/test.js'
removed directory '/usr/lib/node_modules/node-red/node_modules/streamsearch/test'
removed '/usr/lib/node_modules/node-red/node_modules/streamsearch/.eslintrc.js'
removed '/usr/lib/node_modules/node-red/node_modules/streamsearch/README.md'
removed '/usr/lib/node_modules/node-red/node_modules/streamsearch/.github/workflows/lint.yml'
removed '/usr/lib/node_modules/node-red/node_modules/streamsearch/.github/workflows/ci.yml'
removed directory '/usr/lib/node_modules/node-red/node_modules/streamsearch/.github/workflows'
removed directory '/usr/lib/node_modules/node-red/node_modules/streamsearch/.github'
removed '/usr/lib/node_modules/node-red/node_modules/streamsearch/lib/sbmh.js'
removed directory '/usr/lib/node_modules/node-red/node_modules/streamsearch/lib'
removed '/usr/lib/node_modules/node-red/node_modules/streamsearch/LICENSE'
removed directory '/usr/lib/node_modules/node-red/node_modules/streamsearch'
removed '/usr/lib/node_modules/node-red/node_modules/raw-body/package.json'
removed '/usr/lib/node_modules/node-red/node_modules/raw-body/HISTORY.md'
removed '/usr/lib/node_modules/node-red/node_modules/raw-body/index.js'
removed '/usr/lib/node_modules/node-red/node_modules/raw-body/README.md'
removed '/usr/lib/node_modules/node-red/node_modules/raw-body/SECURITY.md'
removed '/usr/lib/node_modules/node-red/node_modules/raw-body/index.d.ts'
removed '/usr/lib/node_modules/node-red/node_modules/raw-body/LICENSE'
removed directory '/usr/lib/node_modules/node-red/node_modules/raw-body'
removed '/usr/lib/node_modules/node-red/node_modules/utils-merge/package.json'
removed '/usr/lib/node_modules/node-red/node_modules/utils-merge/index.js'
removed '/usr/lib/node_modules/node-red/node_modules/utils-merge/.npmignore'
removed '/usr/lib/node_modules/node-red/node_modules/utils-merge/README.md'
removed '/usr/lib/node_modules/node-red/node_modules/utils-merge/LICENSE'
removed directory '/usr/lib/node_modules/node-red/node_modules/utils-merge'
removed '/usr/lib/node_modules/node-red/node_modules/typedarray/package.json'
removed '/usr/lib/node_modules/node-red/node_modules/typedarray/test/server/undef_globals.js'
removed directory '/usr/lib/node_modules/node-red/node_modules/typedarray/test/server'
removed '/usr/lib/node_modules/node-red/node_modules/typedarray/test/tarray.js'
removed directory '/usr/lib/node_modules/node-red/node_modules/typedarray/test'
removed '/usr/lib/node_modules/node-red/node_modules/typedarray/index.js'
removed '/usr/lib/node_modules/node-red/node_modules/typedarray/example/tarray.js'
removed directory '/usr/lib/node_modules/node-red/node_modules/typedarray/example'
removed '/usr/lib/node_modules/node-red/node_modules/typedarray/readme.markdown'
removed '/usr/lib/node_modules/node-red/node_modules/typedarray/.travis.yml'
removed '/usr/lib/node_modules/node-red/node_modules/typedarray/LICENSE'
removed directory '/usr/lib/node_modules/node-red/node_modules/typedarray'
removed '/usr/lib/node_modules/node-red/node_modules/delayed-stream/package.json'
removed '/usr/lib/node_modules/node-red/node_modules/delayed-stream/License'
removed '/usr/lib/node_modules/node-red/node_modules/delayed-stream/.npmignore'
removed '/usr/lib/node_modules/node-red/node_modules/delayed-stream/lib/delayed_stream.js'
removed directory '/usr/lib/node_modules/node-red/node_modules/delayed-stream/lib'
removed '/usr/lib/node_modules/node-red/node_modules/delayed-stream/Makefile'
removed '/usr/lib/node_modules/node-red/node_modules/delayed-stream/Readme.md'
removed directory '/usr/lib/node_modules/node-red/node_modules/delayed-stream'
removed '/usr/lib/node_modules/node-red/node_modules/jsonfile/package.json'
removed '/usr/lib/node_modules/node-red/node_modules/jsonfile/index.js'
removed '/usr/lib/node_modules/node-red/node_modules/jsonfile/README.md'
removed '/usr/lib/node_modules/node-red/node_modules/jsonfile/utils.js'
removed '/usr/lib/node_modules/node-red/node_modules/jsonfile/LICENSE'
removed directory '/usr/lib/node_modules/node-red/node_modules/jsonfile'
removed '/usr/lib/node_modules/node-red/node_modules/@node-rs/bcrypt-linux-arm-gnueabihf/package.json'
removed '/usr/lib/node_modules/node-red/node_modules/@node-rs/bcrypt-linux-arm-gnueabihf/bcrypt.linux-arm-gnueabihf.node'
removed '/usr/lib/node_modules/node-red/node_modules/@node-rs/bcrypt-linux-arm-gnueabihf/README.md'
removed directory '/usr/lib/node_modules/node-red/node_modules/@node-rs/bcrypt-linux-arm-gnueabihf'
removed '/usr/lib/node_modules/node-red/node_modules/@node-rs/bcrypt/LICENSE.rust-bcrypt'
removed '/usr/lib/node_modules/node-red/node_modules/@node-rs/bcrypt/package.json'
removed '/usr/lib/node_modules/node-red/node_modules/@node-rs/bcrypt/index.js'
removed '/usr/lib/node_modules/node-red/node_modules/@node-rs/bcrypt/binding.d.ts'
removed '/usr/lib/node_modules/node-red/node_modules/@node-rs/bcrypt/README.md'
removed '/usr/lib/node_modules/node-red/node_modules/@node-rs/bcrypt/browser.js'
removed '/usr/lib/node_modules/node-red/node_modules/@node-rs/bcrypt/index.d.ts'
removed '/usr/lib/node_modules/node-red/node_modules/@node-rs/bcrypt/binding.js'
removed '/usr/lib/node_modules/node-red/node_modules/@node-rs/bcrypt/LICENSE'
removed directory '/usr/lib/node_modules/node-red/node_modules/@node-rs/bcrypt'
removed directory '/usr/lib/node_modules/node-red/node_modules/@node-rs'
removed '/usr/lib/node_modules/node-red/node_modules/dunder-proto/tsconfig.json'
removed '/usr/lib/node_modules/node-red/node_modules/dunder-proto/get.d.ts'
removed '/usr/lib/node_modules/node-red/node_modules/dunder-proto/package.json'
removed '/usr/lib/node_modules/node-red/node_modules/dunder-proto/test/index.js'
removed '/usr/lib/node_modules/node-red/node_modules/dunder-proto/test/get.js'
removed '/usr/lib/node_modules/node-red/node_modules/dunder-proto/test/set.js'
removed directory '/usr/lib/node_modules/node-red/node_modules/dunder-proto/test'
removed '/usr/lib/node_modules/node-red/node_modules/dunder-proto/README.md'
removed '/usr/lib/node_modules/node-red/node_modules/dunder-proto/.eslintrc'
removed '/usr/lib/node_modules/node-red/node_modules/dunder-proto/.github/FUNDING.yml'
removed directory '/usr/lib/node_modules/node-red/node_modules/dunder-proto/.github'
removed '/usr/lib/node_modules/node-red/node_modules/dunder-proto/set.d.ts'
removed '/usr/lib/node_modules/node-red/node_modules/dunder-proto/CHANGELOG.md'
removed '/usr/lib/node_modules/node-red/node_modules/dunder-proto/get.js'
removed '/usr/lib/node_modules/node-red/node_modules/dunder-proto/set.js'
removed '/usr/lib/node_modules/node-red/node_modules/dunder-proto/LICENSE'
removed '/usr/lib/node_modules/node-red/node_modules/dunder-proto/.nycrc'
removed directory '/usr/lib/node_modules/node-red/node_modules/dunder-proto'
removed '/usr/lib/node_modules/node-red/node_modules/css-what/readme.md'
removed '/usr/lib/node_modules/node-red/node_modules/css-what/package.json'
removed '/usr/lib/node_modules/node-red/node_modules/css-what/lib/commonjs/parse.d.ts'
removed '/usr/lib/node_modules/node-red/node_modules/css-what/lib/commonjs/index.js'
removed '/usr/lib/node_modules/node-red/node_modules/css-what/lib/commonjs/types.d.ts'
removed '/usr/lib/node_modules/node-red/node_modules/css-what/lib/commonjs/parse.d.ts.map'
removed '/usr/lib/node_modules/node-red/node_modules/css-what/lib/commonjs/parse.js'
removed '/usr/lib/node_modules/node-red/node_modules/css-what/lib/commonjs/stringify.d.ts'
removed '/usr/lib/node_modules/node-red/node_modules/css-what/lib/commonjs/types.js'
removed '/usr/lib/node_modules/node-red/node_modules/css-what/lib/commonjs/stringify.d.ts.map'
removed '/usr/lib/node_modules/node-red/node_modules/css-what/lib/commonjs/stringify.js'
removed '/usr/lib/node_modules/node-red/node_modules/css-what/lib/commonjs/types.d.ts.map'
removed '/usr/lib/node_modules/node-red/node_modules/css-what/lib/commonjs/index.d.ts'
removed '/usr/lib/node_modules/node-red/node_modules/css-what/lib/commonjs/index.d.ts.map'
removed directory '/usr/lib/node_modules/node-red/node_modules/css-what/lib/commonjs'
removed '/usr/lib/node_modules/node-red/node_modules/css-what/lib/es/parse.d.ts'
removed '/usr/lib/node_modules/node-red/node_modules/css-what/lib/es/index.js'
removed '/usr/lib/node_modules/node-red/node_modules/css-what/lib/es/types.d.ts'
removed '/usr/lib/node_modules/node-red/node_modules/css-what/lib/es/parse.d.ts.map'
removed '/usr/lib/node_modules/node-red/node_modules/css-what/lib/es/parse.js'
removed '/usr/lib/node_modules/node-red/node_modules/css-what/lib/es/stringify.d.ts'
removed '/usr/lib/node_modules/node-red/node_modules/css-what/lib/es/types.js'
removed '/usr/lib/node_modules/node-red/node_modules/css-what/lib/es/stringify.d.ts.map'
removed '/usr/lib/node_modules/node-red/node_modules/css-what/lib/es/stringify.js'
removed '/usr/lib/node_modules/node-red/node_modules/css-what/lib/es/types.d.ts.map'
removed '/usr/lib/node_modules/node-red/node_modules/css-what/lib/es/index.d.ts'
removed '/usr/lib/node_modules/node-red/node_modules/css-what/lib/es/index.d.ts.map'
removed directory '/usr/lib/node_modules/node-red/node_modules/css-what/lib/es'
removed directory '/usr/lib/node_modules/node-red/node_modules/css-what/lib'
removed '/usr/lib/node_modules/node-red/node_modules/css-what/LICENSE'
removed directory '/usr/lib/node_modules/node-red/node_modules/css-what'
removed '/usr/lib/node_modules/node-red/node_modules/cors/package.json'
removed '/usr/lib/node_modules/node-red/node_modules/cors/HISTORY.md'
removed '/usr/lib/node_modules/node-red/node_modules/cors/CONTRIBUTING.md'
removed '/usr/lib/node_modules/node-red/node_modules/cors/README.md'
removed '/usr/lib/node_modules/node-red/node_modules/cors/lib/index.js'
removed directory '/usr/lib/node_modules/node-red/node_modules/cors/lib'
removed '/usr/lib/node_modules/node-red/node_modules/cors/LICENSE'
removed directory '/usr/lib/node_modules/node-red/node_modules/cors'
removed '/usr/lib/node_modules/node-red/node_modules/basic-auth/package.json'
removed '/usr/lib/node_modules/node-red/node_modules/basic-auth/HISTORY.md'
removed '/usr/lib/node_modules/node-red/node_modules/basic-auth/index.js'
removed '/usr/lib/node_modules/node-red/node_modules/basic-auth/README.md'
removed '/usr/lib/node_modules/node-red/node_modules/basic-auth/LICENSE'
removed directory '/usr/lib/node_modules/node-red/node_modules/basic-auth'
removed '/usr/lib/node_modules/node-red/node_modules/process-nextick-args/readme.md'
removed '/usr/lib/node_modules/node-red/node_modules/process-nextick-args/package.json'
removed '/usr/lib/node_modules/node-red/node_modules/process-nextick-args/index.js'
removed '/usr/lib/node_modules/node-red/node_modules/process-nextick-args/license.md'
removed directory '/usr/lib/node_modules/node-red/node_modules/process-nextick-args'
removed '/usr/lib/node_modules/node-red/node_modules/inherits/inherits.js'
removed '/usr/lib/node_modules/node-red/node_modules/inherits/package.json'
removed '/usr/lib/node_modules/node-red/node_modules/inherits/inherits_browser.js'
removed '/usr/lib/node_modules/node-red/node_modules/inherits/README.md'
removed '/usr/lib/node_modules/node-red/node_modules/inherits/LICENSE'
removed directory '/usr/lib/node_modules/node-red/node_modules/inherits'
removed '/usr/lib/node_modules/node-red/node_modules/get-proto/tsconfig.json'
removed '/usr/lib/node_modules/node-red/node_modules/get-proto/package.json'
removed '/usr/lib/node_modules/node-red/node_modules/get-proto/test/index.js'
removed directory '/usr/lib/node_modules/node-red/node_modules/get-proto/test'
removed '/usr/lib/node_modules/node-red/node_modules/get-proto/index.js'
removed '/usr/lib/node_modules/node-red/node_modules/get-proto/Reflect.getPrototypeOf.d.ts'
removed '/usr/lib/node_modules/node-red/node_modules/get-proto/Object.getPrototypeOf.d.ts'
removed '/usr/lib/node_modules/node-red/node_modules/get-proto/README.md'
removed '/usr/lib/node_modules/node-red/node_modules/get-proto/Object.getPrototypeOf.js'
removed '/usr/lib/node_modules/node-red/node_modules/get-proto/.eslintrc'
removed '/usr/lib/node_modules/node-red/node_modules/get-proto/.github/FUNDING.yml'
removed directory '/usr/lib/node_modules/node-red/node_modules/get-proto/.github'
removed '/usr/lib/node_modules/node-red/node_modules/get-proto/CHANGELOG.md'
removed '/usr/lib/node_modules/node-red/node_modules/get-proto/Reflect.getPrototypeOf.js'
removed '/usr/lib/node_modules/node-red/node_modules/get-proto/index.d.ts'
removed '/usr/lib/node_modules/node-red/node_modules/get-proto/LICENSE'
removed '/usr/lib/node_modules/node-red/node_modules/get-proto/.nycrc'
removed directory '/usr/lib/node_modules/node-red/node_modules/get-proto'
removed '/usr/lib/node_modules/node-red/node_modules/iconv-lite/package.json'
removed '/usr/lib/node_modules/node-red/node_modules/iconv-lite/Changelog.md'
removed '/usr/lib/node_modules/node-red/node_modules/iconv-lite/README.md'
removed '/usr/lib/node_modules/node-red/node_modules/iconv-lite/.github/dependabot.yml'
removed directory '/usr/lib/node_modules/node-red/node_modules/iconv-lite/.github'
removed '/usr/lib/node_modules/node-red/node_modules/iconv-lite/lib/index.js'
removed '/usr/lib/node_modules/node-red/node_modules/iconv-lite/lib/bom-handling.js'
removed '/usr/lib/node_modules/node-red/node_modules/iconv-lite/lib/streams.js'
removed '/usr/lib/node_modules/node-red/node_modules/iconv-lite/lib/index.d.ts'
removed directory '/usr/lib/node_modules/node-red/node_modules/iconv-lite/lib'
removed '/usr/lib/node_modules/node-red/node_modules/iconv-lite/.idea/inspectionProfiles/Project_Default.xml'
removed directory '/usr/lib/node_modules/node-red/node_modules/iconv-lite/.idea/inspectionProfiles'
removed '/usr/lib/node_modules/node-red/node_modules/iconv-lite/.idea/vcs.xml'
removed '/usr/lib/node_modules/node-red/node_modules/iconv-lite/.idea/iconv-lite.iml'
removed '/usr/lib/node_modules/node-red/node_modules/iconv-lite/.idea/codeStyles/codeStyleConfig.xml'
removed '/usr/lib/node_modules/node-red/node_modules/iconv-lite/.idea/codeStyles/Project.xml'
removed directory '/usr/lib/node_modules/node-red/node_modules/iconv-lite/.idea/codeStyles'
removed '/usr/lib/node_modules/node-red/node_modules/iconv-lite/.idea/modules.xml'
removed directory '/usr/lib/node_modules/node-red/node_modules/iconv-lite/.idea'
removed '/usr/lib/node_modules/node-red/node_modules/iconv-lite/encodings/index.js'
removed '/usr/lib/node_modules/node-red/node_modules/iconv-lite/encodings/sbcs-codec.js'
removed '/usr/lib/node_modules/node-red/node_modules/iconv-lite/encodings/tables/eucjp.json'
removed '/usr/lib/node_modules/node-red/node_modules/iconv-lite/encodings/tables/cp949.json'
removed '/usr/lib/node_modules/node-red/node_modules/iconv-lite/encodings/tables/cp950.json'
removed '/usr/lib/node_modules/node-red/node_modules/iconv-lite/encodings/tables/gbk-added.json'
removed '/usr/lib/node_modules/node-red/node_modules/iconv-lite/encodings/tables/big5-added.json'
removed '/usr/lib/node_modules/node-red/node_modules/iconv-lite/encodings/tables/shiftjis.json'
removed '/usr/lib/node_modules/node-red/node_modules/iconv-lite/encodings/tables/cp936.json'
removed '/usr/lib/node_modules/node-red/node_modules/iconv-lite/encodings/tables/gb18030-ranges.json'
removed directory '/usr/lib/node_modules/node-red/node_modules/iconv-lite/encodings/tables'
removed '/usr/lib/node_modules/node-red/node_modules/iconv-lite/encodings/sbcs-data.js'
removed '/usr/lib/node_modules/node-red/node_modules/iconv-lite/encodings/utf16.js'
removed '/usr/lib/node_modules/node-red/node_modules/iconv-lite/encodings/utf7.js'
removed '/usr/lib/node_modules/node-red/node_modules/iconv-lite/encodings/dbcs-codec.js'
removed '/usr/lib/node_modules/node-red/node_modules/iconv-lite/encodings/dbcs-data.js'
removed '/usr/lib/node_modules/node-red/node_modules/iconv-lite/encodings/utf32.js'
removed '/usr/lib/node_modules/node-red/node_modules/iconv-lite/encodings/internal.js'
removed '/usr/lib/node_modules/node-red/node_modules/iconv-lite/encodings/sbcs-data-generated.js'
removed directory '/usr/lib/node_modules/node-red/node_modules/iconv-lite/encodings'
removed '/usr/lib/node_modules/node-red/node_modules/iconv-lite/LICENSE'
removed directory '/usr/lib/node_modules/node-red/node_modules/iconv-lite'
removed '/usr/lib/node_modules/node-red/node_modules/http-errors/package.json'
removed '/usr/lib/node_modules/node-red/node_modules/http-errors/HISTORY.md'
removed '/usr/lib/node_modules/node-red/node_modules/http-errors/index.js'
removed '/usr/lib/node_modules/node-red/node_modules/http-errors/README.md'
removed '/usr/lib/node_modules/node-red/node_modules/http-errors/LICENSE'
removed directory '/usr/lib/node_modules/node-red/node_modules/http-errors'
removed directory '/usr/lib/node_modules/node-red/node_modules/@napi-rs'
removed '/usr/lib/node_modules/node-red/node_modules/pseudomap/package.json'
removed '/usr/lib/node_modules/node-red/node_modules/pseudomap/test/basic.js'
removed directory '/usr/lib/node_modules/node-red/node_modules/pseudomap/test'
removed '/usr/lib/node_modules/node-red/node_modules/pseudomap/map.js'
removed '/usr/lib/node_modules/node-red/node_modules/pseudomap/README.md'
removed '/usr/lib/node_modules/node-red/node_modules/pseudomap/pseudomap.js'
removed '/usr/lib/node_modules/node-red/node_modules/pseudomap/LICENSE'
removed directory '/usr/lib/node_modules/node-red/node_modules/pseudomap'
removed '/usr/lib/node_modules/node-red/node_modules/cacheable-lookup/package.json'
removed '/usr/lib/node_modules/node-red/node_modules/cacheable-lookup/source/index.js'
removed directory '/usr/lib/node_modules/node-red/node_modules/cacheable-lookup/source'
removed '/usr/lib/node_modules/node-red/node_modules/cacheable-lookup/README.md'
removed '/usr/lib/node_modules/node-red/node_modules/cacheable-lookup/index.d.ts'
removed '/usr/lib/node_modules/node-red/node_modules/cacheable-lookup/LICENSE'
removed directory '/usr/lib/node_modules/node-red/node_modules/cacheable-lookup'
removed '/usr/lib/node_modules/node-red/node_modules/events/package.json'
removed '/usr/lib/node_modules/node-red/node_modules/events/tests/once.js'
removed '/usr/lib/node_modules/node-red/node_modules/events/tests/common.js'
removed '/usr/lib/node_modules/node-red/node_modules/events/tests/listeners.js'
removed '/usr/lib/node_modules/node-red/node_modules/events/tests/events-list.js'
removed '/usr/lib/node_modules/node-red/node_modules/events/tests/modify-in-emit.js'
removed '/usr/lib/node_modules/node-red/node_modules/events/tests/remove-all-listeners.js'
removed '/usr/lib/node_modules/node-red/node_modules/events/tests/symbols.js'
removed '/usr/lib/node_modules/node-red/node_modules/events/tests/check-listener-leaks.js'
removed '/usr/lib/node_modules/node-red/node_modules/events/tests/index.js'
removed '/usr/lib/node_modules/node-red/node_modules/events/tests/prepend.js'
removed '/usr/lib/node_modules/node-red/node_modules/events/tests/listeners-side-effects.js'
removed '/usr/lib/node_modules/node-red/node_modules/events/tests/legacy-compat.js'
removed '/usr/lib/node_modules/node-red/node_modules/events/tests/special-event-names.js'
removed '/usr/lib/node_modules/node-red/node_modules/events/tests/add-listeners.js'
removed '/usr/lib/node_modules/node-red/node_modules/events/tests/num-args.js'
removed '/usr/lib/node_modules/node-red/node_modules/events/tests/set-max-listeners-side-effects.js'
removed '/usr/lib/node_modules/node-red/node_modules/events/tests/remove-listeners.js'
removed '/usr/lib/node_modules/node-red/node_modules/events/tests/listener-count.js'
removed '/usr/lib/node_modules/node-red/node_modules/events/tests/method-names.js'
removed '/usr/lib/node_modules/node-red/node_modules/events/tests/errors.js'
removed '/usr/lib/node_modules/node-red/node_modules/events/tests/events-once.js'
removed '/usr/lib/node_modules/node-red/node_modules/events/tests/subclass.js'
removed '/usr/lib/node_modules/node-red/node_modules/events/tests/max-listeners.js'
removed directory '/usr/lib/node_modules/node-red/node_modules/events/tests'
removed '/usr/lib/node_modules/node-red/node_modules/events/.github/FUNDING.yml'
removed directory '/usr/lib/node_modules/node-red/node_modules/events/.github'
removed '/usr/lib/node_modules/node-red/node_modules/events/History.md'
removed '/usr/lib/node_modules/node-red/node_modules/events/Readme.md'
removed '/usr/lib/node_modules/node-red/node_modules/events/.travis.yml'
removed '/usr/lib/node_modules/node-red/node_modules/events/security.md'
removed '/usr/lib/node_modules/node-red/node_modules/events/events.js'
removed '/usr/lib/node_modules/node-red/node_modules/events/.airtap.yml'
removed '/usr/lib/node_modules/node-red/node_modules/events/LICENSE'
removed directory '/usr/lib/node_modules/node-red/node_modules/events'
removed '/usr/lib/node_modules/node-red/node_modules/@isaacs/fs-minipass/package.json'
removed '/usr/lib/node_modules/node-red/node_modules/@isaacs/fs-minipass/dist/commonjs/package.json'
removed '/usr/lib/node_modules/node-red/node_modules/@isaacs/fs-minipass/dist/commonjs/index.js'
removed '/usr/lib/node_modules/node-red/node_modules/@isaacs/fs-minipass/dist/commonjs/index.js.map'
removed '/usr/lib/node_modules/node-red/node_modules/@isaacs/fs-minipass/dist/commonjs/index.d.ts'
removed '/usr/lib/node_modules/node-red/node_modules/@isaacs/fs-minipass/dist/commonjs/index.d.ts.map'
removed directory '/usr/lib/node_modules/node-red/node_modules/@isaacs/fs-minipass/dist/commonjs'
removed '/usr/lib/node_modules/node-red/node_modules/@isaacs/fs-minipass/dist/esm/package.json'
removed '/usr/lib/node_modules/node-red/node_modules/@isaacs/fs-minipass/dist/esm/index.js'
removed '/usr/lib/node_modules/node-red/node_modules/@isaacs/fs-minipass/dist/esm/index.js.map'
removed '/usr/lib/node_modules/node-red/node_modules/@isaacs/fs-minipass/dist/esm/index.d.ts'
removed '/usr/lib/node_modules/node-red/node_modules/@isaacs/fs-minipass/dist/esm/index.d.ts.map'
removed directory '/usr/lib/node_modules/node-red/node_modules/@isaacs/fs-minipass/dist/esm'
removed directory '/usr/lib/node_modules/node-red/node_modules/@isaacs/fs-minipass/dist'
removed '/usr/lib/node_modules/node-red/node_modules/@isaacs/fs-minipass/README.md'
removed '/usr/lib/node_modules/node-red/node_modules/@isaacs/fs-minipass/LICENSE'
removed directory '/usr/lib/node_modules/node-red/node_modules/@isaacs/fs-minipass'
removed directory '/usr/lib/node_modules/node-red/node_modules/@isaacs'
removed '/usr/lib/node_modules/node-red/node_modules/acorn/package.json'
removed '/usr/lib/node_modules/node-red/node_modules/acorn/dist/acorn.mjs'
removed '/usr/lib/node_modules/node-red/node_modules/acorn/dist/acorn.js'
removed '/usr/lib/node_modules/node-red/node_modules/acorn/dist/bin.js'
removed '/usr/lib/node_modules/node-red/node_modules/acorn/dist/acorn.d.ts'
removed '/usr/lib/node_modules/node-red/node_modules/acorn/dist/acorn.d.mts'
removed directory '/usr/lib/node_modules/node-red/node_modules/acorn/dist'
removed '/usr/lib/node_modules/node-red/node_modules/acorn/README.md'
removed '/usr/lib/node_modules/node-red/node_modules/acorn/bin/acorn'
removed directory '/usr/lib/node_modules/node-red/node_modules/acorn/bin'
removed '/usr/lib/node_modules/node-red/node_modules/acorn/CHANGELOG.md'
removed '/usr/lib/node_modules/node-red/node_modules/acorn/LICENSE'
removed directory '/usr/lib/node_modules/node-red/node_modules/acorn'
removed '/usr/lib/node_modules/node-red/node_modules/bl/package.json'
removed '/usr/lib/node_modules/node-red/node_modules/bl/BufferList.js'
removed '/usr/lib/node_modules/node-red/node_modules/bl/test/convert.js'
removed '/usr/lib/node_modules/node-red/node_modules/bl/test/isBufferList.js'
removed '/usr/lib/node_modules/node-red/node_modules/bl/test/test.js'
removed '/usr/lib/node_modules/node-red/node_modules/bl/test/indexOf.js'
removed directory '/usr/lib/node_modules/node-red/node_modules/bl/test'
removed '/usr/lib/node_modules/node-red/node_modules/bl/bl.js'
removed '/usr/lib/node_modules/node-red/node_modules/bl/README.md'
removed '/usr/lib/node_modules/node-red/node_modules/bl/LICENSE.md'
removed '/usr/lib/node_modules/node-red/node_modules/bl/.github/workflows/test-and-release.yml'
removed directory '/usr/lib/node_modules/node-red/node_modules/bl/.github/workflows'
removed '/usr/lib/node_modules/node-red/node_modules/bl/.github/dependabot.yml'
removed directory '/usr/lib/node_modules/node-red/node_modules/bl/.github'
removed '/usr/lib/node_modules/node-red/node_modules/bl/CHANGELOG.md'
removed '/usr/lib/node_modules/node-red/node_modules/bl/BufferList.d.ts'
removed '/usr/lib/node_modules/node-red/node_modules/bl/index.d.ts'
removed directory '/usr/lib/node_modules/node-red/node_modules/bl'
removed '/usr/lib/node_modules/node-red/node_modules/safer-buffer/dangerous.js'
removed '/usr/lib/node_modules/node-red/node_modules/safer-buffer/package.json'
removed '/usr/lib/node_modules/node-red/node_modules/safer-buffer/Porting-Buffer.md'
removed '/usr/lib/node_modules/node-red/node_modules/safer-buffer/safer.js'
removed '/usr/lib/node_modules/node-red/node_modules/safer-buffer/tests.js'
removed '/usr/lib/node_modules/node-red/node_modules/safer-buffer/Readme.md'
removed '/usr/lib/node_modules/node-red/node_modules/safer-buffer/LICENSE'
removed directory '/usr/lib/node_modules/node-red/node_modules/safer-buffer'
removed '/usr/lib/node_modules/node-red/node_modules/side-channel-weakmap/tsconfig.json'
removed '/usr/lib/node_modules/node-red/node_modules/side-channel-weakmap/package.json'
removed '/usr/lib/node_modules/node-red/node_modules/side-channel-weakmap/test/index.js'
removed directory '/usr/lib/node_modules/node-red/node_modules/side-channel-weakmap/test'
removed '/usr/lib/node_modules/node-red/node_modules/side-channel-weakmap/index.js'
removed '/usr/lib/node_modules/node-red/node_modules/side-channel-weakmap/README.md'
removed '/usr/lib/node_modules/node-red/node_modules/side-channel-weakmap/.eslintrc'
removed '/usr/lib/node_modules/node-red/node_modules/side-channel-weakmap/.github/FUNDING.yml'
removed directory '/usr/lib/node_modules/node-red/node_modules/side-channel-weakmap/.github'
removed '/usr/lib/node_modules/node-red/node_modules/side-channel-weakmap/.editorconfig'
removed '/usr/lib/node_modules/node-red/node_modules/side-channel-weakmap/CHANGELOG.md'
removed '/usr/lib/node_modules/node-red/node_modules/side-channel-weakmap/index.d.ts'
removed '/usr/lib/node_modules/node-red/node_modules/side-channel-weakmap/LICENSE'
removed '/usr/lib/node_modules/node-red/node_modules/side-channel-weakmap/.nycrc'
removed directory '/usr/lib/node_modules/node-red/node_modules/side-channel-weakmap'
removed '/usr/lib/node_modules/node-red/node_modules/entities/readme.md'
removed '/usr/lib/node_modules/node-red/node_modules/entities/package.json'
removed '/usr/lib/node_modules/node-red/node_modules/entities/lib/encode.js'
removed '/usr/lib/node_modules/node-red/node_modules/entities/lib/decode.d.ts.map'
removed '/usr/lib/node_modules/node-red/node_modules/entities/lib/decode.js'
removed '/usr/lib/node_modules/node-red/node_modules/entities/lib/encode.d.ts'
removed '/usr/lib/node_modules/node-red/node_modules/entities/lib/maps/xml.json'
removed '/usr/lib/node_modules/node-red/node_modules/entities/lib/maps/decode.json'
removed '/usr/lib/node_modules/node-red/node_modules/entities/lib/maps/legacy.json'
removed '/usr/lib/node_modules/node-red/node_modules/entities/lib/maps/entities.json'
removed directory '/usr/lib/node_modules/node-red/node_modules/entities/lib/maps'
removed '/usr/lib/node_modules/node-red/node_modules/entities/lib/index.js'
removed '/usr/lib/node_modules/node-red/node_modules/entities/lib/decode_codepoint.js'
removed '/usr/lib/node_modules/node-red/node_modules/entities/lib/encode.d.ts.map'
removed '/usr/lib/node_modules/node-red/node_modules/entities/lib/decode_codepoint.d.ts.map'
removed '/usr/lib/node_modules/node-red/node_modules/entities/lib/decode.d.ts'
removed '/usr/lib/node_modules/node-red/node_modules/entities/lib/decode_codepoint.d.ts'
removed '/usr/lib/node_modules/node-red/node_modules/entities/lib/index.d.ts'
removed '/usr/lib/node_modules/node-red/node_modules/entities/lib/index.d.ts.map'
removed directory '/usr/lib/node_modules/node-red/node_modules/entities/lib'
removed '/usr/lib/node_modules/node-red/node_modules/entities/LICENSE'
removed directory '/usr/lib/node_modules/node-red/node_modules/entities'
removed '/usr/lib/node_modules/node-red/node_modules/sax/package.json'
removed '/usr/lib/node_modules/node-red/node_modules/sax/README.md'
removed '/usr/lib/node_modules/node-red/node_modules/sax/LICENSE.md'
removed '/usr/lib/node_modules/node-red/node_modules/sax/lib/sax.js'
removed directory '/usr/lib/node_modules/node-red/node_modules/sax/lib'
removed directory '/usr/lib/node_modules/node-red/node_modules/sax'
removed '/usr/lib/node_modules/node-red/node_modules/color-convert/package.json'
removed '/usr/lib/node_modules/node-red/node_modules/color-convert/index.js'
removed '/usr/lib/node_modules/node-red/node_modules/color-convert/README.md'
removed '/usr/lib/node_modules/node-red/node_modules/color-convert/route.js'
removed '/usr/lib/node_modules/node-red/node_modules/color-convert/conversions.js'
removed '/usr/lib/node_modules/node-red/node_modules/color-convert/CHANGELOG.md'
removed '/usr/lib/node_modules/node-red/node_modules/color-convert/LICENSE'
removed directory '/usr/lib/node_modules/node-red/node_modules/color-convert'
removed '/usr/lib/node_modules/node-red/node_modules/ip-address/package.json'
removed '/usr/lib/node_modules/node-red/node_modules/ip-address/dist/common.js'
removed '/usr/lib/node_modules/node-red/node_modules/ip-address/dist/ip-address.d.ts'
removed '/usr/lib/node_modules/node-red/node_modules/ip-address/dist/address-error.d.ts'
removed '/usr/lib/node_modules/node-red/node_modules/ip-address/dist/ipv6.js'
removed '/usr/lib/node_modules/node-red/node_modules/ip-address/dist/ipv4.d.ts.map'
removed '/usr/lib/node_modules/node-red/node_modules/ip-address/dist/common.js.map'
removed '/usr/lib/node_modules/node-red/node_modules/ip-address/dist/ip-address.js'
removed '/usr/lib/node_modules/node-red/node_modules/ip-address/dist/address-error.js.map'
removed '/usr/lib/node_modules/node-red/node_modules/ip-address/dist/ipv6.d.ts.map'
removed '/usr/lib/node_modules/node-red/node_modules/ip-address/dist/ipv6.d.ts'
removed '/usr/lib/node_modules/node-red/node_modules/ip-address/dist/ip-address.d.ts.map'
removed '/usr/lib/node_modules/node-red/node_modules/ip-address/dist/ipv4.js'
removed '/usr/lib/node_modules/node-red/node_modules/ip-address/dist/ipv6.js.map'
removed '/usr/lib/node_modules/node-red/node_modules/ip-address/dist/address-error.js'
removed '/usr/lib/node_modules/node-red/node_modules/ip-address/dist/common.d.ts'
removed '/usr/lib/node_modules/node-red/node_modules/ip-address/dist/address-error.d.ts.map'
removed '/usr/lib/node_modules/node-red/node_modules/ip-address/dist/v4/constants.d.ts'
removed '/usr/lib/node_modules/node-red/node_modules/ip-address/dist/v4/constants.js.map'
removed '/usr/lib/node_modules/node-red/node_modules/ip-address/dist/v4/constants.js'
removed '/usr/lib/node_modules/node-red/node_modules/ip-address/dist/v4/constants.d.ts.map'
removed directory '/usr/lib/node_modules/node-red/node_modules/ip-address/dist/v4'
removed '/usr/lib/node_modules/node-red/node_modules/ip-address/dist/v6/constants.d.ts'
removed '/usr/lib/node_modules/node-red/node_modules/ip-address/dist/v6/regular-expressions.js.map'
removed '/usr/lib/node_modules/node-red/node_modules/ip-address/dist/v6/helpers.js'
removed '/usr/lib/node_modules/node-red/node_modules/ip-address/dist/v6/regular-expressions.js'
removed '/usr/lib/node_modules/node-red/node_modules/ip-address/dist/v6/constants.js.map'
removed '/usr/lib/node_modules/node-red/node_modules/ip-address/dist/v6/helpers.d.ts.map'
removed '/usr/lib/node_modules/node-red/node_modules/ip-address/dist/v6/constants.js'
removed '/usr/lib/node_modules/node-red/node_modules/ip-address/dist/v6/regular-expressions.d.ts.map'
removed '/usr/lib/node_modules/node-red/node_modules/ip-address/dist/v6/constants.d.ts.map'
removed '/usr/lib/node_modules/node-red/node_modules/ip-address/dist/v6/helpers.js.map'
removed '/usr/lib/node_modules/node-red/node_modules/ip-address/dist/v6/helpers.d.ts'
removed '/usr/lib/node_modules/node-red/node_modules/ip-address/dist/v6/regular-expressions.d.ts'
removed directory '/usr/lib/node_modules/node-red/node_modules/ip-address/dist/v6'
removed '/usr/lib/node_modules/node-red/node_modules/ip-address/dist/ipv4.d.ts'
removed '/usr/lib/node_modules/node-red/node_modules/ip-address/dist/ipv4.js.map'
removed '/usr/lib/node_modules/node-red/node_modules/ip-address/dist/common.d.ts.map'
removed '/usr/lib/node_modules/node-red/node_modules/ip-address/dist/ip-address.js.map'
removed directory '/usr/lib/node_modules/node-red/node_modules/ip-address/dist'
removed '/usr/lib/node_modules/node-red/node_modules/ip-address/README.md'
removed '/usr/lib/node_modules/node-red/node_modules/ip-address/src/ipv4.ts'
removed '/usr/lib/node_modules/node-red/node_modules/ip-address/src/ipv6.ts'
removed '/usr/lib/node_modules/node-red/node_modules/ip-address/src/common.ts'
removed '/usr/lib/node_modules/node-red/node_modules/ip-address/src/v4/constants.ts'
removed directory '/usr/lib/node_modules/node-red/node_modules/ip-address/src/v4'
removed '/usr/lib/node_modules/node-red/node_modules/ip-address/src/v6/helpers.ts'
removed '/usr/lib/node_modules/node-red/node_modules/ip-address/src/v6/constants.ts'
removed '/usr/lib/node_modules/node-red/node_modules/ip-address/src/v6/regular-expressions.ts'
removed directory '/usr/lib/node_modules/node-red/node_modules/ip-address/src/v6'
removed '/usr/lib/node_modules/node-red/node_modules/ip-address/src/ip-address.ts'
removed '/usr/lib/node_modules/node-red/node_modules/ip-address/src/address-error.ts'
removed directory '/usr/lib/node_modules/node-red/node_modules/ip-address/src'
removed '/usr/lib/node_modules/node-red/node_modules/ip-address/LICENSE'
removed directory '/usr/lib/node_modules/node-red/node_modules/ip-address'
removed '/usr/lib/node_modules/node-red/node_modules/escape-html/package.json'
removed '/usr/lib/node_modules/node-red/node_modules/escape-html/index.js'
removed '/usr/lib/node_modules/node-red/node_modules/escape-html/Readme.md'
removed '/usr/lib/node_modules/node-red/node_modules/escape-html/LICENSE'
removed directory '/usr/lib/node_modules/node-red/node_modules/escape-html'
removed '/usr/lib/node_modules/node-red/node_modules/denque/package.json'
removed '/usr/lib/node_modules/node-red/node_modules/denque/index.js'
removed '/usr/lib/node_modules/node-red/node_modules/denque/README.md'
removed '/usr/lib/node_modules/node-red/node_modules/denque/CHANGELOG.md'
removed '/usr/lib/node_modules/node-red/node_modules/denque/index.d.ts'
removed '/usr/lib/node_modules/node-red/node_modules/denque/LICENSE'
removed directory '/usr/lib/node_modules/node-red/node_modules/denque'
removed '/usr/lib/node_modules/node-red/node_modules/yallist/package.json'
removed '/usr/lib/node_modules/node-red/node_modules/yallist/yallist.js'
removed '/usr/lib/node_modules/node-red/node_modules/yallist/README.md'
removed '/usr/lib/node_modules/node-red/node_modules/yallist/iterator.js'
removed '/usr/lib/node_modules/node-red/node_modules/yallist/LICENSE'
removed directory '/usr/lib/node_modules/node-red/node_modules/yallist'
removed '/usr/lib/node_modules/node-red/node_modules/passport-strategy/package.json'
removed '/usr/lib/node_modules/node-red/node_modules/passport-strategy/README.md'
removed '/usr/lib/node_modules/node-red/node_modules/passport-strategy/lib/strategy.js'
removed '/usr/lib/node_modules/node-red/node_modules/passport-strategy/lib/index.js'
removed directory '/usr/lib/node_modules/node-red/node_modules/passport-strategy/lib'
removed '/usr/lib/node_modules/node-red/node_modules/passport-strategy/.travis.yml'
removed '/usr/lib/node_modules/node-red/node_modules/passport-strategy/.jshintrc'
removed '/usr/lib/node_modules/node-red/node_modules/passport-strategy/LICENSE'
removed directory '/usr/lib/node_modules/node-red/node_modules/passport-strategy'
removed '/usr/lib/node_modules/node-red/node_modules/has-tostringtag/tsconfig.json'
removed '/usr/lib/node_modules/node-red/node_modules/has-tostringtag/shams.js'
removed '/usr/lib/node_modules/node-red/node_modules/has-tostringtag/package.json'
removed '/usr/lib/node_modules/node-red/node_modules/has-tostringtag/test/index.js'
removed '/usr/lib/node_modules/node-red/node_modules/has-tostringtag/test/shams/get-own-property-symbols.js'
removed '/usr/lib/node_modules/node-red/node_modules/has-tostringtag/test/shams/core-js.js'
removed directory '/usr/lib/node_modules/node-red/node_modules/has-tostringtag/test/shams'
removed '/usr/lib/node_modules/node-red/node_modules/has-tostringtag/test/tests.js'
removed directory '/usr/lib/node_modules/node-red/node_modules/has-tostringtag/test'
removed '/usr/lib/node_modules/node-red/node_modules/has-tostringtag/index.js'
removed '/usr/lib/node_modules/node-red/node_modules/has-tostringtag/README.md'
removed '/usr/lib/node_modules/node-red/node_modules/has-tostringtag/.eslintrc'
removed '/usr/lib/node_modules/node-red/node_modules/has-tostringtag/.github/FUNDING.yml'
removed directory '/usr/lib/node_modules/node-red/node_modules/has-tostringtag/.github'
removed '/usr/lib/node_modules/node-red/node_modules/has-tostringtag/CHANGELOG.md'
removed '/usr/lib/node_modules/node-red/node_modules/has-tostringtag/shams.d.ts'
removed '/usr/lib/node_modules/node-red/node_modules/has-tostringtag/index.d.ts'
removed '/usr/lib/node_modules/node-red/node_modules/has-tostringtag/LICENSE'
removed '/usr/lib/node_modules/node-red/node_modules/has-tostringtag/.nycrc'
removed directory '/usr/lib/node_modules/node-red/node_modules/has-tostringtag'
removed '/usr/lib/node_modules/node-red/node_modules/forwarded/package.json'
removed '/usr/lib/node_modules/node-red/node_modules/forwarded/HISTORY.md'
removed '/usr/lib/node_modules/node-red/node_modules/forwarded/index.js'
removed '/usr/lib/node_modules/node-red/node_modules/forwarded/README.md'
removed '/usr/lib/node_modules/node-red/node_modules/forwarded/LICENSE'
removed directory '/usr/lib/node_modules/node-red/node_modules/forwarded'
removed '/usr/lib/node_modules/node-red/node_modules/got/readme.md'
removed '/usr/lib/node_modules/node-red/node_modules/got/package.json'
removed '/usr/lib/node_modules/node-red/node_modules/got/license'
removed '/usr/lib/node_modules/node-red/node_modules/got/dist/source/create.d.ts'
removed '/usr/lib/node_modules/node-red/node_modules/got/dist/source/as-promise/index.js'
removed '/usr/lib/node_modules/node-red/node_modules/got/dist/source/as-promise/types.d.ts'
removed '/usr/lib/node_modules/node-red/node_modules/got/dist/source/as-promise/types.js'
removed '/usr/lib/node_modules/node-red/node_modules/got/dist/source/as-promise/index.d.ts'
removed directory '/usr/lib/node_modules/node-red/node_modules/got/dist/source/as-promise'
removed '/usr/lib/node_modules/node-red/node_modules/got/dist/source/index.js'
removed '/usr/lib/node_modules/node-red/node_modules/got/dist/source/types.d.ts'
removed '/usr/lib/node_modules/node-red/node_modules/got/dist/source/types.js'
removed '/usr/lib/node_modules/node-red/node_modules/got/dist/source/core/timed-out.js'
removed '/usr/lib/node_modules/node-red/node_modules/got/dist/source/core/utils/weakable-map.js'
removed '/usr/lib/node_modules/node-red/node_modules/got/dist/source/core/utils/options-to-url.d.ts'
removed '/usr/lib/node_modules/node-red/node_modules/got/dist/source/core/utils/url-to-options.d.ts'
removed '/usr/lib/node_modules/node-red/node_modules/got/dist/source/core/utils/proxy-events.d.ts'
removed '/usr/lib/node_modules/node-red/node_modules/got/dist/source/core/utils/is-unix-socket-url.d.ts'
removed '/usr/lib/node_modules/node-red/node_modules/got/dist/source/core/utils/is-client-request.d.ts'
removed '/usr/lib/node_modules/node-red/node_modules/got/dist/source/core/utils/get-body-size.js'
removed '/usr/lib/node_modules/node-red/node_modules/got/dist/source/core/utils/is-form-data.js'
removed '/usr/lib/node_modules/node-red/node_modules/got/dist/source/core/utils/proxy-events.js'
removed '/usr/lib/node_modules/node-red/node_modules/got/dist/source/core/utils/weakable-map.d.ts'
removed '/usr/lib/node_modules/node-red/node_modules/got/dist/source/core/utils/options-to-url.js'
removed '/usr/lib/node_modules/node-red/node_modules/got/dist/source/core/utils/unhandle.d.ts'
removed '/usr/lib/node_modules/node-red/node_modules/got/dist/source/core/utils/unhandle.js'
removed '/usr/lib/node_modules/node-red/node_modules/got/dist/source/core/utils/is-unix-socket-url.js'
removed '/usr/lib/node_modules/node-red/node_modules/got/dist/source/core/utils/url-to-options.js'
removed '/usr/lib/node_modules/node-red/node_modules/got/dist/source/core/utils/is-client-request.js'
removed '/usr/lib/node_modules/node-red/node_modules/got/dist/source/core/utils/is-form-data.d.ts'
removed '/usr/lib/node_modules/node-red/node_modules/got/dist/source/core/utils/get-body-size.d.ts'
removed directory '/usr/lib/node_modules/node-red/node_modules/got/dist/source/core/utils'
removed '/usr/lib/node_modules/node-red/node_modules/got/dist/source/core/parse-link-header.js'
removed '/usr/lib/node_modules/node-red/node_modules/got/dist/source/core/timed-out.d.ts'
removed '/usr/lib/node_modules/node-red/node_modules/got/dist/source/core/response.d.ts'
removed '/usr/lib/node_modules/node-red/node_modules/got/dist/source/core/index.js'
removed '/usr/lib/node_modules/node-red/node_modules/got/dist/source/core/options.d.ts'
removed '/usr/lib/node_modules/node-red/node_modules/got/dist/source/core/options.js'
removed '/usr/lib/node_modules/node-red/node_modules/got/dist/source/core/calculate-retry-delay.js'
removed '/usr/lib/node_modules/node-red/node_modules/got/dist/source/core/parse-link-header.d.ts'
removed '/usr/lib/node_modules/node-red/node_modules/got/dist/source/core/errors.d.ts'
removed '/usr/lib/node_modules/node-red/node_modules/got/dist/source/core/response.js'
removed '/usr/lib/node_modules/node-red/node_modules/got/dist/source/core/calculate-retry-delay.d.ts'
removed '/usr/lib/node_modules/node-red/node_modules/got/dist/source/core/errors.js'
removed '/usr/lib/node_modules/node-red/node_modules/got/dist/source/core/index.d.ts'
removed directory '/usr/lib/node_modules/node-red/node_modules/got/dist/source/core'
removed '/usr/lib/node_modules/node-red/node_modules/got/dist/source/create.js'
removed '/usr/lib/node_modules/node-red/node_modules/got/dist/source/index.d.ts'
removed directory '/usr/lib/node_modules/node-red/node_modules/got/dist/source'
removed directory '/usr/lib/node_modules/node-red/node_modules/got/dist'
removed directory '/usr/lib/node_modules/node-red/node_modules/got'
removed '/usr/lib/node_modules/node-red/node_modules/parse5-htmlparser2-tree-adapter/package.json'
removed '/usr/lib/node_modules/node-red/node_modules/parse5-htmlparser2-tree-adapter/README.md'
removed '/usr/lib/node_modules/node-red/node_modules/parse5-htmlparser2-tree-adapter/lib/index.js'
removed directory '/usr/lib/node_modules/node-red/node_modules/parse5-htmlparser2-tree-adapter/lib'
removed '/usr/lib/node_modules/node-red/node_modules/parse5-htmlparser2-tree-adapter/LICENSE'
removed directory '/usr/lib/node_modules/node-red/node_modules/parse5-htmlparser2-tree-adapter'
removed '/usr/lib/node_modules/node-red/node_modules/@node-red/editor-client/package.json'
removed '/usr/lib/node_modules/node-red/node_modules/@node-red/editor-client/index.js'
removed '/usr/lib/node_modules/node-red/node_modules/@node-red/editor-client/templates/index.mst'
removed directory '/usr/lib/node_modules/node-red/node_modules/@node-red/editor-client/templates'
removed '/usr/lib/node_modules/node-red/node_modules/@node-red/editor-client/README.md'
removed '/usr/lib/node_modules/node-red/node_modules/@node-red/editor-client/locales/zh-TW/infotips.json'
removed '/usr/lib/node_modules/node-red/node_modules/@node-red/editor-client/locales/zh-TW/editor.json'
removed '/usr/lib/node_modules/node-red/node_modules/@node-red/editor-client/locales/zh-TW/jsonata.json'
removed directory '/usr/lib/node_modules/node-red/node_modules/@node-red/editor-client/locales/zh-TW'
removed '/usr/lib/node_modules/node-red/node_modules/@node-red/editor-client/locales/fr/infotips.json'
removed '/usr/lib/node_modules/node-red/node_modules/@node-red/editor-client/locales/fr/editor.json'
removed '/usr/lib/node_modules/node-red/node_modules/@node-red/editor-client/locales/fr/jsonata.json'
removed directory '/usr/lib/node_modules/node-red/node_modules/@node-red/editor-client/locales/fr'
removed '/usr/lib/node_modules/node-red/node_modules/@node-red/editor-client/locales/zh-CN/infotips.json'
removed '/usr/lib/node_modules/node-red/node_modules/@node-red/editor-client/locales/zh-CN/editor.json'
removed '/usr/lib/node_modules/node-red/node_modules/@node-red/editor-client/locales/zh-CN/jsonata.json'
removed directory '/usr/lib/node_modules/node-red/node_modules/@node-red/editor-client/locales/zh-CN'
removed '/usr/lib/node_modules/node-red/node_modules/@node-red/editor-client/locales/de/infotips.json'
removed '/usr/lib/node_modules/node-red/node_modules/@node-red/editor-client/locales/de/editor.json'
removed '/usr/lib/node_modules/node-red/node_modules/@node-red/editor-client/locales/de/jsonata.json'
removed directory '/usr/lib/node_modules/node-red/node_modules/@node-red/editor-client/locales/de'
removed '/usr/lib/node_modules/node-red/node_modules/@node-red/editor-client/locales/ko/infotips.json'
removed '/usr/lib/node_modules/node-red/node_modules/@node-red/editor-client/locales/ko/editor.json'
removed '/usr/lib/node_modules/node-red/node_modules/@node-red/editor-client/locales/ko/jsonata.json'
removed directory '/usr/lib/node_modules/node-red/node_modules/@node-red/editor-client/locales/ko'
removed '/usr/lib/node_modules/node-red/node_modules/@node-red/editor-client/locales/ru/infotips.json'
removed '/usr/lib/node_modules/node-red/node_modules/@node-red/editor-client/locales/ru/editor.json'
removed '/usr/lib/node_modules/node-red/node_modules/@node-red/editor-client/locales/ru/jsonata.json'
removed directory '/usr/lib/node_modules/node-red/node_modules/@node-red/editor-client/locales/ru'
removed '/usr/lib/node_modules/node-red/node_modules/@node-red/editor-client/locales/es-ES/infotips.json'
removed '/usr/lib/node_modules/node-red/node_modules/@node-red/editor-client/locales/es-ES/editor.json'
removed '/usr/lib/node_modules/node-red/node_modules/@node-red/editor-client/locales/es-ES/jsonata.json'
removed directory '/usr/lib/node_modules/node-red/node_modules/@node-red/editor-client/locales/es-ES'
removed '/usr/lib/node_modules/node-red/node_modules/@node-red/editor-client/locales/pt-BR/infotips.json'
removed '/usr/lib/node_modules/node-red/node_modules/@node-red/editor-client/locales/pt-BR/editor.json'
removed '/usr/lib/node_modules/node-red/node_modules/@node-red/editor-client/locales/pt-BR/jsonata.json'
removed directory '/usr/lib/node_modules/node-red/node_modules/@node-red/editor-client/locales/pt-BR'
removed '/usr/lib/node_modules/node-red/node_modules/@node-red/editor-client/locales/ja/infotips.json'
removed '/usr/lib/node_modules/node-red/node_modules/@node-red/editor-client/locales/ja/editor.json'
removed '/usr/lib/node_modules/node-red/node_modules/@node-red/editor-client/locales/ja/jsonata.json'
removed directory '/usr/lib/node_modules/node-red/node_modules/@node-red/editor-client/locales/ja'
removed '/usr/lib/node_modules/node-red/node_modules/@node-red/editor-client/locales/en-US/infotips.json'
removed '/usr/lib/node_modules/node-red/node_modules/@node-red/editor-client/locales/en-US/editor.json'
removed '/usr/lib/node_modules/node-red/node_modules/@node-red/editor-client/locales/en-US/jsonata.json'
removed directory '/usr/lib/node_modules/node-red/node_modules/@node-red/editor-client/locales/en-US'
removed directory '/usr/lib/node_modules/node-red/node_modules/@node-red/editor-client/locales'
removed '/usr/lib/node_modules/node-red/node_modules/@node-red/editor-client/LICENSE'
removed '/usr/lib/node_modules/node-red/node_modules/@node-red/editor-client/public/red/red.min.js'
removed '/usr/lib/node_modules/node-red/node_modules/@node-red/editor-client/public/red/red.js'
removed '/usr/lib/node_modules/node-red/node_modules/@node-red/editor-client/public/red/about'
removed '/usr/lib/node_modules/node-red/node_modules/@node-red/editor-client/public/red/main.js'
removed '/usr/lib/node_modules/node-red/node_modules/@node-red/editor-client/public/red/images/grip.svg'
removed '/usr/lib/node_modules/node-red/node_modules/@node-red/editor-client/public/red/images/deploy-full-o.svg'
removed '/usr/lib/node_modules/node-red/node_modules/@node-red/editor-client/public/red/images/stop.svg'
removed '/usr/lib/node_modules/node-red/node_modules/@node-red/editor-client/public/red/images/node-red-icon-black.svg'
removed '/usr/lib/node_modules/node-red/node_modules/@node-red/editor-client/public/red/images/deploy-reload.svg'
removed '/usr/lib/node_modules/node-red/node_modules/@node-red/editor-client/public/red/images/node-red-256.png'
removed '/usr/lib/node_modules/node-red/node_modules/@node-red/editor-client/public/red/images/typedInput/env.svg'
removed '/usr/lib/node_modules/node-red/node_modules/@node-red/editor-client/public/red/images/typedInput/re.svg'
removed '/usr/lib/node_modules/node-red/node_modules/@node-red/editor-client/public/red/images/typedInput/09.svg'
removed '/usr/lib/node_modules/node-red/node_modules/@node-red/editor-client/public/red/images/typedInput/target.svg'
removed '/usr/lib/node_modules/node-red/node_modules/@node-red/editor-client/public/red/images/typedInput/bin.svg'
removed '/usr/lib/node_modules/node-red/node_modules/@node-red/editor-client/public/red/images/typedInput/bool.svg'
removed '/usr/lib/node_modules/node-red/node_modules/@node-red/editor-client/public/red/images/typedInput/json.svg'
removed '/usr/lib/node_modules/node-red/node_modules/@node-red/editor-client/public/red/images/typedInput/az.svg'
removed '/usr/lib/node_modules/node-red/node_modules/@node-red/editor-client/public/red/images/typedInput/expr.svg'
removed directory '/usr/lib/node_modules/node-red/node_modules/@node-red/editor-client/public/red/images/typedInput'
removed '/usr/lib/node_modules/node-red/node_modules/@node-red/editor-client/public/red/images/icons/arrow-in.svg'
removed directory '/usr/lib/node_modules/node-red/node_modules/@node-red/editor-client/public/red/images/icons'
removed '/usr/lib/node_modules/node-red/node_modules/@node-red/editor-client/public/red/images/subflow_tab.svg'
removed '/usr/lib/node_modules/node-red/node_modules/@node-red/editor-client/public/red/images/deploy-flows.svg'
removed '/usr/lib/node_modules/node-red/node_modules/@node-red/editor-client/public/red/images/node-red-icon.svg'
removed '/usr/lib/node_modules/node-red/node_modules/@node-red/editor-client/public/red/images/deploy-nodes-o.svg'
removed '/usr/lib/node_modules/node-red/node_modules/@node-red/editor-client/public/red/images/deploy-flows-o.svg'
removed '/usr/lib/node_modules/node-red/node_modules/@node-red/editor-client/public/red/images/deploy-nodes.svg'
removed '/usr/lib/node_modules/node-red/node_modules/@node-red/editor-client/public/red/images/start.svg'
removed '/usr/lib/node_modules/node-red/node_modules/@node-red/editor-client/public/red/images/grip-horizontal.svg'
removed '/usr/lib/node_modules/node-red/node_modules/@node-red/editor-client/public/red/images/node-red.svg'
removed '/usr/lib/node_modules/node-red/node_modules/@node-red/editor-client/public/red/images/node-red-256.svg'
removed '/usr/lib/node_modules/node-red/node_modules/@node-red/editor-client/public/red/images/deploy-full.svg'
removed '/usr/lib/node_modules/node-red/node_modules/@node-red/editor-client/public/red/images/spin.svg'
removed directory '/usr/lib/node_modules/node-red/node_modules/@node-red/editor-client/public/red/images'
removed '/usr/lib/node_modules/node-red/node_modules/@node-red/editor-client/public/red/tours/3.1/images/global-env-vars.png'
removed '/usr/lib/node_modules/node-red/node_modules/@node-red/editor-client/public/red/tours/3.1/images/context-menu.png'
removed '/usr/lib/node_modules/node-red/node_modules/@node-red/editor-client/public/red/tours/3.1/images/mermaid.png'
removed '/usr/lib/node_modules/node-red/node_modules/@node-red/editor-client/public/red/tours/3.1/images/tab-changes.png'
removed '/usr/lib/node_modules/node-red/node_modules/@node-red/editor-client/public/red/tours/3.1/images/hiding-flows.png'
removed '/usr/lib/node_modules/node-red/node_modules/@node-red/editor-client/public/red/tours/3.1/images/locking-flows.png'
removed '/usr/lib/node_modules/node-red/node_modules/@node-red/editor-client/public/red/tours/3.1/images/node-help.png'
removed directory '/usr/lib/node_modules/node-red/node_modules/@node-red/editor-client/public/red/tours/3.1/images'
removed '/usr/lib/node_modules/node-red/node_modules/@node-red/editor-client/public/red/tours/3.1/welcome.js'
removed directory '/usr/lib/node_modules/node-red/node_modules/@node-red/editor-client/public/red/tours/3.1'
removed '/usr/lib/node_modules/node-red/node_modules/@node-red/editor-client/public/red/tours/first-flow.js'
removed '/usr/lib/node_modules/node-red/node_modules/@node-red/editor-client/public/red/tours/2.2/images/subflow-labels.png'
removed '/usr/lib/node_modules/node-red/node_modules/@node-red/editor-client/public/red/tours/2.2/images/slice.gif'
removed '/usr/lib/node_modules/node-red/node_modules/@node-red/editor-client/public/red/tours/2.2/images/detach-repair.gif'
removed '/usr/lib/node_modules/node-red/node_modules/@node-red/editor-client/public/red/tours/2.2/images/delete-repair.gif'
removed directory '/usr/lib/node_modules/node-red/node_modules/@node-red/editor-client/public/red/tours/2.2/images'
removed '/usr/lib/node_modules/node-red/node_modules/@node-red/editor-client/public/red/tours/2.2/welcome.js'
removed directory '/usr/lib/node_modules/node-red/node_modules/@node-red/editor-client/public/red/tours/2.2'
removed '/usr/lib/node_modules/node-red/node_modules/@node-red/editor-client/public/red/tours/images/node-docs.png'
removed '/usr/lib/node_modules/node-red/node_modules/@node-red/editor-client/public/red/tours/images/missing-modules.png'
removed '/usr/lib/node_modules/node-red/node_modules/@node-red/editor-client/public/red/tours/images/update-notification.png'
removed directory '/usr/lib/node_modules/node-red/node_modules/@node-red/editor-client/public/red/tours/images'
removed '/usr/lib/node_modules/node-red/node_modules/@node-red/editor-client/public/red/tours/welcome.js'
removed '/usr/lib/node_modules/node-red/node_modules/@node-red/editor-client/public/red/tours/4.0/images/nr4-background-deploy.png'
removed '/usr/lib/node_modules/node-red/node_modules/@node-red/editor-client/public/red/tours/4.0/images/nr4-multiplayer.png'
removed '/usr/lib/node_modules/node-red/node_modules/@node-red/editor-client/public/red/tours/4.0/images/nr4-plugins.png'
removed '/usr/lib/node_modules/node-red/node_modules/@node-red/editor-client/public/red/tours/4.0/images/nr4-diff-update.png'
removed '/usr/lib/node_modules/node-red/node_modules/@node-red/editor-client/public/red/tours/4.0/images/nr4-config-select.png'
removed '/usr/lib/node_modules/node-red/node_modules/@node-red/editor-client/public/red/tours/4.0/images/nr4-auto-complete.png'
removed '/usr/lib/node_modules/node-red/node_modules/@node-red/editor-client/public/red/tours/4.0/images/nr4-timestamp-formatting.png'
removed '/usr/lib/node_modules/node-red/node_modules/@node-red/editor-client/public/red/tours/4.0/images/nr4-sf-config.png'
removed '/usr/lib/node_modules/node-red/node_modules/@node-red/editor-client/public/red/tours/4.0/images/nr4-multiplayer-location.png'
removed directory '/usr/lib/node_modules/node-red/node_modules/@node-red/editor-client/public/red/tours/4.0/images'
removed '/usr/lib/node_modules/node-red/node_modules/@node-red/editor-client/public/red/tours/4.0/welcome.js'
removed directory '/usr/lib/node_modules/node-red/node_modules/@node-red/editor-client/public/red/tours/4.0'
removed '/usr/lib/node_modules/node-red/node_modules/@node-red/editor-client/public/red/tours/2.1/welcome.js'
removed directory '/usr/lib/node_modules/node-red/node_modules/@node-red/editor-client/public/red/tours/2.1'
removed '/usr/lib/node_modules/node-red/node_modules/@node-red/editor-client/public/red/tours/3.0/images/continuous-search.png'
removed '/usr/lib/node_modules/node-red/node_modules/@node-red/editor-client/public/red/tours/3.0/images/debug-path-tooltip.png'
removed '/usr/lib/node_modules/node-red/node_modules/@node-red/editor-client/public/red/tours/3.0/images/context-menu.png'
removed '/usr/lib/node_modules/node-red/node_modules/@node-red/editor-client/public/red/tours/3.0/images/junction-quick-add.png'
removed '/usr/lib/node_modules/node-red/node_modules/@node-red/editor-client/public/red/tours/3.0/images/split-wire-with-links.gif'
removed '/usr/lib/node_modules/node-red/node_modules/@node-red/editor-client/public/red/tours/3.0/images/junction-slice.gif'
removed directory '/usr/lib/node_modules/node-red/node_modules/@node-red/editor-client/public/red/tours/3.0/images'
removed '/usr/lib/node_modules/node-red/node_modules/@node-red/editor-client/public/red/tours/3.0/welcome.js'
removed directory '/usr/lib/node_modules/node-red/node_modules/@node-red/editor-client/public/red/tours/3.0'
removed directory '/usr/lib/node_modules/node-red/node_modules/@node-red/editor-client/public/red/tours'
removed '/usr/lib/node_modules/node-red/node_modules/@node-red/editor-client/public/red/keymap.json'
removed '/usr/lib/node_modules/node-red/node_modules/@node-red/editor-client/public/red/style.min.css'
removed '/usr/lib/node_modules/node-red/node_modules/@node-red/editor-client/public/red/main.min.js'
removed directory '/usr/lib/node_modules/node-red/node_modules/@node-red/editor-client/public/red'
removed '/usr/lib/node_modules/node-red/node_modules/@node-red/editor-client/public/vendor/monaco/style.css'
removed '/usr/lib/node_modules/node-red/node_modules/@node-red/editor-client/public/vendor/monaco/monaco-bootstrap.js'
removed '/usr/lib/node_modules/node-red/node_modules/@node-red/editor-client/public/vendor/monaco/dist/locale/cs.js'
removed '/usr/lib/node_modules/node-red/node_modules/@node-red/editor-client/public/vendor/monaco/dist/locale/it.js'
removed '/usr/lib/node_modules/node-red/node_modules/@node-red/editor-client/public/vendor/monaco/dist/locale/tr.js'
removed '/usr/lib/node_modules/node-red/node_modules/@node-red/editor-client/public/vendor/monaco/dist/locale/pt-br.js'
removed '/usr/lib/node_modules/node-red/node_modules/@node-red/editor-client/public/vendor/monaco/dist/locale/qps-ploc.js'
removed '/usr/lib/node_modules/node-red/node_modules/@node-red/editor-client/public/vendor/monaco/dist/locale/de.js'
removed '/usr/lib/node_modules/node-red/node_modules/@node-red/editor-client/public/vendor/monaco/dist/locale/ja.js'
removed '/usr/lib/node_modules/node-red/node_modules/@node-red/editor-client/public/vendor/monaco/dist/locale/pl.js'
removed '/usr/lib/node_modules/node-red/node_modules/@node-red/editor-client/public/vendor/monaco/dist/locale/fr.js'
removed '/usr/lib/node_modules/node-red/node_modules/@node-red/editor-client/public/vendor/monaco/dist/locale/zh-hans.js'
removed '/usr/lib/node_modules/node-red/node_modules/@node-red/editor-client/public/vendor/monaco/dist/locale/es.js'
removed '/usr/lib/node_modules/node-red/node_modules/@node-red/editor-client/public/vendor/monaco/dist/locale/zh-hant.js'
removed '/usr/lib/node_modules/node-red/node_modules/@node-red/editor-client/public/vendor/monaco/dist/locale/ko.js'
removed '/usr/lib/node_modules/node-red/node_modules/@node-red/editor-client/public/vendor/monaco/dist/locale/ru.js'
removed directory '/usr/lib/node_modules/node-red/node_modules/@node-red/editor-client/public/vendor/monaco/dist/locale'
removed '/usr/lib/node_modules/node-red/node_modules/@node-red/editor-client/public/vendor/monaco/dist/json.worker.js'
removed '/usr/lib/node_modules/node-red/node_modules/@node-red/editor-client/public/vendor/monaco/dist/css.worker.js'
removed '/usr/lib/node_modules/node-red/node_modules/@node-red/editor-client/public/vendor/monaco/dist/json.worker.js.LICENSE.txt'
removed '/usr/lib/node_modules/node-red/node_modules/@node-red/editor-client/public/vendor/monaco/dist/editor.js.LICENSE.txt'
removed '/usr/lib/node_modules/node-red/node_modules/@node-red/editor-client/public/vendor/monaco/dist/ThirdPartyNotices.txt'
removed '/usr/lib/node_modules/node-red/node_modules/@node-red/editor-client/public/vendor/monaco/dist/ts.worker.js.LICENSE.txt'
removed '/usr/lib/node_modules/node-red/node_modules/@node-red/editor-client/public/vendor/monaco/dist/f6283f7ccaed1249d9eb.ttf'
removed '/usr/lib/node_modules/node-red/node_modules/@node-red/editor-client/public/vendor/monaco/dist/html.worker.js.LICENSE.txt'
removed '/usr/lib/node_modules/node-red/node_modules/@node-red/editor-client/public/vendor/monaco/dist/css.worker.js.LICENSE.txt'
removed '/usr/lib/node_modules/node-red/node_modules/@node-red/editor-client/public/vendor/monaco/dist/editor.js'
removed '/usr/lib/node_modules/node-red/node_modules/@node-red/editor-client/public/vendor/monaco/dist/html.worker.js'
removed '/usr/lib/node_modules/node-red/node_modules/@node-red/editor-client/public/vendor/monaco/dist/editor.worker.js'
removed '/usr/lib/node_modules/node-red/node_modules/@node-red/editor-client/public/vendor/monaco/dist/theme/vibrant-ink.json'
removed '/usr/lib/node_modules/node-red/node_modules/@node-red/editor-client/public/vendor/monaco/dist/theme/active4d.json'
removed '/usr/lib/node_modules/node-red/node_modules/@node-red/editor-client/public/vendor/monaco/dist/theme/dominion-day.json'
removed '/usr/lib/node_modules/node-red/node_modules/@node-red/editor-client/public/vendor/monaco/dist/theme/eiffel.json'
removed '/usr/lib/node_modules/node-red/node_modules/@node-red/editor-client/public/vendor/monaco/dist/theme/github-dark.json'
removed '/usr/lib/node_modules/node-red/node_modules/@node-red/editor-client/public/vendor/monaco/dist/theme/idle.json'
removed '/usr/lib/node_modules/node-red/node_modules/@node-red/editor-client/public/vendor/monaco/dist/theme/krtheme.json'
removed '/usr/lib/node_modules/node-red/node_modules/@node-red/editor-client/public/vendor/monaco/dist/theme/espresso-libre.json'
removed '/usr/lib/node_modules/node-red/node_modules/@node-red/editor-client/public/vendor/monaco/dist/theme/slush-and-poppies.json'
removed '/usr/lib/node_modules/node-red/node_modules/@node-red/editor-client/public/vendor/monaco/dist/theme/monoindustrial.json'
removed '/usr/lib/node_modules/node-red/node_modules/@node-red/editor-client/public/vendor/monaco/dist/theme/brilliance-black.json'
removed '/usr/lib/node_modules/node-red/node_modules/@node-red/editor-client/public/vendor/monaco/dist/theme/lazy.json'
removed '/usr/lib/node_modules/node-red/node_modules/@node-red/editor-client/public/vendor/monaco/dist/theme/github-light.json'
removed '/usr/lib/node_modules/node-red/node_modules/@node-red/editor-client/public/vendor/monaco/dist/theme/clouds-midnight.json'
removed '/usr/lib/node_modules/node-red/node_modules/@node-red/editor-client/public/vendor/monaco/dist/theme/cobalt.json'
removed '/usr/lib/node_modules/node-red/node_modules/@node-red/editor-client/public/vendor/monaco/dist/theme/idlefingers.json'
removed '/usr/lib/node_modules/node-red/node_modules/@node-red/editor-client/public/vendor/monaco/dist/theme/birds-of-paradise.json'
removed '/usr/lib/node_modules/node-red/node_modules/@node-red/editor-client/public/vendor/monaco/dist/theme/solarized-light.json'
removed '/usr/lib/node_modules/node-red/node_modules/@node-red/editor-client/public/vendor/monaco/dist/theme/github.json'
removed '/usr/lib/node_modules/node-red/node_modules/@node-red/editor-client/public/vendor/monaco/dist/theme/iplastic.json'
removed '/usr/lib/node_modules/node-red/node_modules/@node-red/editor-client/public/vendor/monaco/dist/theme/tomorrow-night-eighties.json'
removed '/usr/lib/node_modules/node-red/node_modules/@node-red/editor-client/public/vendor/monaco/dist/theme/twilight.json'
removed '/usr/lib/node_modules/node-red/node_modules/@node-red/editor-client/public/vendor/monaco/dist/theme/ace.json'
removed '/usr/lib/node_modules/node-red/node_modules/@node-red/editor-client/public/vendor/monaco/dist/theme/tomorrow.json'
removed '/usr/lib/node_modules/node-red/node_modules/@node-red/editor-client/public/vendor/monaco/dist/theme/kuroir-theme.json'
removed '/usr/lib/node_modules/node-red/node_modules/@node-red/editor-client/public/vendor/monaco/dist/theme/spacecadet.json'
removed '/usr/lib/node_modules/node-red/node_modules/@node-red/editor-client/public/vendor/monaco/dist/theme/forge-dark.json'
removed '/usr/lib/node_modules/node-red/node_modules/@node-red/editor-client/public/vendor/monaco/dist/theme/amy.json'
removed '/usr/lib/node_modules/node-red/node_modules/@node-red/editor-client/public/vendor/monaco/dist/theme/clouds.json'
removed '/usr/lib/node_modules/node-red/node_modules/@node-red/editor-client/public/vendor/monaco/dist/theme/forge-light.json'
removed '/usr/lib/node_modules/node-red/node_modules/@node-red/editor-client/public/vendor/monaco/dist/theme/chrome-devtools.json'
removed '/usr/lib/node_modules/node-red/node_modules/@node-red/editor-client/public/vendor/monaco/dist/theme/all-hallows-eve.json'
removed '/usr/lib/node_modules/node-red/node_modules/@node-red/editor-client/public/vendor/monaco/dist/theme/blackboard.json'
removed '/usr/lib/node_modules/node-red/node_modules/@node-red/editor-client/public/vendor/monaco/dist/theme/tomorrow-night.json'
removed '/usr/lib/node_modules/node-red/node_modules/@node-red/editor-client/public/vendor/monaco/dist/theme/upstream-sunburst.json'
removed '/usr/lib/node_modules/node-red/node_modules/@node-red/editor-client/public/vendor/monaco/dist/theme/monokai.json'
removed '/usr/lib/node_modules/node-red/node_modules/@node-red/editor-client/public/vendor/monaco/dist/theme/dreamweaver.json'
removed '/usr/lib/node_modules/node-red/node_modules/@node-red/editor-client/public/vendor/monaco/dist/theme/textmate-mac-classic.json'
removed '/usr/lib/node_modules/node-red/node_modules/@node-red/editor-client/public/vendor/monaco/dist/theme/sunburst.json'
removed '/usr/lib/node_modules/node-red/node_modules/@node-red/editor-client/public/vendor/monaco/dist/theme/brilliance-dull.json'
removed '/usr/lib/node_modules/node-red/node_modules/@node-red/editor-client/public/vendor/monaco/dist/theme/tomorrow-night-bright.json'
removed '/usr/lib/node_modules/node-red/node_modules/@node-red/editor-client/public/vendor/monaco/dist/theme/solarized-dark.json'
removed '/usr/lib/node_modules/node-red/node_modules/@node-red/editor-client/public/vendor/monaco/dist/theme/nord.json'
removed '/usr/lib/node_modules/node-red/node_modules/@node-red/editor-client/public/vendor/monaco/dist/theme/merbivore-soft.json'
removed '/usr/lib/node_modules/node-red/node_modules/@node-red/editor-client/public/vendor/monaco/dist/theme/xcode_default.json'
removed '/usr/lib/node_modules/node-red/node_modules/@node-red/editor-client/public/vendor/monaco/dist/theme/dracula.json'
removed '/usr/lib/node_modules/node-red/node_modules/@node-red/editor-client/public/vendor/monaco/dist/theme/katzenmilch.json'
removed '/usr/lib/node_modules/node-red/node_modules/@node-red/editor-client/public/vendor/monaco/dist/theme/pastels-on-dark.json'
removed '/usr/lib/node_modules/node-red/node_modules/@node-red/editor-client/public/vendor/monaco/dist/theme/zenburnesque.json'
removed '/usr/lib/node_modules/node-red/node_modules/@node-red/editor-client/public/vendor/monaco/dist/theme/dawn.json'
removed '/usr/lib/node_modules/node-red/node_modules/@node-red/editor-client/public/vendor/monaco/dist/theme/tomorrow-night-blue.json'
removed '/usr/lib/node_modules/node-red/node_modules/@node-red/editor-client/public/vendor/monaco/dist/theme/forge.json'
removed '/usr/lib/node_modules/node-red/node_modules/@node-red/editor-client/public/vendor/monaco/dist/theme/cobalt2.json'
removed '/usr/lib/node_modules/node-red/node_modules/@node-red/editor-client/public/vendor/monaco/dist/theme/monokai-bright.json'
removed '/usr/lib/node_modules/node-red/node_modules/@node-red/editor-client/public/vendor/monaco/dist/theme/merbivore.json'
removed '/usr/lib/node_modules/node-red/node_modules/@node-red/editor-client/public/vendor/monaco/dist/theme/oceanic-next.json'
removed '/usr/lib/node_modules/node-red/node_modules/@node-red/editor-client/public/vendor/monaco/dist/theme/night-owl.json'
removed '/usr/lib/node_modules/node-red/node_modules/@node-red/editor-client/public/vendor/monaco/dist/theme/magicwb-amiga.json'
removed '/usr/lib/node_modules/node-red/node_modules/@node-red/editor-client/public/vendor/monaco/dist/theme/LICENSE'
removed directory '/usr/lib/node_modules/node-red/node_modules/@node-red/editor-client/public/vendor/monaco/dist/theme'
removed '/usr/lib/node_modules/node-red/node_modules/@node-red/editor-client/public/vendor/monaco/dist/ts.worker.js'
removed '/usr/lib/node_modules/node-red/node_modules/@node-red/editor-client/public/vendor/monaco/dist/LICENSE'
removed directory '/usr/lib/node_modules/node-red/node_modules/@node-red/editor-client/public/vendor/monaco/dist'
removed directory '/usr/lib/node_modules/node-red/node_modules/@node-red/editor-client/public/vendor/monaco'
removed '/usr/lib/node_modules/node-red/node_modules/@node-red/editor-client/public/vendor/ace/worker-css.js'
removed '/usr/lib/node_modules/node-red/node_modules/@node-red/editor-client/public/vendor/ace/mode-properties.js'
removed '/usr/lib/node_modules/node-red/node_modules/@node-red/editor-client/public/vendor/ace/worker-json.js'
removed '/usr/lib/node_modules/node-red/node_modules/@node-red/editor-client/public/vendor/ace/snippets/xml.js'
removed '/usr/lib/node_modules/node-red/node_modules/@node-red/editor-client/public/vendor/ace/snippets/javascript.js'
removed '/usr/lib/node_modules/node-red/node_modules/@node-red/editor-client/public/vendor/ace/snippets/nrjavascript.js'
removed '/usr/lib/node_modules/node-red/node_modules/@node-red/editor-client/public/vendor/ace/snippets/properties.js'
removed '/usr/lib/node_modules/node-red/node_modules/@node-red/editor-client/public/vendor/ace/snippets/css.js'
removed '/usr/lib/node_modules/node-red/node_modules/@node-red/editor-client/public/vendor/ace/snippets/markdown.js'
removed '/usr/lib/node_modules/node-red/node_modules/@node-red/editor-client/public/vendor/ace/snippets/python.js'
removed '/usr/lib/node_modules/node-red/node_modules/@node-red/editor-client/public/vendor/ace/snippets/text.js'
removed '/usr/lib/node_modules/node-red/node_modules/@node-red/editor-client/public/vendor/ace/snippets/html.js'
removed '/usr/lib/node_modules/node-red/node_modules/@node-red/editor-client/public/vendor/ace/snippets/sql.js'
removed '/usr/lib/node_modules/node-red/node_modules/@node-red/editor-client/public/vendor/ace/snippets/handlebars.js'
removed '/usr/lib/node_modules/node-red/node_modules/@node-red/editor-client/public/vendor/ace/snippets/yaml.js'
removed '/usr/lib/node_modules/node-red/node_modules/@node-red/editor-client/public/vendor/ace/snippets/swift.js'
removed '/usr/lib/node_modules/node-red/node_modules/@node-red/editor-client/public/vendor/ace/snippets/jsonata.js'
removed '/usr/lib/node_modules/node-red/node_modules/@node-red/editor-client/public/vendor/ace/snippets/json.js'
removed directory '/usr/lib/node_modules/node-red/node_modules/@node-red/editor-client/public/vendor/ace/snippets'
removed '/usr/lib/node_modules/node-red/node_modules/@node-red/editor-client/public/vendor/ace/ext-searchbox.js'
removed '/usr/lib/node_modules/node-red/node_modules/@node-red/editor-client/public/vendor/ace/ext-language_tools.js'
removed '/usr/lib/node_modules/node-red/node_modules/@node-red/editor-client/public/vendor/ace/mode-css.js'
removed '/usr/lib/node_modules/node-red/node_modules/@node-red/editor-client/public/vendor/ace/worker-nrjavascript.js'
removed '/usr/lib/node_modules/node-red/node_modules/@node-red/editor-client/public/vendor/ace/worker-jsonata.js'
removed '/usr/lib/node_modules/node-red/node_modules/@node-red/editor-client/public/vendor/ace/mode-handlebars.js'
removed '/usr/lib/node_modules/node-red/node_modules/@node-red/editor-client/public/vendor/ace/mode-swift.js'
removed '/usr/lib/node_modules/node-red/node_modules/@node-red/editor-client/public/vendor/ace/mode-nrjavascript.js'
removed '/usr/lib/node_modules/node-red/node_modules/@node-red/editor-client/public/vendor/ace/mode-markdown.js'
removed '/usr/lib/node_modules/node-red/node_modules/@node-red/editor-client/public/vendor/ace/worker-html.js'
removed '/usr/lib/node_modules/node-red/node_modules/@node-red/editor-client/public/vendor/ace/theme-tomorrow.js'
removed '/usr/lib/node_modules/node-red/node_modules/@node-red/editor-client/public/vendor/ace/theme-chrome.js'
removed '/usr/lib/node_modules/node-red/node_modules/@node-red/editor-client/public/vendor/ace/worker-javascript.js'
removed '/usr/lib/node_modules/node-red/node_modules/@node-red/editor-client/public/vendor/ace/mode-python.js'
removed '/usr/lib/node_modules/node-red/node_modules/@node-red/editor-client/public/vendor/ace/mode-sql.js'
removed '/usr/lib/node_modules/node-red/node_modules/@node-red/editor-client/public/vendor/ace/mode-xml.js'
removed '/usr/lib/node_modules/node-red/node_modules/@node-red/editor-client/public/vendor/ace/mode-text.js'
removed '/usr/lib/node_modules/node-red/node_modules/@node-red/editor-client/public/vendor/ace/mode-html.js'
removed '/usr/lib/node_modules/node-red/node_modules/@node-red/editor-client/public/vendor/ace/mode-json.js'
removed '/usr/lib/node_modules/node-red/node_modules/@node-red/editor-client/public/vendor/ace/worker-xml.js'
removed '/usr/lib/node_modules/node-red/node_modules/@node-red/editor-client/public/vendor/ace/ace.js'
removed '/usr/lib/node_modules/node-red/node_modules/@node-red/editor-client/public/vendor/ace/mode-javascript.js'
removed '/usr/lib/node_modules/node-red/node_modules/@node-red/editor-client/public/vendor/ace/mode-jsonata.js'
removed '/usr/lib/node_modules/node-red/node_modules/@node-red/editor-client/public/vendor/ace/mode-yaml.js'
removed '/usr/lib/node_modules/node-red/node_modules/@node-red/editor-client/public/vendor/ace/LICENSE'
removed directory '/usr/lib/node_modules/node-red/node_modules/@node-red/editor-client/public/vendor/ace'
removed '/usr/lib/node_modules/node-red/node_modules/@node-red/editor-client/public/vendor/vendor.js'
removed '/usr/lib/node_modules/node-red/node_modules/@node-red/editor-client/public/vendor/mermaid/mermaid.min.js'
removed directory '/usr/lib/node_modules/node-red/node_modules/@node-red/editor-client/public/vendor/mermaid'
removed '/usr/lib/node_modules/node-red/node_modules/@node-red/editor-client/public/vendor/font-awesome/fonts/fontawesome-webfont.woff'
removed '/usr/lib/node_modules/node-red/node_modules/@node-red/editor-client/public/vendor/font-awesome/fonts/fontawesome-webfont.woff2'
removed '/usr/lib/node_modules/node-red/node_modules/@node-red/editor-client/public/vendor/font-awesome/fonts/fontawesome-webfont.ttf'
removed '/usr/lib/node_modules/node-red/node_modules/@node-red/editor-client/public/vendor/font-awesome/fonts/FontAwesome.otf'
removed '/usr/lib/node_modules/node-red/node_modules/@node-red/editor-client/public/vendor/font-awesome/fonts/fontawesome-webfont.svg'
removed '/usr/lib/node_modules/node-red/node_modules/@node-red/editor-client/public/vendor/font-awesome/fonts/fontawesome-webfont.eot'
removed directory '/usr/lib/node_modules/node-red/node_modules/@node-red/editor-client/public/vendor/font-awesome/fonts'
removed '/usr/lib/node_modules/node-red/node_modules/@node-red/editor-client/public/vendor/font-awesome/css/font-awesome.min.css'
removed directory '/usr/lib/node_modules/node-red/node_modules/@node-red/editor-client/public/vendor/font-awesome/css'
removed directory '/usr/lib/node_modules/node-red/node_modules/@node-red/editor-client/public/vendor/font-awesome'
removed '/usr/lib/node_modules/node-red/node_modules/@node-red/editor-client/public/vendor/jquery/css/base/images/ui-icons_cc0000_256x240.png'
removed '/usr/lib/node_modules/node-red/node_modules/@node-red/editor-client/public/vendor/jquery/css/base/images/ui-icons_777777_256x240.png'
removed '/usr/lib/node_modules/node-red/node_modules/@node-red/editor-client/public/vendor/jquery/css/base/images/ui-icons_ffffff_256x240.png'
removed '/usr/lib/node_modules/node-red/node_modules/@node-red/editor-client/public/vendor/jquery/css/base/images/ui-icons_444444_256x240.png'
removed '/usr/lib/node_modules/node-red/node_modules/@node-red/editor-client/public/vendor/jquery/css/base/images/ui-icons_555555_256x240.png'
removed '/usr/lib/node_modules/node-red/node_modules/@node-red/editor-client/public/vendor/jquery/css/base/images/ui-icons_777620_256x240.png'
removed directory '/usr/lib/node_modules/node-red/node_modules/@node-red/editor-client/public/vendor/jquery/css/base/images'
removed '/usr/lib/node_modules/node-red/node_modules/@node-red/editor-client/public/vendor/jquery/css/base/jquery-ui.min.css'
removed directory '/usr/lib/node_modules/node-red/node_modules/@node-red/editor-client/public/vendor/jquery/css/base'
removed directory '/usr/lib/node_modules/node-red/node_modules/@node-red/editor-client/public/vendor/jquery/css'
removed directory '/usr/lib/node_modules/node-red/node_modules/@node-red/editor-client/public/vendor/jquery'
removed directory '/usr/lib/node_modules/node-red/node_modules/@node-red/editor-client/public/vendor'
removed '/usr/lib/node_modules/node-red/node_modules/@node-red/editor-client/public/favicon.ico'
removed '/usr/lib/node_modules/node-red/node_modules/@node-red/editor-client/public/types/node-red/util.d.ts'
removed '/usr/lib/node_modules/node-red/node_modules/@node-red/editor-client/public/types/node-red/func.d.ts'
removed directory '/usr/lib/node_modules/node-red/node_modules/@node-red/editor-client/public/types/node-red'
removed '/usr/lib/node_modules/node-red/node_modules/@node-red/editor-client/public/types/node/process.d.ts'
removed '/usr/lib/node_modules/node-red/node_modules/@node-red/editor-client/public/types/node/stream/consumers.d.ts'
removed '/usr/lib/node_modules/node-red/node_modules/@node-red/editor-client/public/types/node/stream/web.d.ts'
removed '/usr/lib/node_modules/node-red/node_modules/@node-red/editor-client/public/types/node/stream/promises.d.ts'
removed directory '/usr/lib/node_modules/node-red/node_modules/@node-red/editor-client/public/types/node/stream'
removed '/usr/lib/node_modules/node-red/node_modules/@node-red/editor-client/public/types/node/stream.d.ts'
removed '/usr/lib/node_modules/node-red/node_modules/@node-red/editor-client/public/types/node/http2.d.ts'
removed '/usr/lib/node_modules/node-red/node_modules/@node-red/editor-client/public/types/node/buffer.d.ts'
removed '/usr/lib/node_modules/node-red/node_modules/@node-red/editor-client/public/types/node/perf_hooks.d.ts'
removed '/usr/lib/node_modules/node-red/node_modules/@node-red/editor-client/public/types/node/fs/promises.d.ts'
removed directory '/usr/lib/node_modules/node-red/node_modules/@node-red/editor-client/public/types/node/fs'
removed '/usr/lib/node_modules/node-red/node_modules/@node-red/editor-client/public/types/node/readline.d.ts'
removed '/usr/lib/node_modules/node-red/node_modules/@node-red/editor-client/public/types/node/crypto.d.ts'
removed '/usr/lib/node_modules/node-red/node_modules/@node-red/editor-client/public/types/node/domain.d.ts'
removed '/usr/lib/node_modules/node-red/node_modules/@node-red/editor-client/public/types/node/dgram.d.ts'
removed '/usr/lib/node_modules/node-red/node_modules/@node-red/editor-client/public/types/node/sea.d.ts'
removed '/usr/lib/node_modules/node-red/node_modules/@node-red/editor-client/public/types/node/module.d.ts'
removed '/usr/lib/node_modules/node-red/node_modules/@node-red/editor-client/public/types/node/wasi.d.ts'
removed '/usr/lib/node_modules/node-red/node_modules/@node-red/editor-client/public/types/node/http.d.ts'
removed '/usr/lib/node_modules/node-red/node_modules/@node-red/editor-client/public/types/node/vm.d.ts'
removed '/usr/lib/node_modules/node-red/node_modules/@node-red/editor-client/public/types/node/timers.d.ts'
removed '/usr/lib/node_modules/node-red/node_modules/@node-red/editor-client/public/types/node/events.d.ts'
removed '/usr/lib/node_modules/node-red/node_modules/@node-red/editor-client/public/types/node/globals.d.ts'
removed '/usr/lib/node_modules/node-red/node_modules/@node-red/editor-client/public/types/node/url.d.ts'
removed '/usr/lib/node_modules/node-red/node_modules/@node-red/editor-client/public/types/node/v8.d.ts'
removed '/usr/lib/node_modules/node-red/node_modules/@node-red/editor-client/public/types/node/cluster.d.ts'
removed '/usr/lib/node_modules/node-red/node_modules/@node-red/editor-client/public/types/node/assert/strict.d.ts'
removed directory '/usr/lib/node_modules/node-red/node_modules/@node-red/editor-client/public/types/node/assert'
removed '/usr/lib/node_modules/node-red/node_modules/@node-red/editor-client/public/types/node/tty.d.ts'
removed '/usr/lib/node_modules/node-red/node_modules/@node-red/editor-client/public/types/node/async_hooks.d.ts'
removed '/usr/lib/node_modules/node-red/node_modules/@node-red/editor-client/public/types/node/dns.d.ts'
removed '/usr/lib/node_modules/node-red/node_modules/@node-red/editor-client/public/types/node/querystring.d.ts'
removed '/usr/lib/node_modules/node-red/node_modules/@node-red/editor-client/public/types/node/diagnostics_channel.d.ts'
removed '/usr/lib/node_modules/node-red/node_modules/@node-red/editor-client/public/types/node/tls.d.ts'
removed '/usr/lib/node_modules/node-red/node_modules/@node-red/editor-client/public/types/node/trace_events.d.ts'
removed '/usr/lib/node_modules/node-red/node_modules/@node-red/editor-client/public/types/node/dns/promises.d.ts'
removed directory '/usr/lib/node_modules/node-red/node_modules/@node-red/editor-client/public/types/node/dns'
removed '/usr/lib/node_modules/node-red/node_modules/@node-red/editor-client/public/types/node/net.d.ts'
removed '/usr/lib/node_modules/node-red/node_modules/@node-red/editor-client/public/types/node/path.d.ts'
removed '/usr/lib/node_modules/node-red/node_modules/@node-red/editor-client/public/types/node/util.d.ts'
removed '/usr/lib/node_modules/node-red/node_modules/@node-red/editor-client/public/types/node/child_process.d.ts'
removed '/usr/lib/node_modules/node-red/node_modules/@node-red/editor-client/public/types/node/test.d.ts'
removed '/usr/lib/node_modules/node-red/node_modules/@node-red/editor-client/public/types/node/console.d.ts'
removed '/usr/lib/node_modules/node-red/node_modules/@node-red/editor-client/public/types/node/assert.d.ts'
removed '/usr/lib/node_modules/node-red/node_modules/@node-red/editor-client/public/types/node/timers/promises.d.ts'
removed directory '/usr/lib/node_modules/node-red/node_modules/@node-red/editor-client/public/types/node/timers'
removed '/usr/lib/node_modules/node-red/node_modules/@node-red/editor-client/public/types/node/fs.d.ts'
removed '/usr/lib/node_modules/node-red/node_modules/@node-red/editor-client/public/types/node/os.d.ts'
removed '/usr/lib/node_modules/node-red/node_modules/@node-red/editor-client/public/types/node/dom-events.d.ts'
removed '/usr/lib/node_modules/node-red/node_modules/@node-red/editor-client/public/types/node/worker_threads.d.ts'
removed '/usr/lib/node_modules/node-red/node_modules/@node-red/editor-client/public/types/node/zlib.d.ts'
removed '/usr/lib/node_modules/node-red/node_modules/@node-red/editor-client/public/types/node/https.d.ts'
removed '/usr/lib/node_modules/node-red/node_modules/@node-red/editor-client/public/types/node/readline/promises.d.ts'
removed directory '/usr/lib/node_modules/node-red/node_modules/@node-red/editor-client/public/types/node/readline'
removed '/usr/lib/node_modules/node-red/node_modules/@node-red/editor-client/public/types/node/string_decoder.d.ts'
removed directory '/usr/lib/node_modules/node-red/node_modules/@node-red/editor-client/public/types/node'
removed directory '/usr/lib/node_modules/node-red/node_modules/@node-red/editor-client/public/types'
removed directory '/usr/lib/node_modules/node-red/node_modules/@node-red/editor-client/public'
removed directory '/usr/lib/node_modules/node-red/node_modules/@node-red/editor-client'
removed '/usr/lib/node_modules/node-red/node_modules/@node-red/editor-api/package.json'
removed '/usr/lib/node_modules/node-red/node_modules/@node-red/editor-api/README.md'
removed '/usr/lib/node_modules/node-red/node_modules/@node-red/editor-api/lib/auth/clients.js'
removed '/usr/lib/node_modules/node-red/node_modules/@node-red/editor-api/lib/auth/permissions.js'
removed '/usr/lib/node_modules/node-red/node_modules/@node-red/editor-api/lib/auth/index.js'
removed '/usr/lib/node_modules/node-red/node_modules/@node-red/editor-api/lib/auth/strategies.js'
removed '/usr/lib/node_modules/node-red/node_modules/@node-red/editor-api/lib/auth/tokens.js'
removed '/usr/lib/node_modules/node-red/node_modules/@node-red/editor-api/lib/auth/users.js'
removed directory '/usr/lib/node_modules/node-red/node_modules/@node-red/editor-api/lib/auth'
removed '/usr/lib/node_modules/node-red/node_modules/@node-red/editor-api/lib/index.js'
removed '/usr/lib/node_modules/node-red/node_modules/@node-red/editor-api/lib/editor/comms.js'
removed '/usr/lib/node_modules/node-red/node_modules/@node-red/editor-api/lib/editor/projects.js'
removed '/usr/lib/node_modules/node-red/node_modules/@node-red/editor-api/lib/editor/settings.js'
removed '/usr/lib/node_modules/node-red/node_modules/@node-red/editor-api/lib/editor/index.js'
removed '/usr/lib/node_modules/node-red/node_modules/@node-red/editor-api/lib/editor/sshkeys.js'
removed '/usr/lib/node_modules/node-red/node_modules/@node-red/editor-api/lib/editor/ui.js'
removed '/usr/lib/node_modules/node-red/node_modules/@node-red/editor-api/lib/editor/theme.js'
removed '/usr/lib/node_modules/node-red/node_modules/@node-red/editor-api/lib/editor/locales.js'
removed '/usr/lib/node_modules/node-red/node_modules/@node-red/editor-api/lib/editor/library.js'
removed '/usr/lib/node_modules/node-red/node_modules/@node-red/editor-api/lib/editor/credentials.js'
removed directory '/usr/lib/node_modules/node-red/node_modules/@node-red/editor-api/lib/editor'
removed '/usr/lib/node_modules/node-red/node_modules/@node-red/editor-api/lib/admin/settings.js'
removed '/usr/lib/node_modules/node-red/node_modules/@node-red/editor-api/lib/admin/index.js'
removed '/usr/lib/node_modules/node-red/node_modules/@node-red/editor-api/lib/admin/flows.js'
removed '/usr/lib/node_modules/node-red/node_modules/@node-red/editor-api/lib/admin/diagnostics.js'
removed '/usr/lib/node_modules/node-red/node_modules/@node-red/editor-api/lib/admin/flow.js'
removed '/usr/lib/node_modules/node-red/node_modules/@node-red/editor-api/lib/admin/context.js'
removed '/usr/lib/node_modules/node-red/node_modules/@node-red/editor-api/lib/admin/plugins.js'
removed '/usr/lib/node_modules/node-red/node_modules/@node-red/editor-api/lib/admin/nodes.js'
removed directory '/usr/lib/node_modules/node-red/node_modules/@node-red/editor-api/lib/admin'
removed '/usr/lib/node_modules/node-red/node_modules/@node-red/editor-api/lib/util.js'
removed directory '/usr/lib/node_modules/node-red/node_modules/@node-red/editor-api/lib'
removed '/usr/lib/node_modules/node-red/node_modules/@node-red/editor-api/LICENSE'
removed directory '/usr/lib/node_modules/node-red/node_modules/@node-red/editor-api'
removed '/usr/lib/node_modules/node-red/node_modules/@node-red/runtime/package.json'
removed '/usr/lib/node_modules/node-red/node_modules/@node-red/runtime/README.md'
removed '/usr/lib/node_modules/node-red/node_modules/@node-red/runtime/locales/zh-TW/runtime.json'
removed directory '/usr/lib/node_modules/node-red/node_modules/@node-red/runtime/locales/zh-TW'
removed '/usr/lib/node_modules/node-red/node_modules/@node-red/runtime/locales/fr/runtime.json'
removed directory '/usr/lib/node_modules/node-red/node_modules/@node-red/runtime/locales/fr'
removed '/usr/lib/node_modules/node-red/node_modules/@node-red/runtime/locales/zh-CN/runtime.json'
removed directory '/usr/lib/node_modules/node-red/node_modules/@node-red/runtime/locales/zh-CN'
removed '/usr/lib/node_modules/node-red/node_modules/@node-red/runtime/locales/de/runtime.json'
removed directory '/usr/lib/node_modules/node-red/node_modules/@node-red/runtime/locales/de'
removed '/usr/lib/node_modules/node-red/node_modules/@node-red/runtime/locales/ko/runtime.json'
removed directory '/usr/lib/node_modules/node-red/node_modules/@node-red/runtime/locales/ko'
removed '/usr/lib/node_modules/node-red/node_modules/@node-red/runtime/locales/ru/runtime.json'
removed directory '/usr/lib/node_modules/node-red/node_modules/@node-red/runtime/locales/ru'
removed '/usr/lib/node_modules/node-red/node_modules/@node-red/runtime/locales/es-ES/runtime.json'
removed directory '/usr/lib/node_modules/node-red/node_modules/@node-red/runtime/locales/es-ES'
removed '/usr/lib/node_modules/node-red/node_modules/@node-red/runtime/locales/pt-BR/runtime.json'
removed directory '/usr/lib/node_modules/node-red/node_modules/@node-red/runtime/locales/pt-BR'
removed '/usr/lib/node_modules/node-red/node_modules/@node-red/runtime/locales/ja/runtime.json'
removed directory '/usr/lib/node_modules/node-red/node_modules/@node-red/runtime/locales/ja'
removed '/usr/lib/node_modules/node-red/node_modules/@node-red/runtime/locales/en-US/runtime.json'
removed directory '/usr/lib/node_modules/node-red/node_modules/@node-red/runtime/locales/en-US'
removed directory '/usr/lib/node_modules/node-red/node_modules/@node-red/runtime/locales'
removed '/usr/lib/node_modules/node-red/node_modules/@node-red/runtime/lib/settings.js'
removed '/usr/lib/node_modules/node-red/node_modules/@node-red/runtime/lib/index.js'
removed '/usr/lib/node_modules/node-red/node_modules/@node-red/runtime/lib/flows/index.js'
removed '/usr/lib/node_modules/node-red/node_modules/@node-red/runtime/lib/flows/Flow.js'
removed '/usr/lib/node_modules/node-red/node_modules/@node-red/runtime/lib/flows/Subflow.js'
removed '/usr/lib/node_modules/node-red/node_modules/@node-red/runtime/lib/flows/Group.js'
removed '/usr/lib/node_modules/node-red/node_modules/@node-red/runtime/lib/flows/util.js'
removed directory '/usr/lib/node_modules/node-red/node_modules/@node-red/runtime/lib/flows'
removed '/usr/lib/node_modules/node-red/node_modules/@node-red/runtime/lib/api/comms.js'
removed '/usr/lib/node_modules/node-red/node_modules/@node-red/runtime/lib/api/projects.js'
removed '/usr/lib/node_modules/node-red/node_modules/@node-red/runtime/lib/api/settings.js'
removed '/usr/lib/node_modules/node-red/node_modules/@node-red/runtime/lib/api/index.js'
removed '/usr/lib/node_modules/node-red/node_modules/@node-red/runtime/lib/api/flows.js'
removed '/usr/lib/node_modules/node-red/node_modules/@node-red/runtime/lib/api/diagnostics.js'
removed '/usr/lib/node_modules/node-red/node_modules/@node-red/runtime/lib/api/context.js'
removed '/usr/lib/node_modules/node-red/node_modules/@node-red/runtime/lib/api/plugins.js'
removed '/usr/lib/node_modules/node-red/node_modules/@node-red/runtime/lib/api/library.js'
removed '/usr/lib/node_modules/node-red/node_modules/@node-red/runtime/lib/api/nodes.js'
removed directory '/usr/lib/node_modules/node-red/node_modules/@node-red/runtime/lib/api'
removed '/usr/lib/node_modules/node-red/node_modules/@node-red/runtime/lib/storage/index.js'
removed '/usr/lib/node_modules/node-red/node_modules/@node-red/runtime/lib/storage/localfilesystem/sessions.js'
removed '/usr/lib/node_modules/node-red/node_modules/@node-red/runtime/lib/storage/localfilesystem/settings.js'
removed '/usr/lib/node_modules/node-red/node_modules/@node-red/runtime/lib/storage/localfilesystem/index.js'
removed '/usr/lib/node_modules/node-red/node_modules/@node-red/runtime/lib/storage/localfilesystem/projects/index.js'
removed '/usr/lib/node_modules/node-red/node_modules/@node-red/runtime/lib/storage/localfilesystem/projects/git/node-red-ssh.sh'
removed '/usr/lib/node_modules/node-red/node_modules/@node-red/runtime/lib/storage/localfilesystem/projects/git/authCache.js'
removed '/usr/lib/node_modules/node-red/node_modules/@node-red/runtime/lib/storage/localfilesystem/projects/git/authServer.js'
removed '/usr/lib/node_modules/node-red/node_modules/@node-red/runtime/lib/storage/localfilesystem/projects/git/authWriter.js'
removed '/usr/lib/node_modules/node-red/node_modules/@node-red/runtime/lib/storage/localfilesystem/projects/git/index.js'
removed '/usr/lib/node_modules/node-red/node_modules/@node-red/runtime/lib/storage/localfilesystem/projects/git/node-red-ask-pass.sh'
removed directory '/usr/lib/node_modules/node-red/node_modules/@node-red/runtime/lib/storage/localfilesystem/projects/git'
removed '/usr/lib/node_modules/node-red/node_modules/@node-red/runtime/lib/storage/localfilesystem/projects/Project.js'
removed '/usr/lib/node_modules/node-red/node_modules/@node-red/runtime/lib/storage/localfilesystem/projects/defaultFileSet.js'
removed '/usr/lib/node_modules/node-red/node_modules/@node-red/runtime/lib/storage/localfilesystem/projects/ssh/keygen.js'
removed '/usr/lib/node_modules/node-red/node_modules/@node-red/runtime/lib/storage/localfilesystem/projects/ssh/index.js'
removed directory '/usr/lib/node_modules/node-red/node_modules/@node-red/runtime/lib/storage/localfilesystem/projects/ssh'
removed directory '/usr/lib/node_modules/node-red/node_modules/@node-red/runtime/lib/storage/localfilesystem/projects'
removed '/usr/lib/node_modules/node-red/node_modules/@node-red/runtime/lib/storage/localfilesystem/library.js'
removed '/usr/lib/node_modules/node-red/node_modules/@node-red/runtime/lib/storage/localfilesystem/util.js'
removed directory '/usr/lib/node_modules/node-red/node_modules/@node-red/runtime/lib/storage/localfilesystem'
removed directory '/usr/lib/node_modules/node-red/node_modules/@node-red/runtime/lib/storage'
removed '/usr/lib/node_modules/node-red/node_modules/@node-red/runtime/lib/nodes/index.js'
removed '/usr/lib/node_modules/node-red/node_modules/@node-red/runtime/lib/nodes/context/index.js'
removed '/usr/lib/node_modules/node-red/node_modules/@node-red/runtime/lib/nodes/context/memory.js'
removed '/usr/lib/node_modules/node-red/node_modules/@node-red/runtime/lib/nodes/context/localfilesystem.js'
removed directory '/usr/lib/node_modules/node-red/node_modules/@node-red/runtime/lib/nodes/context'
removed '/usr/lib/node_modules/node-red/node_modules/@node-red/runtime/lib/nodes/Node.js'
removed '/usr/lib/node_modules/node-red/node_modules/@node-red/runtime/lib/nodes/credentials.js'
removed directory '/usr/lib/node_modules/node-red/node_modules/@node-red/runtime/lib/nodes'
removed '/usr/lib/node_modules/node-red/node_modules/@node-red/runtime/lib/telemetry/index.js'
removed '/usr/lib/node_modules/node-red/node_modules/@node-red/runtime/lib/telemetry/metrics/01-core.js'
removed '/usr/lib/node_modules/node-red/node_modules/@node-red/runtime/lib/telemetry/metrics/02-os.js'
removed '/usr/lib/node_modules/node-red/node_modules/@node-red/runtime/lib/telemetry/metrics/03-env.js'
removed directory '/usr/lib/node_modules/node-red/node_modules/@node-red/runtime/lib/telemetry/metrics'
removed directory '/usr/lib/node_modules/node-red/node_modules/@node-red/runtime/lib/telemetry'
removed '/usr/lib/node_modules/node-red/node_modules/@node-red/runtime/lib/plugins.js'
removed '/usr/lib/node_modules/node-red/node_modules/@node-red/runtime/lib/library/examples.js'
removed '/usr/lib/node_modules/node-red/node_modules/@node-red/runtime/lib/library/index.js'
removed '/usr/lib/node_modules/node-red/node_modules/@node-red/runtime/lib/library/local.js'
removed directory '/usr/lib/node_modules/node-red/node_modules/@node-red/runtime/lib/library'
removed '/usr/lib/node_modules/node-red/node_modules/@node-red/runtime/lib/multiplayer/index.js'
removed directory '/usr/lib/node_modules/node-red/node_modules/@node-red/runtime/lib/multiplayer'
removed directory '/usr/lib/node_modules/node-red/node_modules/@node-red/runtime/lib'
removed '/usr/lib/node_modules/node-red/node_modules/@node-red/runtime/LICENSE'
removed directory '/usr/lib/node_modules/node-red/node_modules/@node-red/runtime'
removed '/usr/lib/node_modules/node-red/node_modules/@node-red/registry/package.json'
removed '/usr/lib/node_modules/node-red/node_modules/@node-red/registry/README.md'
removed '/usr/lib/node_modules/node-red/node_modules/@node-red/registry/lib/loader.js'
removed '/usr/lib/node_modules/node-red/node_modules/@node-red/registry/lib/index.js'
removed '/usr/lib/node_modules/node-red/node_modules/@node-red/registry/lib/registry.js'
removed '/usr/lib/node_modules/node-red/node_modules/@node-red/registry/lib/subflow.js'
removed '/usr/lib/node_modules/node-red/node_modules/@node-red/registry/lib/deprecated.js'
removed '/usr/lib/node_modules/node-red/node_modules/@node-red/registry/lib/plugins.js'
removed '/usr/lib/node_modules/node-red/node_modules/@node-red/registry/lib/library.js'
removed '/usr/lib/node_modules/node-red/node_modules/@node-red/registry/lib/externalModules.js'
removed '/usr/lib/node_modules/node-red/node_modules/@node-red/registry/lib/installer.js'
removed '/usr/lib/node_modules/node-red/node_modules/@node-red/registry/lib/localfilesystem.js'
removed '/usr/lib/node_modules/node-red/node_modules/@node-red/registry/lib/util.js'
removed directory '/usr/lib/node_modules/node-red/node_modules/@node-red/registry/lib'
removed '/usr/lib/node_modules/node-red/node_modules/@node-red/registry/LICENSE'
removed directory '/usr/lib/node_modules/node-red/node_modules/@node-red/registry'
removed '/usr/lib/node_modules/node-red/node_modules/@node-red/nodes/99-sample.html.demo'
removed '/usr/lib/node_modules/node-red/node_modules/@node-red/nodes/package.json'
removed '/usr/lib/node_modules/node-red/node_modules/@node-red/nodes/examples/function/change/07 - Move message property.json'
removed '/usr/lib/node_modules/node-red/node_modules/@node-red/nodes/examples/function/change/06 - Delete message property.json'
removed '/usr/lib/node_modules/node-red/node_modules/@node-red/nodes/examples/function/change/04 - Set value from env var.json'
removed '/usr/lib/node_modules/node-red/node_modules/@node-red/nodes/examples/function/change/02 - Set any property value.json'
removed '/usr/lib/node_modules/node-red/node_modules/@node-red/nodes/examples/function/change/05 - Set flow context.json'
removed '/usr/lib/node_modules/node-red/node_modules/@node-red/nodes/examples/function/change/03 - Set value using JSONata.json'
removed '/usr/lib/node_modules/node-red/node_modules/@node-red/nodes/examples/function/change/01 - Set payload value.json'
removed directory '/usr/lib/node_modules/node-red/node_modules/@node-red/nodes/examples/function/change'
removed '/usr/lib/node_modules/node-red/node_modules/@node-red/nodes/examples/function/function/03 - Send messages asynchronously.json'
removed '/usr/lib/node_modules/node-red/node_modules/@node-red/nodes/examples/function/function/10 - Asynchronous setup.json'
removed '/usr/lib/node_modules/node-red/node_modules/@node-red/nodes/examples/function/function/04 - Logging events.json'
removed '/usr/lib/node_modules/node-red/node_modules/@node-red/nodes/examples/function/function/06 - Storing data in context.json'
removed '/usr/lib/node_modules/node-red/node_modules/@node-red/nodes/examples/function/function/09 - Setup and close.json'
removed '/usr/lib/node_modules/node-red/node_modules/@node-red/nodes/examples/function/function/01 - Send message to output port.json'
removed '/usr/lib/node_modules/node-red/node_modules/@node-red/nodes/examples/function/function/05 - Handling errors.json'
removed '/usr/lib/node_modules/node-red/node_modules/@node-red/nodes/examples/function/function/02 - Send multiple messages.json'
removed '/usr/lib/node_modules/node-red/node_modules/@node-red/nodes/examples/function/function/08 - Using external modules.json'
removed '/usr/lib/node_modules/node-red/node_modules/@node-red/nodes/examples/function/function/07 - Showing status information.json'
removed directory '/usr/lib/node_modules/node-red/node_modules/@node-red/nodes/examples/function/function'
removed '/usr/lib/node_modules/node-red/node_modules/@node-red/nodes/examples/function/range/04 - Scale and wrap input.json'
removed '/usr/lib/node_modules/node-red/node_modules/@node-red/nodes/examples/function/range/01 - Scale input value.json'
removed '/usr/lib/node_modules/node-red/node_modules/@node-red/nodes/examples/function/range/03 - Limit input.json'
removed '/usr/lib/node_modules/node-red/node_modules/@node-red/nodes/examples/function/range/02 - Scale input and round to integer.json'
removed directory '/usr/lib/node_modules/node-red/node_modules/@node-red/nodes/examples/function/range'
removed '/usr/lib/node_modules/node-red/node_modules/@node-red/nodes/examples/function/exec/01 - Get standard output from external command.json'
removed '/usr/lib/node_modules/node-red/node_modules/@node-red/nodes/examples/function/exec/03 - Run external command in spawn mode.json'
removed '/usr/lib/node_modules/node-red/node_modules/@node-red/nodes/examples/function/exec/02 - Get error output from external command.json'
removed directory '/usr/lib/node_modules/node-red/node_modules/@node-red/nodes/examples/function/exec'
removed '/usr/lib/node_modules/node-red/node_modules/@node-red/nodes/examples/function/delay/02 - Delay message by message property.json'
removed '/usr/lib/node_modules/node-red/node_modules/@node-red/nodes/examples/function/delay/05 - Limit message rate for each topic.json'
removed '/usr/lib/node_modules/node-red/node_modules/@node-red/nodes/examples/function/delay/01 - Delay message.json'
removed '/usr/lib/node_modules/node-red/node_modules/@node-red/nodes/examples/function/delay/03 - Reset or flush pending message.json'
removed '/usr/lib/node_modules/node-red/node_modules/@node-red/nodes/examples/function/delay/06 - Simple Queue with release'
removed '/usr/lib/node_modules/node-red/node_modules/@node-red/nodes/examples/function/delay/04 - Limit message rate.json'
removed directory '/usr/lib/node_modules/node-red/node_modules/@node-red/nodes/examples/function/delay'
removed '/usr/lib/node_modules/node-red/node_modules/@node-red/nodes/examples/function/trigger/01 - Outputs two value with interval.json'
removed '/usr/lib/node_modules/node-red/node_modules/@node-red/nodes/examples/function/trigger/02 - Trigger a flow if message is not received after defined time.json'
removed '/usr/lib/node_modules/node-red/node_modules/@node-red/nodes/examples/function/trigger/03 - Send placeholder message when a stream stops sending.json'
removed '/usr/lib/node_modules/node-red/node_modules/@node-red/nodes/examples/function/trigger/04 - Timeout processing using trigger node.json'
removed directory '/usr/lib/node_modules/node-red/node_modules/@node-red/nodes/examples/function/trigger'
removed '/usr/lib/node_modules/node-red/node_modules/@node-red/nodes/examples/function/template/01 - Use mustache syntax.json'
removed '/usr/lib/node_modules/node-red/node_modules/@node-red/nodes/examples/function/template/03 - Parse result as YAML.json'
removed '/usr/lib/node_modules/node-red/node_modules/@node-red/nodes/examples/function/template/02 - Parse result as JSON.json'
removed directory '/usr/lib/node_modules/node-red/node_modules/@node-red/nodes/examples/function/template'
removed '/usr/lib/node_modules/node-red/node_modules/@node-red/nodes/examples/function/switch/01 - Select output port.json'
removed '/usr/lib/node_modules/node-red/node_modules/@node-red/nodes/examples/function/switch/07 - Recreate message sequence.json'
removed '/usr/lib/node_modules/node-red/node_modules/@node-red/nodes/examples/function/switch/08 - Route message based on properties.json'
removed '/usr/lib/node_modules/node-red/node_modules/@node-red/nodes/examples/function/switch/02 - Check all rules.json'
removed '/usr/lib/node_modules/node-red/node_modules/@node-red/nodes/examples/function/switch/06 - Use JSONata for switch value.json'
removed '/usr/lib/node_modules/node-red/node_modules/@node-red/nodes/examples/function/switch/09 - Route message based on context value.json'
removed '/usr/lib/node_modules/node-red/node_modules/@node-red/nodes/examples/function/switch/05 - Use JSONata for switch rule.json'
removed '/usr/lib/node_modules/node-red/node_modules/@node-red/nodes/examples/function/switch/04 - Select output port by type.json'
removed '/usr/lib/node_modules/node-red/node_modules/@node-red/nodes/examples/function/switch/03 - Stop after first match.json'
removed directory '/usr/lib/node_modules/node-red/node_modules/@node-red/nodes/examples/function/switch'
removed directory '/usr/lib/node_modules/node-red/node_modules/@node-red/nodes/examples/function'
removed '/usr/lib/node_modules/node-red/node_modules/@node-red/nodes/examples/storage/watch/01 - Watch change of a file.json'
removed '/usr/lib/node_modules/node-red/node_modules/@node-red/nodes/examples/storage/watch/02 - Watch change in a directory.json'
removed directory '/usr/lib/node_modules/node-red/node_modules/@node-red/nodes/examples/storage/watch'
removed '/usr/lib/node_modules/node-red/node_modules/@node-red/nodes/examples/storage/write file/01 - Write string to a file.json'
removed '/usr/lib/node_modules/node-red/node_modules/@node-red/nodes/examples/storage/write file/03 - Delete a file.json'
removed '/usr/lib/node_modules/node-red/node_modules/@node-red/nodes/examples/storage/write file/02 - Write string to a file specified by property.json'
removed '/usr/lib/node_modules/node-red/node_modules/@node-red/nodes/examples/storage/write file/04 - Specify encoding of written data.json'
removed directory '/usr/lib/node_modules/node-red/node_modules/@node-red/nodes/examples/storage/write file'
removed '/usr/lib/node_modules/node-red/node_modules/@node-red/nodes/examples/storage/read file/01 - Read string from a file.json'
removed '/usr/lib/node_modules/node-red/node_modules/@node-red/nodes/examples/storage/read file/04 - Create a message stream.json'
removed '/usr/lib/node_modules/node-red/node_modules/@node-red/nodes/examples/storage/read file/03 - Read data breaking lines into messages.json'
removed '/usr/lib/node_modules/node-red/node_modules/@node-red/nodes/examples/storage/read file/02 - Read data in specified encoding.json'
removed directory '/usr/lib/node_modules/node-red/node_modules/@node-red/nodes/examples/storage/read file'
removed directory '/usr/lib/node_modules/node-red/node_modules/@node-red/nodes/examples/storage'
removed '/usr/lib/node_modules/node-red/node_modules/@node-red/nodes/examples/parser/html/03 - Extract array of HTML element by CSS selector specified in message.json'
removed '/usr/lib/node_modules/node-red/node_modules/@node-red/nodes/examples/parser/html/04 - Join extracted sequence of HTML element using join node.json'
removed '/usr/lib/node_modules/node-red/node_modules/@node-red/nodes/examples/parser/html/02 - Extract sequence of HTML element by CSS selector.json'
removed '/usr/lib/node_modules/node-red/node_modules/@node-red/nodes/examples/parser/html/01 - Extract array of HTML element by CSS selector.json'
removed directory '/usr/lib/node_modules/node-red/node_modules/@node-red/nodes/examples/parser/html'
removed '/usr/lib/node_modules/node-red/node_modules/@node-red/nodes/examples/parser/yaml/02 - Convert YAML to JavaScript object.json'
removed '/usr/lib/node_modules/node-red/node_modules/@node-red/nodes/examples/parser/yaml/01 - Convert JavaScript object to YAML.json'
removed directory '/usr/lib/node_modules/node-red/node_modules/@node-red/nodes/examples/parser/yaml'
removed '/usr/lib/node_modules/node-red/node_modules/@node-red/nodes/examples/parser/xml/02 - Convert XML to JavaScript object.json'
removed '/usr/lib/node_modules/node-red/node_modules/@node-red/nodes/examples/parser/xml/03 - Control conversion using options property.json'
removed '/usr/lib/node_modules/node-red/node_modules/@node-red/nodes/examples/parser/xml/01 - Convert JavaScript object to XML.json'
removed directory '/usr/lib/node_modules/node-red/node_modules/@node-red/nodes/examples/parser/xml'
removed '/usr/lib/node_modules/node-red/node_modules/@node-red/nodes/examples/parser/csv/07 - Convert array of JavaScript objects to CSV with column name header.json'
removed '/usr/lib/node_modules/node-red/node_modules/@node-red/nodes/examples/parser/csv/03 - Parse CSV with specified column name as message sequence.json'
removed '/usr/lib/node_modules/node-red/node_modules/@node-red/nodes/examples/parser/csv/10 - Join parsed CSV message sequence using join node.json'
removed '/usr/lib/node_modules/node-red/node_modules/@node-red/nodes/examples/parser/csv/04 - Parse CSV with column name in first row as message sequence.json'
removed '/usr/lib/node_modules/node-red/node_modules/@node-red/nodes/examples/parser/csv/08 - Specify column names in input message.json'
removed '/usr/lib/node_modules/node-red/node_modules/@node-red/nodes/examples/parser/csv/05 - Convert JavaScript object to CSV.json'
removed '/usr/lib/node_modules/node-red/node_modules/@node-red/nodes/examples/parser/csv/02 - Parse CSV with default column name as array.json'
removed '/usr/lib/node_modules/node-red/node_modules/@node-red/nodes/examples/parser/csv/09 - Send column name when reset property set.json'
removed '/usr/lib/node_modules/node-red/node_modules/@node-red/nodes/examples/parser/csv/06 - Convert JavaScript object to CSV.json'
removed '/usr/lib/node_modules/node-red/node_modules/@node-red/nodes/examples/parser/csv/01 - Parse CSV with default column name as message sequence.json'
removed directory '/usr/lib/node_modules/node-red/node_modules/@node-red/nodes/examples/parser/csv'
removed '/usr/lib/node_modules/node-red/node_modules/@node-red/nodes/examples/parser/json/01 - Convert JSON string to JavaScript object.json'
removed '/usr/lib/node_modules/node-red/node_modules/@node-red/nodes/examples/parser/json/03 - Validate input JSON string.json'
removed '/usr/lib/node_modules/node-red/node_modules/@node-red/nodes/examples/parser/json/02 - Convert JavaScript object to JSON string.json'
removed directory '/usr/lib/node_modules/node-red/node_modules/@node-red/nodes/examples/parser/json'
removed directory '/usr/lib/node_modules/node-red/node_modules/@node-red/nodes/examples/parser'
removed '/usr/lib/node_modules/node-red/node_modules/@node-red/nodes/examples/network/http/07 - Working with cookies.json'
removed '/usr/lib/node_modules/node-red/node_modules/@node-red/nodes/examples/network/http/01 - Create HTTP endpoint.json'
removed '/usr/lib/node_modules/node-red/node_modules/@node-red/nodes/examples/network/http/02 - Handle query parameters.json'
removed '/usr/lib/node_modules/node-red/node_modules/@node-red/nodes/examples/network/http/05 - Post data to a flow.json'
removed '/usr/lib/node_modules/node-red/node_modules/@node-red/nodes/examples/network/http/03 - Handle URL parameters.json'
removed '/usr/lib/node_modules/node-red/node_modules/@node-red/nodes/examples/network/http/04 - Access HTTP request headers.json'
removed '/usr/lib/node_modules/node-red/node_modules/@node-red/nodes/examples/network/http/06 - Post file to a flow.json'
removed directory '/usr/lib/node_modules/node-red/node_modules/@node-red/nodes/examples/network/http'
removed '/usr/lib/node_modules/node-red/node_modules/@node-red/nodes/examples/network/udp/01 - Transfer data using UDP protocol.json'
removed directory '/usr/lib/node_modules/node-red/node_modules/@node-red/nodes/examples/network/udp'
removed '/usr/lib/node_modules/node-red/node_modules/@node-red/nodes/examples/network/websocket/01 - Connect to websocket in server.json'
removed '/usr/lib/node_modules/node-red/node_modules/@node-red/nodes/examples/network/websocket/02 - Connect to websocket out server.json'
removed directory '/usr/lib/node_modules/node-red/node_modules/@node-red/nodes/examples/network/websocket'
removed '/usr/lib/node_modules/node-red/node_modules/@node-red/nodes/examples/network/tcp/02 - Connect to TCP in server.json'
removed '/usr/lib/node_modules/node-red/node_modules/@node-red/nodes/examples/network/tcp/01 - Connect to TCP out server.json'
removed '/usr/lib/node_modules/node-red/node_modules/@node-red/nodes/examples/network/tcp/03 - Send reply to client of TCP connection.json'
removed directory '/usr/lib/node_modules/node-red/node_modules/@node-red/nodes/examples/network/tcp'
removed directory '/usr/lib/node_modules/node-red/node_modules/@node-red/nodes/examples/network'
removed '/usr/lib/node_modules/node-red/node_modules/@node-red/nodes/examples/sequence/batch/02 - Time-based group mode.json'
removed '/usr/lib/node_modules/node-red/node_modules/@node-red/nodes/examples/sequence/batch/03 - Concatenate mode.json'
removed '/usr/lib/node_modules/node-red/node_modules/@node-red/nodes/examples/sequence/batch/01 - Number-based group mode.json'
removed directory '/usr/lib/node_modules/node-red/node_modules/@node-red/nodes/examples/sequence/batch'
removed '/usr/lib/node_modules/node-red/node_modules/@node-red/nodes/examples/sequence/sort/01 - Sort array payload.json'
removed '/usr/lib/node_modules/node-red/node_modules/@node-red/nodes/examples/sequence/sort/02 - Sort message sequence.json'
removed directory '/usr/lib/node_modules/node-red/node_modules/@node-red/nodes/examples/sequence/sort'
removed '/usr/lib/node_modules/node-red/node_modules/@node-red/nodes/examples/sequence/split/01 - Split message payload.json'
removed directory '/usr/lib/node_modules/node-red/node_modules/@node-red/nodes/examples/sequence/split'
removed '/usr/lib/node_modules/node-red/node_modules/@node-red/nodes/examples/sequence/join/03 - Reduce sequence mode.json'
removed '/usr/lib/node_modules/node-red/node_modules/@node-red/nodes/examples/sequence/join/02 - Manual join mode.json'
removed '/usr/lib/node_modules/node-red/node_modules/@node-red/nodes/examples/sequence/join/01 - Automatic join mode.json'
removed directory '/usr/lib/node_modules/node-red/node_modules/@node-red/nodes/examples/sequence/join'
removed directory '/usr/lib/node_modules/node-red/node_modules/@node-red/nodes/examples/sequence'
removed '/usr/lib/node_modules/node-red/node_modules/@node-red/nodes/examples/common/debug/04 - Output to node status.json'
removed '/usr/lib/node_modules/node-red/node_modules/@node-red/nodes/examples/common/debug/02 - Output complete message.json'
removed '/usr/lib/node_modules/node-red/node_modules/@node-red/nodes/examples/common/debug/05 - Formatting output using JSONata.json'
removed '/usr/lib/node_modules/node-red/node_modules/@node-red/nodes/examples/common/debug/03 - Output to console.json'
removed '/usr/lib/node_modules/node-red/node_modules/@node-red/nodes/examples/common/debug/01 - Output payload value.json'
removed directory '/usr/lib/node_modules/node-red/node_modules/@node-red/nodes/examples/common/debug'
removed '/usr/lib/node_modules/node-red/node_modules/@node-red/nodes/examples/common/catch/01 - Catch error.json'
removed directory '/usr/lib/node_modules/node-red/node_modules/@node-red/nodes/examples/common/catch'
removed '/usr/lib/node_modules/node-red/node_modules/@node-red/nodes/examples/common/complete/01 - Handle completion of node execution.json'
removed directory '/usr/lib/node_modules/node-red/node_modules/@node-red/nodes/examples/common/complete'
removed '/usr/lib/node_modules/node-red/node_modules/@node-red/nodes/examples/common/inject/03 - Trigger a flow at a specific time.json'
removed '/usr/lib/node_modules/node-red/node_modules/@node-red/nodes/examples/common/inject/01 - Trigger a flow at startup.json'
removed '/usr/lib/node_modules/node-red/node_modules/@node-red/nodes/examples/common/inject/02 - Trigger a flow at regular intervals.json'
removed directory '/usr/lib/node_modules/node-red/node_modules/@node-red/nodes/examples/common/inject'
removed '/usr/lib/node_modules/node-red/node_modules/@node-red/nodes/examples/common/status/01 - Handle status message output.json'
removed directory '/usr/lib/node_modules/node-red/node_modules/@node-red/nodes/examples/common/status'
removed '/usr/lib/node_modules/node-red/node_modules/@node-red/nodes/examples/common/link/03 - Link call.json'
removed '/usr/lib/node_modules/node-red/node_modules/@node-red/nodes/examples/common/link/01 - Link within a tab.json'
removed '/usr/lib/node_modules/node-red/node_modules/@node-red/nodes/examples/common/link/02 - Link across tabs.json'
removed directory '/usr/lib/node_modules/node-red/node_modules/@node-red/nodes/examples/common/link'
removed directory '/usr/lib/node_modules/node-red/node_modules/@node-red/nodes/examples/common'
removed directory '/usr/lib/node_modules/node-red/node_modules/@node-red/nodes/examples'
removed '/usr/lib/node_modules/node-red/node_modules/@node-red/nodes/index.js'
removed '/usr/lib/node_modules/node-red/node_modules/@node-red/nodes/99-sample.js.demo'
removed '/usr/lib/node_modules/node-red/node_modules/@node-red/nodes/icons/trigger.svg'
removed '/usr/lib/node_modules/node-red/node_modules/@node-red/nodes/icons/rpi.svg'
removed '/usr/lib/node_modules/node-red/node_modules/@node-red/nodes/icons/bluetooth.svg'
removed '/usr/lib/node_modules/node-red/node_modules/@node-red/nodes/icons/template.svg'
removed '/usr/lib/node_modules/node-red/node_modules/@node-red/nodes/icons/link-out.svg'
removed '/usr/lib/node_modules/node-red/node_modules/@node-red/nodes/icons/link-call.svg'
removed '/usr/lib/node_modules/node-red/node_modules/@node-red/nodes/icons/feed.svg'
removed '/usr/lib/node_modules/node-red/node_modules/@node-red/nodes/icons/parser-json.svg'
removed '/usr/lib/node_modules/node-red/node_modules/@node-red/nodes/icons/parser-xml.svg'
removed '/usr/lib/node_modules/node-red/node_modules/@node-red/nodes/icons/cog.svg'
removed '/usr/lib/node_modules/node-red/node_modules/@node-red/nodes/icons/parser-csv.svg'
removed '/usr/lib/node_modules/node-red/node_modules/@node-red/nodes/icons/link-return.svg'
removed '/usr/lib/node_modules/node-red/node_modules/@node-red/nodes/icons/batch.svg'
removed '/usr/lib/node_modules/node-red/node_modules/@node-red/nodes/icons/parser-yaml.svg'
removed '/usr/lib/node_modules/node-red/node_modules/@node-red/nodes/icons/inject.svg'
removed '/usr/lib/node_modules/node-red/node_modules/@node-red/nodes/icons/arduino.svg'
removed '/usr/lib/node_modules/node-red/node_modules/@node-red/nodes/icons/debug.svg'
removed '/usr/lib/node_modules/node-red/node_modules/@node-red/nodes/icons/status.svg'
removed '/usr/lib/node_modules/node-red/node_modules/@node-red/nodes/icons/comment.svg'
removed '/usr/lib/node_modules/node-red/node_modules/@node-red/nodes/icons/subflow.svg'
removed '/usr/lib/node_modules/node-red/node_modules/@node-red/nodes/icons/light.svg'
removed '/usr/lib/node_modules/node-red/node_modules/@node-red/nodes/icons/mongodb.svg'
removed '/usr/lib/node_modules/node-red/node_modules/@node-red/nodes/icons/alert.svg'
removed '/usr/lib/node_modules/node-red/node_modules/@node-red/nodes/icons/timer.svg'
removed '/usr/lib/node_modules/node-red/node_modules/@node-red/nodes/icons/arrow-in.svg'
removed '/usr/lib/node_modules/node-red/node_modules/@node-red/nodes/icons/function.svg'
removed '/usr/lib/node_modules/node-red/node_modules/@node-red/nodes/icons/db.svg'
removed '/usr/lib/node_modules/node-red/node_modules/@node-red/nodes/icons/bridge.svg'
removed '/usr/lib/node_modules/node-red/node_modules/@node-red/nodes/icons/switch.svg'
removed '/usr/lib/node_modules/node-red/node_modules/@node-red/nodes/icons/range.svg'
removed '/usr/lib/node_modules/node-red/node_modules/@node-red/nodes/icons/file.svg'
removed '/usr/lib/node_modules/node-red/node_modules/@node-red/nodes/icons/join.svg'
removed '/usr/lib/node_modules/node-red/node_modules/@node-red/nodes/icons/rbe.svg'
removed '/usr/lib/node_modules/node-red/node_modules/@node-red/nodes/icons/redis.svg'
removed '/usr/lib/node_modules/node-red/node_modules/@node-red/nodes/icons/parser-html.svg'
removed '/usr/lib/node_modules/node-red/node_modules/@node-red/nodes/icons/split.svg'
removed '/usr/lib/node_modules/node-red/node_modules/@node-red/nodes/icons/bridge-dash.svg'
removed '/usr/lib/node_modules/node-red/node_modules/@node-red/nodes/icons/leveldb.svg'
removed '/usr/lib/node_modules/node-red/node_modules/@node-red/nodes/icons/swap.svg'
removed '/usr/lib/node_modules/node-red/node_modules/@node-red/nodes/icons/hash.svg'
removed '/usr/lib/node_modules/node-red/node_modules/@node-red/nodes/icons/file-in.svg'
removed '/usr/lib/node_modules/node-red/node_modules/@node-red/nodes/icons/envelope.svg'
removed '/usr/lib/node_modules/node-red/node_modules/@node-red/nodes/icons/watch.svg'
removed '/usr/lib/node_modules/node-red/node_modules/@node-red/nodes/icons/white-globe.svg'
removed '/usr/lib/node_modules/node-red/node_modules/@node-red/nodes/icons/mouse.svg'
removed '/usr/lib/node_modules/node-red/node_modules/@node-red/nodes/icons/file-out.svg'
removed '/usr/lib/node_modules/node-red/node_modules/@node-red/nodes/icons/sort.svg'
removed '/usr/lib/node_modules/node-red/node_modules/@node-red/nodes/icons/serial.svg'
removed directory '/usr/lib/node_modules/node-red/node_modules/@node-red/nodes/icons'
removed '/usr/lib/node_modules/node-red/node_modules/@node-red/nodes/README.md'
removed '/usr/lib/node_modules/node-red/node_modules/@node-red/nodes/locales/zh-TW/messages.json'
removed '/usr/lib/node_modules/node-red/node_modules/@node-red/nodes/locales/zh-TW/function/90-exec.html'
removed '/usr/lib/node_modules/node-red/node_modules/@node-red/nodes/locales/zh-TW/function/89-trigger.html'
removed '/usr/lib/node_modules/node-red/node_modules/@node-red/nodes/locales/zh-TW/function/10-function.html'
removed '/usr/lib/node_modules/node-red/node_modules/@node-red/nodes/locales/zh-TW/function/10-switch.html'
removed '/usr/lib/node_modules/node-red/node_modules/@node-red/nodes/locales/zh-TW/function/16-range.html'
removed '/usr/lib/node_modules/node-red/node_modules/@node-red/nodes/locales/zh-TW/function/15-change.html'
removed '/usr/lib/node_modules/node-red/node_modules/@node-red/nodes/locales/zh-TW/function/80-template.html'
removed '/usr/lib/node_modules/node-red/node_modules/@node-red/nodes/locales/zh-TW/function/89-delay.html'
removed directory '/usr/lib/node_modules/node-red/node_modules/@node-red/nodes/locales/zh-TW/function'
removed '/usr/lib/node_modules/node-red/node_modules/@node-red/nodes/locales/zh-TW/storage/10-file.html'
removed '/usr/lib/node_modules/node-red/node_modules/@node-red/nodes/locales/zh-TW/storage/23-watch.html'
removed directory '/usr/lib/node_modules/node-red/node_modules/@node-red/nodes/locales/zh-TW/storage'
removed '/usr/lib/node_modules/node-red/node_modules/@node-red/nodes/locales/zh-TW/parsers/70-YAML.html'
removed '/usr/lib/node_modules/node-red/node_modules/@node-red/nodes/locales/zh-TW/parsers/70-XML.html'
removed '/usr/lib/node_modules/node-red/node_modules/@node-red/nodes/locales/zh-TW/parsers/70-JSON.html'
removed '/usr/lib/node_modules/node-red/node_modules/@node-red/nodes/locales/zh-TW/parsers/70-CSV.html'
removed '/usr/lib/node_modules/node-red/node_modules/@node-red/nodes/locales/zh-TW/parsers/70-HTML.html'
removed directory '/usr/lib/node_modules/node-red/node_modules/@node-red/nodes/locales/zh-TW/parsers'
removed '/usr/lib/node_modules/node-red/node_modules/@node-red/nodes/locales/zh-TW/network/31-tcpin.html'
removed '/usr/lib/node_modules/node-red/node_modules/@node-red/nodes/locales/zh-TW/network/21-httpin.html'
removed '/usr/lib/node_modules/node-red/node_modules/@node-red/nodes/locales/zh-TW/network/06-httpproxy.html'
removed '/usr/lib/node_modules/node-red/node_modules/@node-red/nodes/locales/zh-TW/network/32-udp.html'
removed '/usr/lib/node_modules/node-red/node_modules/@node-red/nodes/locales/zh-TW/network/22-websocket.html'
removed '/usr/lib/node_modules/node-red/node_modules/@node-red/nodes/locales/zh-TW/network/21-httprequest.html'
removed '/usr/lib/node_modules/node-red/node_modules/@node-red/nodes/locales/zh-TW/network/10-mqtt.html'
removed '/usr/lib/node_modules/node-red/node_modules/@node-red/nodes/locales/zh-TW/network/05-tls.html'
removed directory '/usr/lib/node_modules/node-red/node_modules/@node-red/nodes/locales/zh-TW/network'
removed '/usr/lib/node_modules/node-red/node_modules/@node-red/nodes/locales/zh-TW/sequence/18-sort.html'
removed '/usr/lib/node_modules/node-red/node_modules/@node-red/nodes/locales/zh-TW/sequence/17-split.html'
removed '/usr/lib/node_modules/node-red/node_modules/@node-red/nodes/locales/zh-TW/sequence/19-batch.html'
removed directory '/usr/lib/node_modules/node-red/node_modules/@node-red/nodes/locales/zh-TW/sequence'
removed '/usr/lib/node_modules/node-red/node_modules/@node-red/nodes/locales/zh-TW/common/90-comment.html'
removed '/usr/lib/node_modules/node-red/node_modules/@node-red/nodes/locales/zh-TW/common/20-inject.html'
removed '/usr/lib/node_modules/node-red/node_modules/@node-red/nodes/locales/zh-TW/common/25-catch.html'
removed '/usr/lib/node_modules/node-red/node_modules/@node-red/nodes/locales/zh-TW/common/60-link.html'
removed '/usr/lib/node_modules/node-red/node_modules/@node-red/nodes/locales/zh-TW/common/25-status.html'
removed '/usr/lib/node_modules/node-red/node_modules/@node-red/nodes/locales/zh-TW/common/24-complete.html'
removed '/usr/lib/node_modules/node-red/node_modules/@node-red/nodes/locales/zh-TW/common/21-debug.html'
removed '/usr/lib/node_modules/node-red/node_modules/@node-red/nodes/locales/zh-TW/common/98-unknown.html'
removed directory '/usr/lib/node_modules/node-red/node_modules/@node-red/nodes/locales/zh-TW/common'
removed directory '/usr/lib/node_modules/node-red/node_modules/@node-red/nodes/locales/zh-TW'
removed '/usr/lib/node_modules/node-red/node_modules/@node-red/nodes/locales/fr/messages.json'
removed '/usr/lib/node_modules/node-red/node_modules/@node-red/nodes/locales/fr/function/90-exec.html'
removed '/usr/lib/node_modules/node-red/node_modules/@node-red/nodes/locales/fr/function/89-trigger.html'
removed '/usr/lib/node_modules/node-red/node_modules/@node-red/nodes/locales/fr/function/10-function.html'
removed '/usr/lib/node_modules/node-red/node_modules/@node-red/nodes/locales/fr/function/10-switch.html'
removed '/usr/lib/node_modules/node-red/node_modules/@node-red/nodes/locales/fr/function/16-range.html'
removed '/usr/lib/node_modules/node-red/node_modules/@node-red/nodes/locales/fr/function/15-change.html'
removed '/usr/lib/node_modules/node-red/node_modules/@node-red/nodes/locales/fr/function/rbe.html'
removed '/usr/lib/node_modules/node-red/node_modules/@node-red/nodes/locales/fr/function/80-template.html'
removed '/usr/lib/node_modules/node-red/node_modules/@node-red/nodes/locales/fr/function/89-delay.html'
removed directory '/usr/lib/node_modules/node-red/node_modules/@node-red/nodes/locales/fr/function'
removed '/usr/lib/node_modules/node-red/node_modules/@node-red/nodes/locales/fr/storage/10-file.html'
removed '/usr/lib/node_modules/node-red/node_modules/@node-red/nodes/locales/fr/storage/23-watch.html'
removed directory '/usr/lib/node_modules/node-red/node_modules/@node-red/nodes/locales/fr/storage'
removed '/usr/lib/node_modules/node-red/node_modules/@node-red/nodes/locales/fr/parsers/70-YAML.html'
removed '/usr/lib/node_modules/node-red/node_modules/@node-red/nodes/locales/fr/parsers/70-XML.html'
removed '/usr/lib/node_modules/node-red/node_modules/@node-red/nodes/locales/fr/parsers/70-JSON.html'
removed '/usr/lib/node_modules/node-red/node_modules/@node-red/nodes/locales/fr/parsers/70-CSV.html'
removed '/usr/lib/node_modules/node-red/node_modules/@node-red/nodes/locales/fr/parsers/70-HTML.html'
removed directory '/usr/lib/node_modules/node-red/node_modules/@node-red/nodes/locales/fr/parsers'
removed '/usr/lib/node_modules/node-red/node_modules/@node-red/nodes/locales/fr/network/31-tcpin.html'
removed '/usr/lib/node_modules/node-red/node_modules/@node-red/nodes/locales/fr/network/21-httpin.html'
removed '/usr/lib/node_modules/node-red/node_modules/@node-red/nodes/locales/fr/network/06-httpproxy.html'
removed '/usr/lib/node_modules/node-red/node_modules/@node-red/nodes/locales/fr/network/32-udp.html'
removed '/usr/lib/node_modules/node-red/node_modules/@node-red/nodes/locales/fr/network/22-websocket.html'
removed '/usr/lib/node_modules/node-red/node_modules/@node-red/nodes/locales/fr/network/21-httprequest.html'
removed '/usr/lib/node_modules/node-red/node_modules/@node-red/nodes/locales/fr/network/10-mqtt.html'
removed '/usr/lib/node_modules/node-red/node_modules/@node-red/nodes/locales/fr/network/05-tls.html'
removed directory '/usr/lib/node_modules/node-red/node_modules/@node-red/nodes/locales/fr/network'
removed '/usr/lib/node_modules/node-red/node_modules/@node-red/nodes/locales/fr/sequence/18-sort.html'
removed '/usr/lib/node_modules/node-red/node_modules/@node-red/nodes/locales/fr/sequence/17-split.html'
removed '/usr/lib/node_modules/node-red/node_modules/@node-red/nodes/locales/fr/sequence/19-batch.html'
removed directory '/usr/lib/node_modules/node-red/node_modules/@node-red/nodes/locales/fr/sequence'
removed '/usr/lib/node_modules/node-red/node_modules/@node-red/nodes/locales/fr/common/90-comment.html'
removed '/usr/lib/node_modules/node-red/node_modules/@node-red/nodes/locales/fr/common/20-inject.html'
removed '/usr/lib/node_modules/node-red/node_modules/@node-red/nodes/locales/fr/common/25-catch.html'
removed '/usr/lib/node_modules/node-red/node_modules/@node-red/nodes/locales/fr/common/60-link.html'
removed '/usr/lib/node_modules/node-red/node_modules/@node-red/nodes/locales/fr/common/25-status.html'
removed '/usr/lib/node_modules/node-red/node_modules/@node-red/nodes/locales/fr/common/24-complete.html'
removed '/usr/lib/node_modules/node-red/node_modules/@node-red/nodes/locales/fr/common/91-global-config.html'
removed '/usr/lib/node_modules/node-red/node_modules/@node-red/nodes/locales/fr/common/21-debug.html'
removed '/usr/lib/node_modules/node-red/node_modules/@node-red/nodes/locales/fr/common/98-unknown.html'
removed directory '/usr/lib/node_modules/node-red/node_modules/@node-red/nodes/locales/fr/common'
removed directory '/usr/lib/node_modules/node-red/node_modules/@node-red/nodes/locales/fr'
removed '/usr/lib/node_modules/node-red/node_modules/@node-red/nodes/locales/zh-CN/messages.json'
removed '/usr/lib/node_modules/node-red/node_modules/@node-red/nodes/locales/zh-CN/function/90-exec.html'
removed '/usr/lib/node_modules/node-red/node_modules/@node-red/nodes/locales/zh-CN/function/89-trigger.html'
removed '/usr/lib/node_modules/node-red/node_modules/@node-red/nodes/locales/zh-CN/function/10-function.html'
removed '/usr/lib/node_modules/node-red/node_modules/@node-red/nodes/locales/zh-CN/function/10-switch.html'
removed '/usr/lib/node_modules/node-red/node_modules/@node-red/nodes/locales/zh-CN/function/16-range.html'
removed '/usr/lib/node_modules/node-red/node_modules/@node-red/nodes/locales/zh-CN/function/15-change.html'
removed '/usr/lib/node_modules/node-red/node_modules/@node-red/nodes/locales/zh-CN/function/80-template.html'
removed '/usr/lib/node_modules/node-red/node_modules/@node-red/nodes/locales/zh-CN/function/89-delay.html'
removed directory '/usr/lib/node_modules/node-red/node_modules/@node-red/nodes/locales/zh-CN/function'
removed '/usr/lib/node_modules/node-red/node_modules/@node-red/nodes/locales/zh-CN/storage/10-file.html'
removed '/usr/lib/node_modules/node-red/node_modules/@node-red/nodes/locales/zh-CN/storage/23-watch.html'
removed directory '/usr/lib/node_modules/node-red/node_modules/@node-red/nodes/locales/zh-CN/storage'
removed '/usr/lib/node_modules/node-red/node_modules/@node-red/nodes/locales/zh-CN/parsers/70-YAML.html'
removed '/usr/lib/node_modules/node-red/node_modules/@node-red/nodes/locales/zh-CN/parsers/70-XML.html'
removed '/usr/lib/node_modules/node-red/node_modules/@node-red/nodes/locales/zh-CN/parsers/70-JSON.html'
removed '/usr/lib/node_modules/node-red/node_modules/@node-red/nodes/locales/zh-CN/parsers/70-CSV.html'
removed '/usr/lib/node_modules/node-red/node_modules/@node-red/nodes/locales/zh-CN/parsers/70-HTML.html'
removed directory '/usr/lib/node_modules/node-red/node_modules/@node-red/nodes/locales/zh-CN/parsers'
removed '/usr/lib/node_modules/node-red/node_modules/@node-red/nodes/locales/zh-CN/network/31-tcpin.html'
removed '/usr/lib/node_modules/node-red/node_modules/@node-red/nodes/locales/zh-CN/network/21-httpin.html'
removed '/usr/lib/node_modules/node-red/node_modules/@node-red/nodes/locales/zh-CN/network/06-httpproxy.html'
removed '/usr/lib/node_modules/node-red/node_modules/@node-red/nodes/locales/zh-CN/network/32-udp.html'
removed '/usr/lib/node_modules/node-red/node_modules/@node-red/nodes/locales/zh-CN/network/22-websocket.html'
removed '/usr/lib/node_modules/node-red/node_modules/@node-red/nodes/locales/zh-CN/network/21-httprequest.html'
removed '/usr/lib/node_modules/node-red/node_modules/@node-red/nodes/locales/zh-CN/network/10-mqtt.html'
removed '/usr/lib/node_modules/node-red/node_modules/@node-red/nodes/locales/zh-CN/network/05-tls.html'
removed directory '/usr/lib/node_modules/node-red/node_modules/@node-red/nodes/locales/zh-CN/network'
removed '/usr/lib/node_modules/node-red/node_modules/@node-red/nodes/locales/zh-CN/sequence/18-sort.html'
removed '/usr/lib/node_modules/node-red/node_modules/@node-red/nodes/locales/zh-CN/sequence/17-split.html'
removed '/usr/lib/node_modules/node-red/node_modules/@node-red/nodes/locales/zh-CN/sequence/19-batch.html'
removed directory '/usr/lib/node_modules/node-red/node_modules/@node-red/nodes/locales/zh-CN/sequence'
removed '/usr/lib/node_modules/node-red/node_modules/@node-red/nodes/locales/zh-CN/common/90-comment.html'
removed '/usr/lib/node_modules/node-red/node_modules/@node-red/nodes/locales/zh-CN/common/20-inject.html'
removed '/usr/lib/node_modules/node-red/node_modules/@node-red/nodes/locales/zh-CN/common/25-catch.html'
removed '/usr/lib/node_modules/node-red/node_modules/@node-red/nodes/locales/zh-CN/common/60-link.html'
removed '/usr/lib/node_modules/node-red/node_modules/@node-red/nodes/locales/zh-CN/common/25-status.html'
removed '/usr/lib/node_modules/node-red/node_modules/@node-red/nodes/locales/zh-CN/common/24-complete.html'
removed '/usr/lib/node_modules/node-red/node_modules/@node-red/nodes/locales/zh-CN/common/21-debug.html'
removed '/usr/lib/node_modules/node-red/node_modules/@node-red/nodes/locales/zh-CN/common/98-unknown.html'
removed directory '/usr/lib/node_modules/node-red/node_modules/@node-red/nodes/locales/zh-CN/common'
removed directory '/usr/lib/node_modules/node-red/node_modules/@node-red/nodes/locales/zh-CN'
removed '/usr/lib/node_modules/node-red/node_modules/@node-red/nodes/locales/de/messages.json'
removed '/usr/lib/node_modules/node-red/node_modules/@node-red/nodes/locales/de/function/90-exec.html'
removed '/usr/lib/node_modules/node-red/node_modules/@node-red/nodes/locales/de/function/89-trigger.html'
removed '/usr/lib/node_modules/node-red/node_modules/@node-red/nodes/locales/de/function/10-function.html'
removed '/usr/lib/node_modules/node-red/node_modules/@node-red/nodes/locales/de/function/10-switch.html'
removed '/usr/lib/node_modules/node-red/node_modules/@node-red/nodes/locales/de/function/16-range.html'
removed '/usr/lib/node_modules/node-red/node_modules/@node-red/nodes/locales/de/function/15-change.html'
removed '/usr/lib/node_modules/node-red/node_modules/@node-red/nodes/locales/de/function/rbe.html'
removed '/usr/lib/node_modules/node-red/node_modules/@node-red/nodes/locales/de/function/80-template.html'
removed '/usr/lib/node_modules/node-red/node_modules/@node-red/nodes/locales/de/function/89-delay.html'
removed directory '/usr/lib/node_modules/node-red/node_modules/@node-red/nodes/locales/de/function'
removed '/usr/lib/node_modules/node-red/node_modules/@node-red/nodes/locales/de/storage/10-file.html'
removed '/usr/lib/node_modules/node-red/node_modules/@node-red/nodes/locales/de/storage/23-watch.html'
removed directory '/usr/lib/node_modules/node-red/node_modules/@node-red/nodes/locales/de/storage'
removed '/usr/lib/node_modules/node-red/node_modules/@node-red/nodes/locales/de/parsers/70-YAML.html'
removed '/usr/lib/node_modules/node-red/node_modules/@node-red/nodes/locales/de/parsers/70-XML.html'
removed '/usr/lib/node_modules/node-red/node_modules/@node-red/nodes/locales/de/parsers/70-JSON.html'
removed '/usr/lib/node_modules/node-red/node_modules/@node-red/nodes/locales/de/parsers/70-CSV.html'
removed '/usr/lib/node_modules/node-red/node_modules/@node-red/nodes/locales/de/parsers/70-HTML.html'
removed directory '/usr/lib/node_modules/node-red/node_modules/@node-red/nodes/locales/de/parsers'
removed '/usr/lib/node_modules/node-red/node_modules/@node-red/nodes/locales/de/network/31-tcpin.html'
removed '/usr/lib/node_modules/node-red/node_modules/@node-red/nodes/locales/de/network/21-httpin.html'
removed '/usr/lib/node_modules/node-red/node_modules/@node-red/nodes/locales/de/network/06-httpproxy.html'
removed '/usr/lib/node_modules/node-red/node_modules/@node-red/nodes/locales/de/network/32-udp.html'
removed '/usr/lib/node_modules/node-red/node_modules/@node-red/nodes/locales/de/network/22-websocket.html'
removed '/usr/lib/node_modules/node-red/node_modules/@node-red/nodes/locales/de/network/21-httprequest.html'
removed '/usr/lib/node_modules/node-red/node_modules/@node-red/nodes/locales/de/network/10-mqtt.html'
removed '/usr/lib/node_modules/node-red/node_modules/@node-red/nodes/locales/de/network/05-tls.html'
removed directory '/usr/lib/node_modules/node-red/node_modules/@node-red/nodes/locales/de/network'
removed '/usr/lib/node_modules/node-red/node_modules/@node-red/nodes/locales/de/sequence/18-sort.html'
removed '/usr/lib/node_modules/node-red/node_modules/@node-red/nodes/locales/de/sequence/17-split.html'
removed '/usr/lib/node_modules/node-red/node_modules/@node-red/nodes/locales/de/sequence/19-batch.html'
removed directory '/usr/lib/node_modules/node-red/node_modules/@node-red/nodes/locales/de/sequence'
removed '/usr/lib/node_modules/node-red/node_modules/@node-red/nodes/locales/de/common/90-comment.html'
removed '/usr/lib/node_modules/node-red/node_modules/@node-red/nodes/locales/de/common/20-inject.html'
removed '/usr/lib/node_modules/node-red/node_modules/@node-red/nodes/locales/de/common/25-catch.html'
removed '/usr/lib/node_modules/node-red/node_modules/@node-red/nodes/locales/de/common/60-link.html'
removed '/usr/lib/node_modules/node-red/node_modules/@node-red/nodes/locales/de/common/25-status.html'
removed '/usr/lib/node_modules/node-red/node_modules/@node-red/nodes/locales/de/common/24-complete.html'
removed '/usr/lib/node_modules/node-red/node_modules/@node-red/nodes/locales/de/common/21-debug.html'
removed '/usr/lib/node_modules/node-red/node_modules/@node-red/nodes/locales/de/common/98-unknown.html'
removed directory '/usr/lib/node_modules/node-red/node_modules/@node-red/nodes/locales/de/common'
removed directory '/usr/lib/node_modules/node-red/node_modules/@node-red/nodes/locales/de'
removed '/usr/lib/node_modules/node-red/node_modules/@node-red/nodes/locales/ko/messages.json'
removed '/usr/lib/node_modules/node-red/node_modules/@node-red/nodes/locales/ko/function/90-exec.html'
removed '/usr/lib/node_modules/node-red/node_modules/@node-red/nodes/locales/ko/function/89-trigger.html'
removed '/usr/lib/node_modules/node-red/node_modules/@node-red/nodes/locales/ko/function/10-function.html'
removed '/usr/lib/node_modules/node-red/node_modules/@node-red/nodes/locales/ko/function/10-switch.html'
removed '/usr/lib/node_modules/node-red/node_modules/@node-red/nodes/locales/ko/function/16-range.html'
removed '/usr/lib/node_modules/node-red/node_modules/@node-red/nodes/locales/ko/function/15-change.html'
removed '/usr/lib/node_modules/node-red/node_modules/@node-red/nodes/locales/ko/function/80-template.html'
removed '/usr/lib/node_modules/node-red/node_modules/@node-red/nodes/locales/ko/function/89-delay.html'
removed directory '/usr/lib/node_modules/node-red/node_modules/@node-red/nodes/locales/ko/function'
removed '/usr/lib/node_modules/node-red/node_modules/@node-red/nodes/locales/ko/storage/10-file.html'
removed '/usr/lib/node_modules/node-red/node_modules/@node-red/nodes/locales/ko/storage/23-watch.html'
removed directory '/usr/lib/node_modules/node-red/node_modules/@node-red/nodes/locales/ko/storage'
removed '/usr/lib/node_modules/node-red/node_modules/@node-red/nodes/locales/ko/parsers/70-YAML.html'
removed '/usr/lib/node_modules/node-red/node_modules/@node-red/nodes/locales/ko/parsers/70-XML.html'
removed '/usr/lib/node_modules/node-red/node_modules/@node-red/nodes/locales/ko/parsers/70-JSON.html'
removed '/usr/lib/node_modules/node-red/node_modules/@node-red/nodes/locales/ko/parsers/70-CSV.html'
removed '/usr/lib/node_modules/node-red/node_modules/@node-red/nodes/locales/ko/parsers/70-HTML.html'
removed directory '/usr/lib/node_modules/node-red/node_modules/@node-red/nodes/locales/ko/parsers'
removed '/usr/lib/node_modules/node-red/node_modules/@node-red/nodes/locales/ko/network/31-tcpin.html'
removed '/usr/lib/node_modules/node-red/node_modules/@node-red/nodes/locales/ko/network/21-httpin.html'
removed '/usr/lib/node_modules/node-red/node_modules/@node-red/nodes/locales/ko/network/06-httpproxy.html'
removed '/usr/lib/node_modules/node-red/node_modules/@node-red/nodes/locales/ko/network/32-udp.html'
removed '/usr/lib/node_modules/node-red/node_modules/@node-red/nodes/locales/ko/network/22-websocket.html'
removed '/usr/lib/node_modules/node-red/node_modules/@node-red/nodes/locales/ko/network/21-httprequest.html'
removed '/usr/lib/node_modules/node-red/node_modules/@node-red/nodes/locales/ko/network/10-mqtt.html'
removed '/usr/lib/node_modules/node-red/node_modules/@node-red/nodes/locales/ko/network/05-tls.html'
removed directory '/usr/lib/node_modules/node-red/node_modules/@node-red/nodes/locales/ko/network'
removed '/usr/lib/node_modules/node-red/node_modules/@node-red/nodes/locales/ko/sequence/18-sort.html'
removed '/usr/lib/node_modules/node-red/node_modules/@node-red/nodes/locales/ko/sequence/17-split.html'
removed '/usr/lib/node_modules/node-red/node_modules/@node-red/nodes/locales/ko/sequence/19-batch.html'
removed directory '/usr/lib/node_modules/node-red/node_modules/@node-red/nodes/locales/ko/sequence'
removed '/usr/lib/node_modules/node-red/node_modules/@node-red/nodes/locales/ko/common/90-comment.html'
removed '/usr/lib/node_modules/node-red/node_modules/@node-red/nodes/locales/ko/common/20-inject.html'
removed '/usr/lib/node_modules/node-red/node_modules/@node-red/nodes/locales/ko/common/25-catch.html'
removed '/usr/lib/node_modules/node-red/node_modules/@node-red/nodes/locales/ko/common/60-link.html'
removed '/usr/lib/node_modules/node-red/node_modules/@node-red/nodes/locales/ko/common/25-status.html'
removed '/usr/lib/node_modules/node-red/node_modules/@node-red/nodes/locales/ko/common/21-debug.html'
removed '/usr/lib/node_modules/node-red/node_modules/@node-red/nodes/locales/ko/common/98-unknown.html'
removed directory '/usr/lib/node_modules/node-red/node_modules/@node-red/nodes/locales/ko/common'
removed directory '/usr/lib/node_modules/node-red/node_modules/@node-red/nodes/locales/ko'
removed '/usr/lib/node_modules/node-red/node_modules/@node-red/nodes/locales/ru/messages.json'
removed '/usr/lib/node_modules/node-red/node_modules/@node-red/nodes/locales/ru/function/90-exec.html'
removed '/usr/lib/node_modules/node-red/node_modules/@node-red/nodes/locales/ru/function/89-trigger.html'
removed '/usr/lib/node_modules/node-red/node_modules/@node-red/nodes/locales/ru/function/10-function.html'
removed '/usr/lib/node_modules/node-red/node_modules/@node-red/nodes/locales/ru/function/10-switch.html'
removed '/usr/lib/node_modules/node-red/node_modules/@node-red/nodes/locales/ru/function/16-range.html'
removed '/usr/lib/node_modules/node-red/node_modules/@node-red/nodes/locales/ru/function/15-change.html'
removed '/usr/lib/node_modules/node-red/node_modules/@node-red/nodes/locales/ru/function/80-template.html'
removed '/usr/lib/node_modules/node-red/node_modules/@node-red/nodes/locales/ru/function/89-delay.html'
removed directory '/usr/lib/node_modules/node-red/node_modules/@node-red/nodes/locales/ru/function'
removed '/usr/lib/node_modules/node-red/node_modules/@node-red/nodes/locales/ru/storage/10-file.html'
removed '/usr/lib/node_modules/node-red/node_modules/@node-red/nodes/locales/ru/storage/23-watch.html'
removed directory '/usr/lib/node_modules/node-red/node_modules/@node-red/nodes/locales/ru/storage'
removed '/usr/lib/node_modules/node-red/node_modules/@node-red/nodes/locales/ru/parsers/70-YAML.html'
removed '/usr/lib/node_modules/node-red/node_modules/@node-red/nodes/locales/ru/parsers/70-XML.html'
removed '/usr/lib/node_modules/node-red/node_modules/@node-red/nodes/locales/ru/parsers/70-JSON.html'
removed '/usr/lib/node_modules/node-red/node_modules/@node-red/nodes/locales/ru/parsers/70-CSV.html'
removed '/usr/lib/node_modules/node-red/node_modules/@node-red/nodes/locales/ru/parsers/70-HTML.html'
removed directory '/usr/lib/node_modules/node-red/node_modules/@node-red/nodes/locales/ru/parsers'
removed '/usr/lib/node_modules/node-red/node_modules/@node-red/nodes/locales/ru/network/31-tcpin.html'
removed '/usr/lib/node_modules/node-red/node_modules/@node-red/nodes/locales/ru/network/21-httpin.html'
removed '/usr/lib/node_modules/node-red/node_modules/@node-red/nodes/locales/ru/network/06-httpproxy.html'
removed '/usr/lib/node_modules/node-red/node_modules/@node-red/nodes/locales/ru/network/32-udp.html'
removed '/usr/lib/node_modules/node-red/node_modules/@node-red/nodes/locales/ru/network/22-websocket.html'
removed '/usr/lib/node_modules/node-red/node_modules/@node-red/nodes/locales/ru/network/21-httprequest.html'
removed '/usr/lib/node_modules/node-red/node_modules/@node-red/nodes/locales/ru/network/10-mqtt.html'
removed '/usr/lib/node_modules/node-red/node_modules/@node-red/nodes/locales/ru/network/05-tls.html'
removed directory '/usr/lib/node_modules/node-red/node_modules/@node-red/nodes/locales/ru/network'
removed '/usr/lib/node_modules/node-red/node_modules/@node-red/nodes/locales/ru/sequence/18-sort.html'
removed '/usr/lib/node_modules/node-red/node_modules/@node-red/nodes/locales/ru/sequence/17-split.html'
removed '/usr/lib/node_modules/node-red/node_modules/@node-red/nodes/locales/ru/sequence/19-batch.html'
removed directory '/usr/lib/node_modules/node-red/node_modules/@node-red/nodes/locales/ru/sequence'
removed '/usr/lib/node_modules/node-red/node_modules/@node-red/nodes/locales/ru/common/90-comment.html'
removed '/usr/lib/node_modules/node-red/node_modules/@node-red/nodes/locales/ru/common/20-inject.html'
removed '/usr/lib/node_modules/node-red/node_modules/@node-red/nodes/locales/ru/common/25-catch.html'
removed '/usr/lib/node_modules/node-red/node_modules/@node-red/nodes/locales/ru/common/60-link.html'
removed '/usr/lib/node_modules/node-red/node_modules/@node-red/nodes/locales/ru/common/25-status.html'
removed '/usr/lib/node_modules/node-red/node_modules/@node-red/nodes/locales/ru/common/24-complete.html'
removed '/usr/lib/node_modules/node-red/node_modules/@node-red/nodes/locales/ru/common/21-debug.html'
removed '/usr/lib/node_modules/node-red/node_modules/@node-red/nodes/locales/ru/common/98-unknown.html'
removed directory '/usr/lib/node_modules/node-red/node_modules/@node-red/nodes/locales/ru/common'
removed directory '/usr/lib/node_modules/node-red/node_modules/@node-red/nodes/locales/ru'
removed '/usr/lib/node_modules/node-red/node_modules/@node-red/nodes/locales/es-ES/messages.json'
removed '/usr/lib/node_modules/node-red/node_modules/@node-red/nodes/locales/es-ES/function/90-exec.html'
removed '/usr/lib/node_modules/node-red/node_modules/@node-red/nodes/locales/es-ES/function/89-trigger.html'
removed '/usr/lib/node_modules/node-red/node_modules/@node-red/nodes/locales/es-ES/function/10-function.html'
removed '/usr/lib/node_modules/node-red/node_modules/@node-red/nodes/locales/es-ES/function/10-switch.html'
removed '/usr/lib/node_modules/node-red/node_modules/@node-red/nodes/locales/es-ES/function/16-range.html'
removed '/usr/lib/node_modules/node-red/node_modules/@node-red/nodes/locales/es-ES/function/15-change.html'
removed '/usr/lib/node_modules/node-red/node_modules/@node-red/nodes/locales/es-ES/function/rbe.html'
removed '/usr/lib/node_modules/node-red/node_modules/@node-red/nodes/locales/es-ES/function/80-template.html'
removed '/usr/lib/node_modules/node-red/node_modules/@node-red/nodes/locales/es-ES/function/89-delay.html'
removed directory '/usr/lib/node_modules/node-red/node_modules/@node-red/nodes/locales/es-ES/function'
removed '/usr/lib/node_modules/node-red/node_modules/@node-red/nodes/locales/es-ES/storage/10-file.html'
removed '/usr/lib/node_modules/node-red/node_modules/@node-red/nodes/locales/es-ES/storage/23-watch.html'
removed directory '/usr/lib/node_modules/node-red/node_modules/@node-red/nodes/locales/es-ES/storage'
removed '/usr/lib/node_modules/node-red/node_modules/@node-red/nodes/locales/es-ES/parsers/70-YAML.html'
removed '/usr/lib/node_modules/node-red/node_modules/@node-red/nodes/locales/es-ES/parsers/70-XML.html'
removed '/usr/lib/node_modules/node-red/node_modules/@node-red/nodes/locales/es-ES/parsers/70-JSON.html'
removed '/usr/lib/node_modules/node-red/node_modules/@node-red/nodes/locales/es-ES/parsers/70-CSV.html'
removed '/usr/lib/node_modules/node-red/node_modules/@node-red/nodes/locales/es-ES/parsers/70-HTML.html'
removed directory '/usr/lib/node_modules/node-red/node_modules/@node-red/nodes/locales/es-ES/parsers'
removed '/usr/lib/node_modules/node-red/node_modules/@node-red/nodes/locales/es-ES/network/31-tcpin.html'
removed '/usr/lib/node_modules/node-red/node_modules/@node-red/nodes/locales/es-ES/network/21-httpin.html'
removed '/usr/lib/node_modules/node-red/node_modules/@node-red/nodes/locales/es-ES/network/06-httpproxy.html'
removed '/usr/lib/node_modules/node-red/node_modules/@node-red/nodes/locales/es-ES/network/32-udp.html'
removed '/usr/lib/node_modules/node-red/node_modules/@node-red/nodes/locales/es-ES/network/22-websocket.html'
removed '/usr/lib/node_modules/node-red/node_modules/@node-red/nodes/locales/es-ES/network/21-httprequest.html'
removed '/usr/lib/node_modules/node-red/node_modules/@node-red/nodes/locales/es-ES/network/10-mqtt.html'
removed '/usr/lib/node_modules/node-red/node_modules/@node-red/nodes/locales/es-ES/network/05-tls.html'
removed directory '/usr/lib/node_modules/node-red/node_modules/@node-red/nodes/locales/es-ES/network'
removed '/usr/lib/node_modules/node-red/node_modules/@node-red/nodes/locales/es-ES/sequence/18-sort.html'
removed '/usr/lib/node_modules/node-red/node_modules/@node-red/nodes/locales/es-ES/sequence/17-split.html'
removed '/usr/lib/node_modules/node-red/node_modules/@node-red/nodes/locales/es-ES/sequence/19-batch.html'
removed directory '/usr/lib/node_modules/node-red/node_modules/@node-red/nodes/locales/es-ES/sequence'
removed '/usr/lib/node_modules/node-red/node_modules/@node-red/nodes/locales/es-ES/common/90-comment.html'
removed '/usr/lib/node_modules/node-red/node_modules/@node-red/nodes/locales/es-ES/common/20-inject.html'
removed '/usr/lib/node_modules/node-red/node_modules/@node-red/nodes/locales/es-ES/common/25-catch.html'
removed '/usr/lib/node_modules/node-red/node_modules/@node-red/nodes/locales/es-ES/common/60-link.html'
removed '/usr/lib/node_modules/node-red/node_modules/@node-red/nodes/locales/es-ES/common/25-status.html'
removed '/usr/lib/node_modules/node-red/node_modules/@node-red/nodes/locales/es-ES/common/24-complete.html'
removed '/usr/lib/node_modules/node-red/node_modules/@node-red/nodes/locales/es-ES/common/91-global-config.html'
removed '/usr/lib/node_modules/node-red/node_modules/@node-red/nodes/locales/es-ES/common/21-debug.html'
removed '/usr/lib/node_modules/node-red/node_modules/@node-red/nodes/locales/es-ES/common/98-unknown.html'
removed directory '/usr/lib/node_modules/node-red/node_modules/@node-red/nodes/locales/es-ES/common'
removed directory '/usr/lib/node_modules/node-red/node_modules/@node-red/nodes/locales/es-ES'
removed '/usr/lib/node_modules/node-red/node_modules/@node-red/nodes/locales/pt-BR/messages.json'
removed '/usr/lib/node_modules/node-red/node_modules/@node-red/nodes/locales/pt-BR/function/90-exec.html'
removed '/usr/lib/node_modules/node-red/node_modules/@node-red/nodes/locales/pt-BR/function/89-trigger.html'
removed '/usr/lib/node_modules/node-red/node_modules/@node-red/nodes/locales/pt-BR/function/10-function.html'
removed '/usr/lib/node_modules/node-red/node_modules/@node-red/nodes/locales/pt-BR/function/10-switch.html'
removed '/usr/lib/node_modules/node-red/node_modules/@node-red/nodes/locales/pt-BR/function/16-range.html'
removed '/usr/lib/node_modules/node-red/node_modules/@node-red/nodes/locales/pt-BR/function/15-change.html'
removed '/usr/lib/node_modules/node-red/node_modules/@node-red/nodes/locales/pt-BR/function/rbe.html'
removed '/usr/lib/node_modules/node-red/node_modules/@node-red/nodes/locales/pt-BR/function/80-template.html'
removed '/usr/lib/node_modules/node-red/node_modules/@node-red/nodes/locales/pt-BR/function/89-delay.html'
removed directory '/usr/lib/node_modules/node-red/node_modules/@node-red/nodes/locales/pt-BR/function'
removed '/usr/lib/node_modules/node-red/node_modules/@node-red/nodes/locales/pt-BR/storage/10-file.html'
removed '/usr/lib/node_modules/node-red/node_modules/@node-red/nodes/locales/pt-BR/storage/23-watch.html'
removed directory '/usr/lib/node_modules/node-red/node_modules/@node-red/nodes/locales/pt-BR/storage'
removed '/usr/lib/node_modules/node-red/node_modules/@node-red/nodes/locales/pt-BR/parsers/70-YAML.html'
removed '/usr/lib/node_modules/node-red/node_modules/@node-red/nodes/locales/pt-BR/parsers/70-XML.html'
removed '/usr/lib/node_modules/node-red/node_modules/@node-red/nodes/locales/pt-BR/parsers/70-JSON.html'
removed '/usr/lib/node_modules/node-red/node_modules/@node-red/nodes/locales/pt-BR/parsers/70-CSV.html'
removed '/usr/lib/node_modules/node-red/node_modules/@node-red/nodes/locales/pt-BR/parsers/70-HTML.html'
removed directory '/usr/lib/node_modules/node-red/node_modules/@node-red/nodes/locales/pt-BR/parsers'
removed '/usr/lib/node_modules/node-red/node_modules/@node-red/nodes/locales/pt-BR/network/31-tcpin.html'
removed '/usr/lib/node_modules/node-red/node_modules/@node-red/nodes/locales/pt-BR/network/21-httpin.html'
removed '/usr/lib/node_modules/node-red/node_modules/@node-red/nodes/locales/pt-BR/network/06-httpproxy.html'
removed '/usr/lib/node_modules/node-red/node_modules/@node-red/nodes/locales/pt-BR/network/32-udp.html'
removed '/usr/lib/node_modules/node-red/node_modules/@node-red/nodes/locales/pt-BR/network/22-websocket.html'
removed '/usr/lib/node_modules/node-red/node_modules/@node-red/nodes/locales/pt-BR/network/21-httprequest.html'
removed '/usr/lib/node_modules/node-red/node_modules/@node-red/nodes/locales/pt-BR/network/10-mqtt.html'
removed '/usr/lib/node_modules/node-red/node_modules/@node-red/nodes/locales/pt-BR/network/05-tls.html'
removed directory '/usr/lib/node_modules/node-red/node_modules/@node-red/nodes/locales/pt-BR/network'
removed '/usr/lib/node_modules/node-red/node_modules/@node-red/nodes/locales/pt-BR/sequence/18-sort.html'
removed '/usr/lib/node_modules/node-red/node_modules/@node-red/nodes/locales/pt-BR/sequence/17-split.html'
removed '/usr/lib/node_modules/node-red/node_modules/@node-red/nodes/locales/pt-BR/sequence/19-batch.html'
removed directory '/usr/lib/node_modules/node-red/node_modules/@node-red/nodes/locales/pt-BR/sequence'
removed '/usr/lib/node_modules/node-red/node_modules/@node-red/nodes/locales/pt-BR/common/90-comment.html'
removed '/usr/lib/node_modules/node-red/node_modules/@node-red/nodes/locales/pt-BR/common/20-inject.html'
removed '/usr/lib/node_modules/node-red/node_modules/@node-red/nodes/locales/pt-BR/common/25-catch.html'
removed '/usr/lib/node_modules/node-red/node_modules/@node-red/nodes/locales/pt-BR/common/60-link.html'
removed '/usr/lib/node_modules/node-red/node_modules/@node-red/nodes/locales/pt-BR/common/25-status.html'
removed '/usr/lib/node_modules/node-red/node_modules/@node-red/nodes/locales/pt-BR/common/24-complete.html'
removed '/usr/lib/node_modules/node-red/node_modules/@node-red/nodes/locales/pt-BR/common/21-debug.html'
removed '/usr/lib/node_modules/node-red/node_modules/@node-red/nodes/locales/pt-BR/common/98-unknown.html'
removed directory '/usr/lib/node_modules/node-red/node_modules/@node-red/nodes/locales/pt-BR/common'
removed directory '/usr/lib/node_modules/node-red/node_modules/@node-red/nodes/locales/pt-BR'
removed '/usr/lib/node_modules/node-red/node_modules/@node-red/nodes/locales/ja/messages.json'
removed '/usr/lib/node_modules/node-red/node_modules/@node-red/nodes/locales/ja/function/90-exec.html'
removed '/usr/lib/node_modules/node-red/node_modules/@node-red/nodes/locales/ja/function/89-trigger.html'
removed '/usr/lib/node_modules/node-red/node_modules/@node-red/nodes/locales/ja/function/10-function.html'
removed '/usr/lib/node_modules/node-red/node_modules/@node-red/nodes/locales/ja/function/10-switch.html'
removed '/usr/lib/node_modules/node-red/node_modules/@node-red/nodes/locales/ja/function/16-range.html'
removed '/usr/lib/node_modules/node-red/node_modules/@node-red/nodes/locales/ja/function/15-change.html'
removed '/usr/lib/node_modules/node-red/node_modules/@node-red/nodes/locales/ja/function/rbe.html'
removed '/usr/lib/node_modules/node-red/node_modules/@node-red/nodes/locales/ja/function/80-template.html'
removed '/usr/lib/node_modules/node-red/node_modules/@node-red/nodes/locales/ja/function/89-delay.html'
removed directory '/usr/lib/node_modules/node-red/node_modules/@node-red/nodes/locales/ja/function'
removed '/usr/lib/node_modules/node-red/node_modules/@node-red/nodes/locales/ja/storage/10-file.html'
removed '/usr/lib/node_modules/node-red/node_modules/@node-red/nodes/locales/ja/storage/23-watch.html'
removed directory '/usr/lib/node_modules/node-red/node_modules/@node-red/nodes/locales/ja/storage'
removed '/usr/lib/node_modules/node-red/node_modules/@node-red/nodes/locales/ja/parsers/70-YAML.html'
removed '/usr/lib/node_modules/node-red/node_modules/@node-red/nodes/locales/ja/parsers/70-XML.html'
removed '/usr/lib/node_modules/node-red/node_modules/@node-red/nodes/locales/ja/parsers/70-JSON.html'
removed '/usr/lib/node_modules/node-red/node_modules/@node-red/nodes/locales/ja/parsers/70-CSV.html'
removed '/usr/lib/node_modules/node-red/node_modules/@node-red/nodes/locales/ja/parsers/70-HTML.html'
removed directory '/usr/lib/node_modules/node-red/node_modules/@node-red/nodes/locales/ja/parsers'
removed '/usr/lib/node_modules/node-red/node_modules/@node-red/nodes/locales/ja/network/31-tcpin.html'
removed '/usr/lib/node_modules/node-red/node_modules/@node-red/nodes/locales/ja/network/21-httpin.html'
removed '/usr/lib/node_modules/node-red/node_modules/@node-red/nodes/locales/ja/network/06-httpproxy.html'
removed '/usr/lib/node_modules/node-red/node_modules/@node-red/nodes/locales/ja/network/32-udp.html'
removed '/usr/lib/node_modules/node-red/node_modules/@node-red/nodes/locales/ja/network/22-websocket.html'
removed '/usr/lib/node_modules/node-red/node_modules/@node-red/nodes/locales/ja/network/21-httprequest.html'
removed '/usr/lib/node_modules/node-red/node_modules/@node-red/nodes/locales/ja/network/10-mqtt.html'
removed '/usr/lib/node_modules/node-red/node_modules/@node-red/nodes/locales/ja/network/05-tls.html'
removed directory '/usr/lib/node_modules/node-red/node_modules/@node-red/nodes/locales/ja/network'
removed '/usr/lib/node_modules/node-red/node_modules/@node-red/nodes/locales/ja/sequence/18-sort.html'
removed '/usr/lib/node_modules/node-red/node_modules/@node-red/nodes/locales/ja/sequence/17-split.html'
removed '/usr/lib/node_modules/node-red/node_modules/@node-red/nodes/locales/ja/sequence/19-batch.html'
removed directory '/usr/lib/node_modules/node-red/node_modules/@node-red/nodes/locales/ja/sequence'
removed '/usr/lib/node_modules/node-red/node_modules/@node-red/nodes/locales/ja/common/90-comment.html'
removed '/usr/lib/node_modules/node-red/node_modules/@node-red/nodes/locales/ja/common/20-inject.html'
removed '/usr/lib/node_modules/node-red/node_modules/@node-red/nodes/locales/ja/common/25-catch.html'
removed '/usr/lib/node_modules/node-red/node_modules/@node-red/nodes/locales/ja/common/60-link.html'
removed '/usr/lib/node_modules/node-red/node_modules/@node-red/nodes/locales/ja/common/25-status.html'
removed '/usr/lib/node_modules/node-red/node_modules/@node-red/nodes/locales/ja/common/24-complete.html'
removed '/usr/lib/node_modules/node-red/node_modules/@node-red/nodes/locales/ja/common/91-global-config.html'
removed '/usr/lib/node_modules/node-red/node_modules/@node-red/nodes/locales/ja/common/21-debug.html'
removed '/usr/lib/node_modules/node-red/node_modules/@node-red/nodes/locales/ja/common/98-unknown.html'
removed directory '/usr/lib/node_modules/node-red/node_modules/@node-red/nodes/locales/ja/common'
removed directory '/usr/lib/node_modules/node-red/node_modules/@node-red/nodes/locales/ja'
removed '/usr/lib/node_modules/node-red/node_modules/@node-red/nodes/locales/en-US/messages.json'
removed '/usr/lib/node_modules/node-red/node_modules/@node-red/nodes/locales/en-US/function/90-exec.html'
removed '/usr/lib/node_modules/node-red/node_modules/@node-red/nodes/locales/en-US/function/89-trigger.html'
removed '/usr/lib/node_modules/node-red/node_modules/@node-red/nodes/locales/en-US/function/10-function.html'
removed '/usr/lib/node_modules/node-red/node_modules/@node-red/nodes/locales/en-US/function/10-switch.html'
removed '/usr/lib/node_modules/node-red/node_modules/@node-red/nodes/locales/en-US/function/16-range.html'
removed '/usr/lib/node_modules/node-red/node_modules/@node-red/nodes/locales/en-US/function/15-change.html'
removed '/usr/lib/node_modules/node-red/node_modules/@node-red/nodes/locales/en-US/function/rbe.html'
removed '/usr/lib/node_modules/node-red/node_modules/@node-red/nodes/locales/en-US/function/80-template.html'
removed '/usr/lib/node_modules/node-red/node_modules/@node-red/nodes/locales/en-US/function/89-delay.html'
removed directory '/usr/lib/node_modules/node-red/node_modules/@node-red/nodes/locales/en-US/function'
removed '/usr/lib/node_modules/node-red/node_modules/@node-red/nodes/locales/en-US/storage/10-file.html'
removed '/usr/lib/node_modules/node-red/node_modules/@node-red/nodes/locales/en-US/storage/23-watch.html'
removed directory '/usr/lib/node_modules/node-red/node_modules/@node-red/nodes/locales/en-US/storage'
removed '/usr/lib/node_modules/node-red/node_modules/@node-red/nodes/locales/en-US/parsers/70-YAML.html'
removed '/usr/lib/node_modules/node-red/node_modules/@node-red/nodes/locales/en-US/parsers/70-XML.html'
removed '/usr/lib/node_modules/node-red/node_modules/@node-red/nodes/locales/en-US/parsers/70-JSON.html'
removed '/usr/lib/node_modules/node-red/node_modules/@node-red/nodes/locales/en-US/parsers/70-CSV.html'
removed '/usr/lib/node_modules/node-red/node_modules/@node-red/nodes/locales/en-US/parsers/70-HTML.html'
removed directory '/usr/lib/node_modules/node-red/node_modules/@node-red/nodes/locales/en-US/parsers'
removed '/usr/lib/node_modules/node-red/node_modules/@node-red/nodes/locales/en-US/network/31-tcpin.html'
removed '/usr/lib/node_modules/node-red/node_modules/@node-red/nodes/locales/en-US/network/21-httpin.html'
removed '/usr/lib/node_modules/node-red/node_modules/@node-red/nodes/locales/en-US/network/06-httpproxy.html'
removed '/usr/lib/node_modules/node-red/node_modules/@node-red/nodes/locales/en-US/network/32-udp.html'
removed '/usr/lib/node_modules/node-red/node_modules/@node-red/nodes/locales/en-US/network/22-websocket.html'
removed '/usr/lib/node_modules/node-red/node_modules/@node-red/nodes/locales/en-US/network/21-httprequest.html'
removed '/usr/lib/node_modules/node-red/node_modules/@node-red/nodes/locales/en-US/network/10-mqtt.html'
removed '/usr/lib/node_modules/node-red/node_modules/@node-red/nodes/locales/en-US/network/05-tls.html'
removed directory '/usr/lib/node_modules/node-red/node_modules/@node-red/nodes/locales/en-US/network'
removed '/usr/lib/node_modules/node-red/node_modules/@node-red/nodes/locales/en-US/sequence/18-sort.html'
removed '/usr/lib/node_modules/node-red/node_modules/@node-red/nodes/locales/en-US/sequence/17-split.html'
removed '/usr/lib/node_modules/node-red/node_modules/@node-red/nodes/locales/en-US/sequence/19-batch.html'
removed directory '/usr/lib/node_modules/node-red/node_modules/@node-red/nodes/locales/en-US/sequence'
removed '/usr/lib/node_modules/node-red/node_modules/@node-red/nodes/locales/en-US/common/90-comment.html'
removed '/usr/lib/node_modules/node-red/node_modules/@node-red/nodes/locales/en-US/common/20-inject.html'
removed '/usr/lib/node_modules/node-red/node_modules/@node-red/nodes/locales/en-US/common/25-catch.html'
removed '/usr/lib/node_modules/node-red/node_modules/@node-red/nodes/locales/en-US/common/60-link.html'
removed '/usr/lib/node_modules/node-red/node_modules/@node-red/nodes/locales/en-US/common/25-status.html'
removed '/usr/lib/node_modules/node-red/node_modules/@node-red/nodes/locales/en-US/common/24-complete.html'
removed '/usr/lib/node_modules/node-red/node_modules/@node-red/nodes/locales/en-US/common/91-global-config.html'
removed '/usr/lib/node_modules/node-red/node_modules/@node-red/nodes/locales/en-US/common/21-debug.html'
removed '/usr/lib/node_modules/node-red/node_modules/@node-red/nodes/locales/en-US/common/98-unknown.html'
removed directory '/usr/lib/node_modules/node-red/node_modules/@node-red/nodes/locales/en-US/common'
removed directory '/usr/lib/node_modules/node-red/node_modules/@node-red/nodes/locales/en-US'
removed directory '/usr/lib/node_modules/node-red/node_modules/@node-red/nodes/locales'
removed '/usr/lib/node_modules/node-red/node_modules/@node-red/nodes/core/function/10-function.js'
removed '/usr/lib/node_modules/node-red/node_modules/@node-red/nodes/core/function/90-exec.html'
removed '/usr/lib/node_modules/node-red/node_modules/@node-red/nodes/core/function/15-change.js'
removed '/usr/lib/node_modules/node-red/node_modules/@node-red/nodes/core/function/rbe.js'
removed '/usr/lib/node_modules/node-red/node_modules/@node-red/nodes/core/function/10-switch.js'
removed '/usr/lib/node_modules/node-red/node_modules/@node-red/nodes/core/function/89-trigger.js'
removed '/usr/lib/node_modules/node-red/node_modules/@node-red/nodes/core/function/89-trigger.html'
removed '/usr/lib/node_modules/node-red/node_modules/@node-red/nodes/core/function/90-exec.js'
removed '/usr/lib/node_modules/node-red/node_modules/@node-red/nodes/core/function/10-function.html'
removed '/usr/lib/node_modules/node-red/node_modules/@node-red/nodes/core/function/16-range.js'
removed '/usr/lib/node_modules/node-red/node_modules/@node-red/nodes/core/function/10-switch.html'
removed '/usr/lib/node_modules/node-red/node_modules/@node-red/nodes/core/function/16-range.html'
removed '/usr/lib/node_modules/node-red/node_modules/@node-red/nodes/core/function/15-change.html'
removed '/usr/lib/node_modules/node-red/node_modules/@node-red/nodes/core/function/rbe.html'
removed '/usr/lib/node_modules/node-red/node_modules/@node-red/nodes/core/function/80-template.html'
removed '/usr/lib/node_modules/node-red/node_modules/@node-red/nodes/core/function/80-template.js'
removed '/usr/lib/node_modules/node-red/node_modules/@node-red/nodes/core/function/89-delay.js'
removed '/usr/lib/node_modules/node-red/node_modules/@node-red/nodes/core/function/89-delay.html'
removed directory '/usr/lib/node_modules/node-red/node_modules/@node-red/nodes/core/function'
removed '/usr/lib/node_modules/node-red/node_modules/@node-red/nodes/core/storage/10-file.html'
removed '/usr/lib/node_modules/node-red/node_modules/@node-red/nodes/core/storage/23-watch.html'
removed '/usr/lib/node_modules/node-red/node_modules/@node-red/nodes/core/storage/10-file.js'
removed '/usr/lib/node_modules/node-red/node_modules/@node-red/nodes/core/storage/23-watch.js'
removed directory '/usr/lib/node_modules/node-red/node_modules/@node-red/nodes/core/storage'
removed '/usr/lib/node_modules/node-red/node_modules/@node-red/nodes/core/parsers/70-XML.js'
removed '/usr/lib/node_modules/node-red/node_modules/@node-red/nodes/core/parsers/70-HTML.js'
removed '/usr/lib/node_modules/node-red/node_modules/@node-red/nodes/core/parsers/70-CSV.js'
removed '/usr/lib/node_modules/node-red/node_modules/@node-red/nodes/core/parsers/70-YAML.html'
removed '/usr/lib/node_modules/node-red/node_modules/@node-red/nodes/core/parsers/70-YAML.js'
removed '/usr/lib/node_modules/node-red/node_modules/@node-red/nodes/core/parsers/70-XML.html'
removed '/usr/lib/node_modules/node-red/node_modules/@node-red/nodes/core/parsers/70-JSON.html'
removed '/usr/lib/node_modules/node-red/node_modules/@node-red/nodes/core/parsers/70-JSON.js'
removed '/usr/lib/node_modules/node-red/node_modules/@node-red/nodes/core/parsers/lib/csv/index.js'
removed directory '/usr/lib/node_modules/node-red/node_modules/@node-red/nodes/core/parsers/lib/csv'
removed directory '/usr/lib/node_modules/node-red/node_modules/@node-red/nodes/core/parsers/lib'
removed '/usr/lib/node_modules/node-red/node_modules/@node-red/nodes/core/parsers/70-CSV.html'
removed '/usr/lib/node_modules/node-red/node_modules/@node-red/nodes/core/parsers/70-HTML.html'
removed directory '/usr/lib/node_modules/node-red/node_modules/@node-red/nodes/core/parsers'
removed '/usr/lib/node_modules/node-red/node_modules/@node-red/nodes/core/network/06-httpproxy.js'
removed '/usr/lib/node_modules/node-red/node_modules/@node-red/nodes/core/network/31-tcpin.html'
removed '/usr/lib/node_modules/node-red/node_modules/@node-red/nodes/core/network/21-httpin.html'
removed '/usr/lib/node_modules/node-red/node_modules/@node-red/nodes/core/network/22-websocket.js'
removed '/usr/lib/node_modules/node-red/node_modules/@node-red/nodes/core/network/31-tcpin.js'
removed '/usr/lib/node_modules/node-red/node_modules/@node-red/nodes/core/network/21-httpin.js'
removed '/usr/lib/node_modules/node-red/node_modules/@node-red/nodes/core/network/06-httpproxy.html'
removed '/usr/lib/node_modules/node-red/node_modules/@node-red/nodes/core/network/05-tls.js'
removed '/usr/lib/node_modules/node-red/node_modules/@node-red/nodes/core/network/32-udp.html'
removed '/usr/lib/node_modules/node-red/node_modules/@node-red/nodes/core/network/21-httprequest.js'
removed '/usr/lib/node_modules/node-red/node_modules/@node-red/nodes/core/network/22-websocket.html'
removed '/usr/lib/node_modules/node-red/node_modules/@node-red/nodes/core/network/lib/proxyHelper.js'
removed directory '/usr/lib/node_modules/node-red/node_modules/@node-red/nodes/core/network/lib'
removed '/usr/lib/node_modules/node-red/node_modules/@node-red/nodes/core/network/32-udp.js'
removed '/usr/lib/node_modules/node-red/node_modules/@node-red/nodes/core/network/21-httprequest.html'
removed '/usr/lib/node_modules/node-red/node_modules/@node-red/nodes/core/network/10-mqtt.html'
removed '/usr/lib/node_modules/node-red/node_modules/@node-red/nodes/core/network/10-mqtt.js'
removed '/usr/lib/node_modules/node-red/node_modules/@node-red/nodes/core/network/05-tls.html'
removed directory '/usr/lib/node_modules/node-red/node_modules/@node-red/nodes/core/network'
removed '/usr/lib/node_modules/node-red/node_modules/@node-red/nodes/core/sequence/18-sort.js'
removed '/usr/lib/node_modules/node-red/node_modules/@node-red/nodes/core/sequence/18-sort.html'
removed '/usr/lib/node_modules/node-red/node_modules/@node-red/nodes/core/sequence/19-batch.js'
removed '/usr/lib/node_modules/node-red/node_modules/@node-red/nodes/core/sequence/17-split.html'
removed '/usr/lib/node_modules/node-red/node_modules/@node-red/nodes/core/sequence/19-batch.html'
removed '/usr/lib/node_modules/node-red/node_modules/@node-red/nodes/core/sequence/17-split.js'
removed directory '/usr/lib/node_modules/node-red/node_modules/@node-red/nodes/core/sequence'
removed '/usr/lib/node_modules/node-red/node_modules/@node-red/nodes/core/common/90-comment.html'
removed '/usr/lib/node_modules/node-red/node_modules/@node-red/nodes/core/common/20-inject.html'
removed '/usr/lib/node_modules/node-red/node_modules/@node-red/nodes/core/common/25-status.js'
removed '/usr/lib/node_modules/node-red/node_modules/@node-red/nodes/core/common/91-global-config.js'
removed '/usr/lib/node_modules/node-red/node_modules/@node-red/nodes/core/common/98-unknown.js'
removed '/usr/lib/node_modules/node-red/node_modules/@node-red/nodes/core/common/20-inject.js'
removed '/usr/lib/node_modules/node-red/node_modules/@node-red/nodes/core/common/25-catch.html'
removed '/usr/lib/node_modules/node-red/node_modules/@node-red/nodes/core/common/60-link.html'
removed '/usr/lib/node_modules/node-red/node_modules/@node-red/nodes/core/common/21-debug.js'
removed '/usr/lib/node_modules/node-red/node_modules/@node-red/nodes/core/common/60-link.js'
removed '/usr/lib/node_modules/node-red/node_modules/@node-red/nodes/core/common/24-complete.js'
removed '/usr/lib/node_modules/node-red/node_modules/@node-red/nodes/core/common/lib/debug/debug.js'
removed '/usr/lib/node_modules/node-red/node_modules/@node-red/nodes/core/common/lib/debug/debug-utils.js'
removed '/usr/lib/node_modules/node-red/node_modules/@node-red/nodes/core/common/lib/debug/view.html'
removed directory '/usr/lib/node_modules/node-red/node_modules/@node-red/nodes/core/common/lib/debug'
removed directory '/usr/lib/node_modules/node-red/node_modules/@node-red/nodes/core/common/lib'
removed '/usr/lib/node_modules/node-red/node_modules/@node-red/nodes/core/common/05-junction.html'
removed '/usr/lib/node_modules/node-red/node_modules/@node-red/nodes/core/common/25-status.html'
removed '/usr/lib/node_modules/node-red/node_modules/@node-red/nodes/core/common/90-comment.js'
removed '/usr/lib/node_modules/node-red/node_modules/@node-red/nodes/core/common/24-complete.html'
removed '/usr/lib/node_modules/node-red/node_modules/@node-red/nodes/core/common/05-junction.js'
removed '/usr/lib/node_modules/node-red/node_modules/@node-red/nodes/core/common/91-global-config.html'
removed '/usr/lib/node_modules/node-red/node_modules/@node-red/nodes/core/common/21-debug.html'
removed '/usr/lib/node_modules/node-red/node_modules/@node-red/nodes/core/common/98-unknown.html'
removed '/usr/lib/node_modules/node-red/node_modules/@node-red/nodes/core/common/25-catch.js'
removed directory '/usr/lib/node_modules/node-red/node_modules/@node-red/nodes/core/common'
removed directory '/usr/lib/node_modules/node-red/node_modules/@node-red/nodes/core'
removed '/usr/lib/node_modules/node-red/node_modules/@node-red/nodes/LICENSE'
removed directory '/usr/lib/node_modules/node-red/node_modules/@node-red/nodes'
removed '/usr/lib/node_modules/node-red/node_modules/@node-red/util/package.json'
removed '/usr/lib/node_modules/node-red/node_modules/@node-red/util/index.js'
removed '/usr/lib/node_modules/node-red/node_modules/@node-red/util/README.md'
removed '/usr/lib/node_modules/node-red/node_modules/@node-red/util/lib/i18n.js'
removed '/usr/lib/node_modules/node-red/node_modules/@node-red/util/lib/hooks.js'
removed '/usr/lib/node_modules/node-red/node_modules/@node-red/util/lib/log.js'
removed '/usr/lib/node_modules/node-red/node_modules/@node-red/util/lib/exec.js'
removed '/usr/lib/node_modules/node-red/node_modules/@node-red/util/lib/events.js'
removed '/usr/lib/node_modules/node-red/node_modules/@node-red/util/lib/util.js'
removed directory '/usr/lib/node_modules/node-red/node_modules/@node-red/util/lib'
removed '/usr/lib/node_modules/node-red/node_modules/@node-red/util/LICENSE'
removed directory '/usr/lib/node_modules/node-red/node_modules/@node-red/util'
removed directory '/usr/lib/node_modules/node-red/node_modules/@node-red'
removed '/usr/lib/node_modules/node-red/node_modules/tslib/LICENSE.txt'
removed '/usr/lib/node_modules/node-red/node_modules/tslib/package.json'
removed '/usr/lib/node_modules/node-red/node_modules/tslib/tslib.js'
removed '/usr/lib/node_modules/node-red/node_modules/tslib/tslib.es6.html'
removed '/usr/lib/node_modules/node-red/node_modules/tslib/README.md'
removed '/usr/lib/node_modules/node-red/node_modules/tslib/tslib.es6.js'
removed '/usr/lib/node_modules/node-red/node_modules/tslib/CopyrightNotice.txt'
removed '/usr/lib/node_modules/node-red/node_modules/tslib/tslib.html'
removed '/usr/lib/node_modules/node-red/node_modules/tslib/SECURITY.md'
removed '/usr/lib/node_modules/node-red/node_modules/tslib/tslib.d.ts'
removed '/usr/lib/node_modules/node-red/node_modules/tslib/tslib.es6.mjs'
removed '/usr/lib/node_modules/node-red/node_modules/tslib/modules/package.json'
removed '/usr/lib/node_modules/node-red/node_modules/tslib/modules/index.js'
removed '/usr/lib/node_modules/node-red/node_modules/tslib/modules/index.d.ts'
removed directory '/usr/lib/node_modules/node-red/node_modules/tslib/modules'
removed directory '/usr/lib/node_modules/node-red/node_modules/tslib'
removed '/usr/lib/node_modules/node-red/node_modules/http2-wrapper/package.json'
removed '/usr/lib/node_modules/node-red/node_modules/http2-wrapper/source/utils/check-type.js'
removed '/usr/lib/node_modules/node-red/node_modules/http2-wrapper/source/utils/calculate-server-name.js'
removed '/usr/lib/node_modules/node-red/node_modules/http2-wrapper/source/utils/validate-header-name.js'
removed '/usr/lib/node_modules/node-red/node_modules/http2-wrapper/source/utils/is-request-pseudo-header.js'
removed '/usr/lib/node_modules/node-red/node_modules/http2-wrapper/source/utils/js-stream-socket.js'
removed '/usr/lib/node_modules/node-red/node_modules/http2-wrapper/source/utils/proxy-events.js'
removed '/usr/lib/node_modules/node-red/node_modules/http2-wrapper/source/utils/proxy-socket-handler.js'
removed '/usr/lib/node_modules/node-red/node_modules/http2-wrapper/source/utils/errors.js'
removed '/usr/lib/node_modules/node-red/node_modules/http2-wrapper/source/utils/delay-async-destroy.js'
removed '/usr/lib/node_modules/node-red/node_modules/http2-wrapper/source/utils/validate-header-value.js'
removed directory '/usr/lib/node_modules/node-red/node_modules/http2-wrapper/source/utils'
removed '/usr/lib/node_modules/node-red/node_modules/http2-wrapper/source/index.js'
removed '/usr/lib/node_modules/node-red/node_modules/http2-wrapper/source/proxies/initialize.js'
removed '/usr/lib/node_modules/node-red/node_modules/http2-wrapper/source/proxies/h2-over-hx.js'
removed '/usr/lib/node_modules/node-red/node_modules/http2-wrapper/source/proxies/h2-over-h2.js'
removed '/usr/lib/node_modules/node-red/node_modules/http2-wrapper/source/proxies/h2-over-h1.js'
removed '/usr/lib/node_modules/node-red/node_modules/http2-wrapper/source/proxies/get-auth-headers.js'
removed '/usr/lib/node_modules/node-red/node_modules/http2-wrapper/source/proxies/unexpected-status-code-error.js'
removed '/usr/lib/node_modules/node-red/node_modules/http2-wrapper/source/proxies/h1-over-h2.js'
removed directory '/usr/lib/node_modules/node-red/node_modules/http2-wrapper/source/proxies'
removed '/usr/lib/node_modules/node-red/node_modules/http2-wrapper/source/agent.js'
removed '/usr/lib/node_modules/node-red/node_modules/http2-wrapper/source/incoming-message.js'
removed '/usr/lib/node_modules/node-red/node_modules/http2-wrapper/source/auto.js'
removed '/usr/lib/node_modules/node-red/node_modules/http2-wrapper/source/client-request.js'
removed directory '/usr/lib/node_modules/node-red/node_modules/http2-wrapper/source'
removed '/usr/lib/node_modules/node-red/node_modules/http2-wrapper/README.md'
removed '/usr/lib/node_modules/node-red/node_modules/http2-wrapper/index.d.ts'
removed '/usr/lib/node_modules/node-red/node_modules/http2-wrapper/LICENSE'
removed directory '/usr/lib/node_modules/node-red/node_modules/http2-wrapper'
removed '/usr/lib/node_modules/node-red/node_modules/xmlbuilder/typings/index.d.ts'
removed directory '/usr/lib/node_modules/node-red/node_modules/xmlbuilder/typings'
removed '/usr/lib/node_modules/node-red/node_modules/xmlbuilder/package.json'
removed '/usr/lib/node_modules/node-red/node_modules/xmlbuilder/README.md'
removed '/usr/lib/node_modules/node-red/node_modules/xmlbuilder/appveyor.yml'
removed '/usr/lib/node_modules/node-red/node_modules/xmlbuilder/lib/XMLNode.js'
removed '/usr/lib/node_modules/node-red/node_modules/xmlbuilder/lib/XMLDummy.js'
removed '/usr/lib/node_modules/node-red/node_modules/xmlbuilder/lib/Derivation.js'
removed '/usr/lib/node_modules/node-red/node_modules/xmlbuilder/lib/DocumentPosition.js'
removed '/usr/lib/node_modules/node-red/node_modules/xmlbuilder/lib/XMLTypeInfo.js'
removed '/usr/lib/node_modules/node-red/node_modules/xmlbuilder/lib/OperationType.js'
removed '/usr/lib/node_modules/node-red/node_modules/xmlbuilder/lib/XMLNodeList.js'
removed '/usr/lib/node_modules/node-red/node_modules/xmlbuilder/lib/XMLUserDataHandler.js'
removed '/usr/lib/node_modules/node-red/node_modules/xmlbuilder/lib/index.js'
removed '/usr/lib/node_modules/node-red/node_modules/xmlbuilder/lib/XMLDocType.js'
removed '/usr/lib/node_modules/node-red/node_modules/xmlbuilder/lib/XMLElement.js'
removed '/usr/lib/node_modules/node-red/node_modules/xmlbuilder/lib/XMLText.js'
removed '/usr/lib/node_modules/node-red/node_modules/xmlbuilder/lib/XMLCharacterData.js'
removed '/usr/lib/node_modules/node-red/node_modules/xmlbuilder/lib/WriterState.js'
removed '/usr/lib/node_modules/node-red/node_modules/xmlbuilder/lib/XMLCData.js'
removed '/usr/lib/node_modules/node-red/node_modules/xmlbuilder/lib/XMLStringWriter.js'
removed '/usr/lib/node_modules/node-red/node_modules/xmlbuilder/lib/XMLDocument.js'
removed '/usr/lib/node_modules/node-red/node_modules/xmlbuilder/lib/XMLDOMImplementation.js'
removed '/usr/lib/node_modules/node-red/node_modules/xmlbuilder/lib/XMLDOMStringList.js'
removed '/usr/lib/node_modules/node-red/node_modules/xmlbuilder/lib/NodeType.js'
removed '/usr/lib/node_modules/node-red/node_modules/xmlbuilder/lib/XMLRaw.js'
removed '/usr/lib/node_modules/node-red/node_modules/xmlbuilder/lib/XMLDOMErrorHandler.js'
removed '/usr/lib/node_modules/node-red/node_modules/xmlbuilder/lib/XMLStreamWriter.js'
removed '/usr/lib/node_modules/node-red/node_modules/xmlbuilder/lib/XMLDocumentCB.js'
removed '/usr/lib/node_modules/node-red/node_modules/xmlbuilder/lib/XMLDTDEntity.js'
removed '/usr/lib/node_modules/node-red/node_modules/xmlbuilder/lib/XMLDOMConfiguration.js'
removed '/usr/lib/node_modules/node-red/node_modules/xmlbuilder/lib/XMLProcessingInstruction.js'
removed '/usr/lib/node_modules/node-red/node_modules/xmlbuilder/lib/Utility.js'
removed '/usr/lib/node_modules/node-red/node_modules/xmlbuilder/lib/XMLWriterBase.js'
removed '/usr/lib/node_modules/node-red/node_modules/xmlbuilder/lib/XMLDTDAttList.js'
removed '/usr/lib/node_modules/node-red/node_modules/xmlbuilder/lib/XMLNamedNodeMap.js'
removed '/usr/lib/node_modules/node-red/node_modules/xmlbuilder/lib/XMLComment.js'
removed '/usr/lib/node_modules/node-red/node_modules/xmlbuilder/lib/XMLNodeFilter.js'
removed '/usr/lib/node_modules/node-red/node_modules/xmlbuilder/lib/XMLStringifier.js'
removed '/usr/lib/node_modules/node-red/node_modules/xmlbuilder/lib/XMLDTDNotation.js'
removed '/usr/lib/node_modules/node-red/node_modules/xmlbuilder/lib/XMLDTDElement.js'
removed '/usr/lib/node_modules/node-red/node_modules/xmlbuilder/lib/XMLAttribute.js'
removed '/usr/lib/node_modules/node-red/node_modules/xmlbuilder/lib/XMLDeclaration.js'
removed '/usr/lib/node_modules/node-red/node_modules/xmlbuilder/lib/XMLDocumentFragment.js'
removed directory '/usr/lib/node_modules/node-red/node_modules/xmlbuilder/lib'
removed '/usr/lib/node_modules/node-red/node_modules/xmlbuilder/CHANGELOG.md'
removed '/usr/lib/node_modules/node-red/node_modules/xmlbuilder/LICENSE'
removed directory '/usr/lib/node_modules/node-red/node_modules/xmlbuilder'
removed '/usr/lib/node_modules/node-red/node_modules/json-stringify-safe/package.json'
removed '/usr/lib/node_modules/node-red/node_modules/json-stringify-safe/test/mocha.opts'
removed '/usr/lib/node_modules/node-red/node_modules/json-stringify-safe/test/stringify_test.js'
removed directory '/usr/lib/node_modules/node-red/node_modules/json-stringify-safe/test'
removed '/usr/lib/node_modules/node-red/node_modules/json-stringify-safe/.npmignore'
removed '/usr/lib/node_modules/node-red/node_modules/json-stringify-safe/README.md'
removed '/usr/lib/node_modules/node-red/node_modules/json-stringify-safe/Makefile'
removed '/usr/lib/node_modules/node-red/node_modules/json-stringify-safe/CHANGELOG.md'
removed '/usr/lib/node_modules/node-red/node_modules/json-stringify-safe/stringify.js'
removed '/usr/lib/node_modules/node-red/node_modules/json-stringify-safe/LICENSE'
removed directory '/usr/lib/node_modules/node-red/node_modules/json-stringify-safe'
removed '/usr/lib/node_modules/node-red/node_modules/content-type/package.json'
removed '/usr/lib/node_modules/node-red/node_modules/content-type/HISTORY.md'
removed '/usr/lib/node_modules/node-red/node_modules/content-type/index.js'
removed '/usr/lib/node_modules/node-red/node_modules/content-type/README.md'
removed '/usr/lib/node_modules/node-red/node_modules/content-type/LICENSE'
removed directory '/usr/lib/node_modules/node-red/node_modules/content-type'
removed '/usr/lib/node_modules/node-red/node_modules/uid-safe/package.json'
removed '/usr/lib/node_modules/node-red/node_modules/uid-safe/HISTORY.md'
removed '/usr/lib/node_modules/node-red/node_modules/uid-safe/index.js'
removed '/usr/lib/node_modules/node-red/node_modules/uid-safe/README.md'
removed '/usr/lib/node_modules/node-red/node_modules/uid-safe/LICENSE'
removed directory '/usr/lib/node_modules/node-red/node_modules/uid-safe'
removed '/usr/lib/node_modules/node-red/node_modules/reinterval/package.json'
removed '/usr/lib/node_modules/node-red/node_modules/reinterval/tests/test.js'
removed directory '/usr/lib/node_modules/node-red/node_modules/reinterval/tests'
removed '/usr/lib/node_modules/node-red/node_modules/reinterval/index.js'
removed '/usr/lib/node_modules/node-red/node_modules/reinterval/.npmignore'
removed '/usr/lib/node_modules/node-red/node_modules/reinterval/README.md'
removed '/usr/lib/node_modules/node-red/node_modules/reinterval/.travis.yml'
removed '/usr/lib/node_modules/node-red/node_modules/reinterval/LICENSE'
removed directory '/usr/lib/node_modules/node-red/node_modules/reinterval'
removed '/usr/lib/node_modules/node-red/node_modules/cheerio-select/package.json'
removed '/usr/lib/node_modules/node-red/node_modules/cheerio-select/README.md'
removed '/usr/lib/node_modules/node-red/node_modules/cheerio-select/lib/positionals.d.ts.map'
removed '/usr/lib/node_modules/node-red/node_modules/cheerio-select/lib/positionals.d.ts'
removed '/usr/lib/node_modules/node-red/node_modules/cheerio-select/lib/helpers.js'
removed '/usr/lib/node_modules/node-red/node_modules/cheerio-select/lib/helpers.d.ts.map'
removed '/usr/lib/node_modules/node-red/node_modules/cheerio-select/lib/index.js'
removed '/usr/lib/node_modules/node-red/node_modules/cheerio-select/lib/positionals.js'
removed '/usr/lib/node_modules/node-red/node_modules/cheerio-select/lib/helpers.d.ts'
removed '/usr/lib/node_modules/node-red/node_modules/cheerio-select/lib/index.d.ts'
removed '/usr/lib/node_modules/node-red/node_modules/cheerio-select/lib/index.d.ts.map'
removed directory '/usr/lib/node_modules/node-red/node_modules/cheerio-select/lib'
removed '/usr/lib/node_modules/node-red/node_modules/cheerio-select/LICENSE'
removed directory '/usr/lib/node_modules/node-red/node_modules/cheerio-select'
removed '/usr/lib/node_modules/node-red/node_modules/finalhandler/package.json'
removed '/usr/lib/node_modules/node-red/node_modules/finalhandler/HISTORY.md'
removed '/usr/lib/node_modules/node-red/node_modules/finalhandler/index.js'
removed '/usr/lib/node_modules/node-red/node_modules/finalhandler/README.md'
removed '/usr/lib/node_modules/node-red/node_modules/finalhandler/SECURITY.md'
removed '/usr/lib/node_modules/node-red/node_modules/finalhandler/LICENSE'
removed directory '/usr/lib/node_modules/node-red/node_modules/finalhandler'
removed '/usr/lib/node_modules/node-red/node_modules/negotiator/package.json'
removed '/usr/lib/node_modules/node-red/node_modules/negotiator/HISTORY.md'
removed '/usr/lib/node_modules/node-red/node_modules/negotiator/index.js'
removed '/usr/lib/node_modules/node-red/node_modules/negotiator/README.md'
removed '/usr/lib/node_modules/node-red/node_modules/negotiator/lib/charset.js'
removed '/usr/lib/node_modules/node-red/node_modules/negotiator/lib/mediaType.js'
removed '/usr/lib/node_modules/node-red/node_modules/negotiator/lib/language.js'
removed '/usr/lib/node_modules/node-red/node_modules/negotiator/lib/encoding.js'
removed directory '/usr/lib/node_modules/node-red/node_modules/negotiator/lib'
removed '/usr/lib/node_modules/node-red/node_modules/negotiator/LICENSE'
removed directory '/usr/lib/node_modules/node-red/node_modules/negotiator'
removed '/usr/lib/node_modules/node-red/node_modules/i18next/i18next.min.js'
removed '/usr/lib/node_modules/node-red/node_modules/i18next/package.json'
removed '/usr/lib/node_modules/node-red/node_modules/i18next/.nvmrc'
removed '/usr/lib/node_modules/node-red/node_modules/i18next/index.d.mts'
removed '/usr/lib/node_modules/node-red/node_modules/i18next/index.js'
removed '/usr/lib/node_modules/node-red/node_modules/i18next/i18next.js'
removed '/usr/lib/node_modules/node-red/node_modules/i18next/dist/esm/i18next.bundled.js'
removed '/usr/lib/node_modules/node-red/node_modules/i18next/dist/esm/package.json'
removed '/usr/lib/node_modules/node-red/node_modules/i18next/dist/esm/i18next.js'
removed directory '/usr/lib/node_modules/node-red/node_modules/i18next/dist/esm'
removed '/usr/lib/node_modules/node-red/node_modules/i18next/dist/cjs/i18next.js'
removed directory '/usr/lib/node_modules/node-red/node_modules/i18next/dist/cjs'
removed '/usr/lib/node_modules/node-red/node_modules/i18next/dist/umd/i18next.min.js'
removed '/usr/lib/node_modules/node-red/node_modules/i18next/dist/umd/i18next.js'
removed directory '/usr/lib/node_modules/node-red/node_modules/i18next/dist/umd'
removed directory '/usr/lib/node_modules/node-red/node_modules/i18next/dist'
removed '/usr/lib/node_modules/node-red/node_modules/i18next/README.md'
removed '/usr/lib/node_modules/node-red/node_modules/i18next/typescript/t.d.ts'
removed '/usr/lib/node_modules/node-red/node_modules/i18next/typescript/options.d.ts'
removed '/usr/lib/node_modules/node-red/node_modules/i18next/typescript/helpers.d.ts'
removed directory '/usr/lib/node_modules/node-red/node_modules/i18next/typescript'
removed '/usr/lib/node_modules/node-red/node_modules/i18next/index.d.ts'
removed '/usr/lib/node_modules/node-red/node_modules/i18next/LICENSE'
removed directory '/usr/lib/node_modules/node-red/node_modules/i18next'
removed '/usr/lib/node_modules/node-red/node_modules/type-is/package.json'
removed '/usr/lib/node_modules/node-red/node_modules/type-is/HISTORY.md'
removed '/usr/lib/node_modules/node-red/node_modules/type-is/index.js'
removed '/usr/lib/node_modules/node-red/node_modules/type-is/README.md'
removed '/usr/lib/node_modules/node-red/node_modules/type-is/node_modules/media-typer/package.json'
removed '/usr/lib/node_modules/node-red/node_modules/type-is/node_modules/media-typer/HISTORY.md'
removed '/usr/lib/node_modules/node-red/node_modules/type-is/node_modules/media-typer/index.js'
removed '/usr/lib/node_modules/node-red/node_modules/type-is/node_modules/media-typer/README.md'
removed '/usr/lib/node_modules/node-red/node_modules/type-is/node_modules/media-typer/LICENSE'
removed directory '/usr/lib/node_modules/node-red/node_modules/type-is/node_modules/media-typer'
removed directory '/usr/lib/node_modules/node-red/node_modules/type-is/node_modules'
removed '/usr/lib/node_modules/node-red/node_modules/type-is/LICENSE'
removed directory '/usr/lib/node_modules/node-red/node_modules/type-is'
removed '/usr/lib/node_modules/node-red/node_modules/setprototypeof/package.json'
removed '/usr/lib/node_modules/node-red/node_modules/setprototypeof/test/index.js'
removed directory '/usr/lib/node_modules/node-red/node_modules/setprototypeof/test'
removed '/usr/lib/node_modules/node-red/node_modules/setprototypeof/index.js'
removed '/usr/lib/node_modules/node-red/node_modules/setprototypeof/README.md'
removed '/usr/lib/node_modules/node-red/node_modules/setprototypeof/index.d.ts'
removed '/usr/lib/node_modules/node-red/node_modules/setprototypeof/LICENSE'
removed directory '/usr/lib/node_modules/node-red/node_modules/setprototypeof'
removed '/usr/lib/node_modules/node-red/node_modules/acorn-walk/package.json'
removed '/usr/lib/node_modules/node-red/node_modules/acorn-walk/dist/walk.d.mts'
removed '/usr/lib/node_modules/node-red/node_modules/acorn-walk/dist/walk.d.ts'
removed '/usr/lib/node_modules/node-red/node_modules/acorn-walk/dist/walk.mjs'
removed '/usr/lib/node_modules/node-red/node_modules/acorn-walk/dist/walk.js'
removed directory '/usr/lib/node_modules/node-red/node_modules/acorn-walk/dist'
removed '/usr/lib/node_modules/node-red/node_modules/acorn-walk/README.md'
removed '/usr/lib/node_modules/node-red/node_modules/acorn-walk/CHANGELOG.md'
removed '/usr/lib/node_modules/node-red/node_modules/acorn-walk/LICENSE'
removed directory '/usr/lib/node_modules/node-red/node_modules/acorn-walk'
removed '/usr/lib/node_modules/node-red/node_modules/combined-stream/package.json'
removed '/usr/lib/node_modules/node-red/node_modules/combined-stream/License'
removed '/usr/lib/node_modules/node-red/node_modules/combined-stream/yarn.lock'
removed '/usr/lib/node_modules/node-red/node_modules/combined-stream/lib/combined_stream.js'
removed directory '/usr/lib/node_modules/node-red/node_modules/combined-stream/lib'
removed '/usr/lib/node_modules/node-red/node_modules/combined-stream/Readme.md'
removed directory '/usr/lib/node_modules/node-red/node_modules/combined-stream'
removed '/usr/lib/node_modules/node-red/node_modules/cacheable-request/package.json'
removed '/usr/lib/node_modules/node-red/node_modules/cacheable-request/dist/types.js.map'
removed '/usr/lib/node_modules/node-red/node_modules/cacheable-request/dist/index.js'
removed '/usr/lib/node_modules/node-red/node_modules/cacheable-request/dist/types.d.ts'
removed '/usr/lib/node_modules/node-red/node_modules/cacheable-request/dist/index.js.map'
removed '/usr/lib/node_modules/node-red/node_modules/cacheable-request/dist/types.js'
removed '/usr/lib/node_modules/node-red/node_modules/cacheable-request/dist/types.d.ts.map'
removed '/usr/lib/node_modules/node-red/node_modules/cacheable-request/dist/index.d.ts'
removed '/usr/lib/node_modules/node-red/node_modules/cacheable-request/dist/index.d.ts.map'
removed directory '/usr/lib/node_modules/node-red/node_modules/cacheable-request/dist'
removed '/usr/lib/node_modules/node-red/node_modules/cacheable-request/README.md'
removed directory '/usr/lib/node_modules/node-red/node_modules/cacheable-request'
removed '/usr/lib/node_modules/node-red/node_modules/safe-buffer/package.json'
removed '/usr/lib/node_modules/node-red/node_modules/safe-buffer/index.js'
removed '/usr/lib/node_modules/node-red/node_modules/safe-buffer/README.md'
removed '/usr/lib/node_modules/node-red/node_modules/safe-buffer/index.d.ts'
removed '/usr/lib/node_modules/node-red/node_modules/safe-buffer/LICENSE'
removed directory '/usr/lib/node_modules/node-red/node_modules/safe-buffer'
removed '/usr/lib/node_modules/node-red/node_modules/qs/package.json'
removed '/usr/lib/node_modules/node-red/node_modules/qs/test/parse.js'
removed '/usr/lib/node_modules/node-red/node_modules/qs/test/utils.js'
removed '/usr/lib/node_modules/node-red/node_modules/qs/test/stringify.js'
removed '/usr/lib/node_modules/node-red/node_modules/qs/test/empty-keys-cases.js'
removed directory '/usr/lib/node_modules/node-red/node_modules/qs/test'
removed '/usr/lib/node_modules/node-red/node_modules/qs/dist/qs.js'
removed directory '/usr/lib/node_modules/node-red/node_modules/qs/dist'
removed '/usr/lib/node_modules/node-red/node_modules/qs/README.md'
removed '/usr/lib/node_modules/node-red/node_modules/qs/.eslintrc'
removed '/usr/lib/node_modules/node-red/node_modules/qs/LICENSE.md'
removed '/usr/lib/node_modules/node-red/node_modules/qs/.github/FUNDING.yml'
removed directory '/usr/lib/node_modules/node-red/node_modules/qs/.github'
removed '/usr/lib/node_modules/node-red/node_modules/qs/.editorconfig'
removed '/usr/lib/node_modules/node-red/node_modules/qs/lib/index.js'
removed '/usr/lib/node_modules/node-red/node_modules/qs/lib/formats.js'
removed '/usr/lib/node_modules/node-red/node_modules/qs/lib/parse.js'
removed '/usr/lib/node_modules/node-red/node_modules/qs/lib/utils.js'
removed '/usr/lib/node_modules/node-red/node_modules/qs/lib/stringify.js'
removed directory '/usr/lib/node_modules/node-red/node_modules/qs/lib'
removed '/usr/lib/node_modules/node-red/node_modules/qs/CHANGELOG.md'
removed '/usr/lib/node_modules/node-red/node_modules/qs/.nycrc'
removed directory '/usr/lib/node_modules/node-red/node_modules/qs'
removed '/usr/lib/node_modules/node-red/node_modules/color-name/package.json'
removed '/usr/lib/node_modules/node-red/node_modules/color-name/index.js'
removed '/usr/lib/node_modules/node-red/node_modules/color-name/README.md'
removed '/usr/lib/node_modules/node-red/node_modules/color-name/LICENSE'
removed directory '/usr/lib/node_modules/node-red/node_modules/color-name'
removed '/usr/lib/node_modules/node-red/node_modules/nth-check/package.json'
removed '/usr/lib/node_modules/node-red/node_modules/nth-check/README.md'
removed '/usr/lib/node_modules/node-red/node_modules/nth-check/lib/parse.js.map'
removed '/usr/lib/node_modules/node-red/node_modules/nth-check/lib/compile.d.ts'
removed '/usr/lib/node_modules/node-red/node_modules/nth-check/lib/parse.d.ts'
removed '/usr/lib/node_modules/node-red/node_modules/nth-check/lib/compile.js'
removed '/usr/lib/node_modules/node-red/node_modules/nth-check/lib/index.js'
removed '/usr/lib/node_modules/node-red/node_modules/nth-check/lib/esm/parse.js.map'
removed '/usr/lib/node_modules/node-red/node_modules/nth-check/lib/esm/compile.d.ts'
removed '/usr/lib/node_modules/node-red/node_modules/nth-check/lib/esm/parse.d.ts'
removed '/usr/lib/node_modules/node-red/node_modules/nth-check/lib/esm/package.json'
removed '/usr/lib/node_modules/node-red/node_modules/nth-check/lib/esm/compile.js'
removed '/usr/lib/node_modules/node-red/node_modules/nth-check/lib/esm/index.js'
removed '/usr/lib/node_modules/node-red/node_modules/nth-check/lib/esm/index.js.map'
removed '/usr/lib/node_modules/node-red/node_modules/nth-check/lib/esm/parse.d.ts.map'
removed '/usr/lib/node_modules/node-red/node_modules/nth-check/lib/esm/compile.d.ts.map'
removed '/usr/lib/node_modules/node-red/node_modules/nth-check/lib/esm/parse.js'
removed '/usr/lib/node_modules/node-red/node_modules/nth-check/lib/esm/compile.js.map'
removed '/usr/lib/node_modules/node-red/node_modules/nth-check/lib/esm/index.d.ts'
removed '/usr/lib/node_modules/node-red/node_modules/nth-check/lib/esm/index.d.ts.map'
removed directory '/usr/lib/node_modules/node-red/node_modules/nth-check/lib/esm'
removed '/usr/lib/node_modules/node-red/node_modules/nth-check/lib/index.js.map'
removed '/usr/lib/node_modules/node-red/node_modules/nth-check/lib/parse.d.ts.map'
removed '/usr/lib/node_modules/node-red/node_modules/nth-check/lib/compile.d.ts.map'
removed '/usr/lib/node_modules/node-red/node_modules/nth-check/lib/parse.js'
removed '/usr/lib/node_modules/node-red/node_modules/nth-check/lib/compile.js.map'
removed '/usr/lib/node_modules/node-red/node_modules/nth-check/lib/index.d.ts'
removed '/usr/lib/node_modules/node-red/node_modules/nth-check/lib/index.d.ts.map'
removed directory '/usr/lib/node_modules/node-red/node_modules/nth-check/lib'
removed '/usr/lib/node_modules/node-red/node_modules/nth-check/LICENSE'
removed directory '/usr/lib/node_modules/node-red/node_modules/nth-check'
removed '/usr/lib/node_modules/node-red/node_modules/event-target-shim/package.json'
removed '/usr/lib/node_modules/node-red/node_modules/event-target-shim/dist/event-target-shim.umd.js.map'
removed '/usr/lib/node_modules/node-red/node_modules/event-target-shim/dist/event-target-shim.umd.js'
removed '/usr/lib/node_modules/node-red/node_modules/event-target-shim/dist/event-target-shim.js.map'
removed '/usr/lib/node_modules/node-red/node_modules/event-target-shim/dist/event-target-shim.mjs'
removed '/usr/lib/node_modules/node-red/node_modules/event-target-shim/dist/event-target-shim.mjs.map'
removed '/usr/lib/node_modules/node-red/node_modules/event-target-shim/dist/event-target-shim.js'
removed directory '/usr/lib/node_modules/node-red/node_modules/event-target-shim/dist'
removed '/usr/lib/node_modules/node-red/node_modules/event-target-shim/README.md'
removed '/usr/lib/node_modules/node-red/node_modules/event-target-shim/index.d.ts'
removed '/usr/lib/node_modules/node-red/node_modules/event-target-shim/LICENSE'
removed directory '/usr/lib/node_modules/node-red/node_modules/event-target-shim'
removed '/usr/lib/node_modules/node-red/node_modules/merge-descriptors/package.json'
removed '/usr/lib/node_modules/node-red/node_modules/merge-descriptors/HISTORY.md'
removed '/usr/lib/node_modules/node-red/node_modules/merge-descriptors/index.js'
removed '/usr/lib/node_modules/node-red/node_modules/merge-descriptors/README.md'
removed '/usr/lib/node_modules/node-red/node_modules/merge-descriptors/LICENSE'
removed directory '/usr/lib/node_modules/node-red/node_modules/merge-descriptors'
removed '/usr/lib/node_modules/node-red/node_modules/passport-http-bearer/package.json'
removed '/usr/lib/node_modules/node-red/node_modules/passport-http-bearer/README.md'
removed '/usr/lib/node_modules/node-red/node_modules/passport-http-bearer/lib/strategy.js'
removed '/usr/lib/node_modules/node-red/node_modules/passport-http-bearer/lib/index.js'
removed directory '/usr/lib/node_modules/node-red/node_modules/passport-http-bearer/lib'
removed '/usr/lib/node_modules/node-red/node_modules/passport-http-bearer/.travis.yml'
removed '/usr/lib/node_modules/node-red/node_modules/passport-http-bearer/.jshintrc'
removed '/usr/lib/node_modules/node-red/node_modules/passport-http-bearer/LICENSE'
removed directory '/usr/lib/node_modules/node-red/node_modules/passport-http-bearer'
removed '/usr/lib/node_modules/node-red/node_modules/random-bytes/package.json'
removed '/usr/lib/node_modules/node-red/node_modules/random-bytes/HISTORY.md'
removed '/usr/lib/node_modules/node-red/node_modules/random-bytes/index.js'
removed '/usr/lib/node_modules/node-red/node_modules/random-bytes/README.md'
removed '/usr/lib/node_modules/node-red/node_modules/random-bytes/LICENSE'
removed directory '/usr/lib/node_modules/node-red/node_modules/random-bytes'
removed '/usr/lib/node_modules/node-red/node_modules/split2/package.json'
removed '/usr/lib/node_modules/node-red/node_modules/split2/index.js'
removed '/usr/lib/node_modules/node-red/node_modules/split2/bench.js'
removed '/usr/lib/node_modules/node-red/node_modules/split2/README.md'
removed '/usr/lib/node_modules/node-red/node_modules/split2/test.js'
removed '/usr/lib/node_modules/node-red/node_modules/split2/LICENSE'
removed directory '/usr/lib/node_modules/node-red/node_modules/split2'
removed '/usr/lib/node_modules/node-red/node_modules/fs-extra/package.json'
removed '/usr/lib/node_modules/node-red/node_modules/fs-extra/README.md'
removed '/usr/lib/node_modules/node-red/node_modules/fs-extra/lib/fs/index.js'
removed directory '/usr/lib/node_modules/node-red/node_modules/fs-extra/lib/fs'
removed '/usr/lib/node_modules/node-red/node_modules/fs-extra/lib/ensure/symlink.js'
removed '/usr/lib/node_modules/node-red/node_modules/fs-extra/lib/ensure/symlink-type.js'
removed '/usr/lib/node_modules/node-red/node_modules/fs-extra/lib/ensure/link.js'
removed '/usr/lib/node_modules/node-red/node_modules/fs-extra/lib/ensure/file.js'
removed '/usr/lib/node_modules/node-red/node_modules/fs-extra/lib/ensure/index.js'
removed '/usr/lib/node_modules/node-red/node_modules/fs-extra/lib/ensure/symlink-paths.js'
removed directory '/usr/lib/node_modules/node-red/node_modules/fs-extra/lib/ensure'
removed '/usr/lib/node_modules/node-red/node_modules/fs-extra/lib/index.js'
removed '/usr/lib/node_modules/node-red/node_modules/fs-extra/lib/copy/index.js'
removed '/usr/lib/node_modules/node-red/node_modules/fs-extra/lib/copy/copy.js'
removed '/usr/lib/node_modules/node-red/node_modules/fs-extra/lib/copy/copy-sync.js'
removed directory '/usr/lib/node_modules/node-red/node_modules/fs-extra/lib/copy'
removed '/usr/lib/node_modules/node-red/node_modules/fs-extra/lib/empty/index.js'
removed directory '/usr/lib/node_modules/node-red/node_modules/fs-extra/lib/empty'
removed '/usr/lib/node_modules/node-red/node_modules/fs-extra/lib/output-file/index.js'
removed directory '/usr/lib/node_modules/node-red/node_modules/fs-extra/lib/output-file'
removed '/usr/lib/node_modules/node-red/node_modules/fs-extra/lib/esm.mjs'
removed '/usr/lib/node_modules/node-red/node_modules/fs-extra/lib/mkdirs/index.js'
removed '/usr/lib/node_modules/node-red/node_modules/fs-extra/lib/mkdirs/utils.js'
removed '/usr/lib/node_modules/node-red/node_modules/fs-extra/lib/mkdirs/make-dir.js'
removed directory '/usr/lib/node_modules/node-red/node_modules/fs-extra/lib/mkdirs'
removed '/usr/lib/node_modules/node-red/node_modules/fs-extra/lib/remove/index.js'
removed directory '/usr/lib/node_modules/node-red/node_modules/fs-extra/lib/remove'
removed '/usr/lib/node_modules/node-red/node_modules/fs-extra/lib/path-exists/index.js'
removed directory '/usr/lib/node_modules/node-red/node_modules/fs-extra/lib/path-exists'
removed '/usr/lib/node_modules/node-red/node_modules/fs-extra/lib/json/output-json-sync.js'
removed '/usr/lib/node_modules/node-red/node_modules/fs-extra/lib/json/output-json.js'
removed '/usr/lib/node_modules/node-red/node_modules/fs-extra/lib/json/index.js'
removed '/usr/lib/node_modules/node-red/node_modules/fs-extra/lib/json/jsonfile.js'
removed directory '/usr/lib/node_modules/node-red/node_modules/fs-extra/lib/json'
removed '/usr/lib/node_modules/node-red/node_modules/fs-extra/lib/move/move-sync.js'
removed '/usr/lib/node_modules/node-red/node_modules/fs-extra/lib/move/index.js'
removed '/usr/lib/node_modules/node-red/node_modules/fs-extra/lib/move/move.js'
removed directory '/usr/lib/node_modules/node-red/node_modules/fs-extra/lib/move'
removed '/usr/lib/node_modules/node-red/node_modules/fs-extra/lib/util/utimes.js'
removed '/usr/lib/node_modules/node-red/node_modules/fs-extra/lib/util/stat.js'
removed directory '/usr/lib/node_modules/node-red/node_modules/fs-extra/lib/util'
removed directory '/usr/lib/node_modules/node-red/node_modules/fs-extra/lib'
removed '/usr/lib/node_modules/node-red/node_modules/fs-extra/LICENSE'
removed directory '/usr/lib/node_modules/node-red/node_modules/fs-extra'
removed '/usr/lib/node_modules/node-red/node_modules/domutils/readme.md'
removed '/usr/lib/node_modules/node-red/node_modules/domutils/package.json'
removed '/usr/lib/node_modules/node-red/node_modules/domutils/lib/traversal.d.ts'
removed '/usr/lib/node_modules/node-red/node_modules/domutils/lib/helpers.js'
removed '/usr/lib/node_modules/node-red/node_modules/domutils/lib/legacy.d.ts'
removed '/usr/lib/node_modules/node-red/node_modules/domutils/lib/feeds.js'
removed '/usr/lib/node_modules/node-red/node_modules/domutils/lib/legacy.js'
removed '/usr/lib/node_modules/node-red/node_modules/domutils/lib/legacy.d.ts.map'
removed '/usr/lib/node_modules/node-red/node_modules/domutils/lib/querying.d.ts.map'
removed '/usr/lib/node_modules/node-red/node_modules/domutils/lib/helpers.d.ts.map'
removed '/usr/lib/node_modules/node-red/node_modules/domutils/lib/manipulation.d.ts'
removed '/usr/lib/node_modules/node-red/node_modules/domutils/lib/index.js'
removed '/usr/lib/node_modules/node-red/node_modules/domutils/lib/feeds.d.ts'
removed '/usr/lib/node_modules/node-red/node_modules/domutils/lib/manipulation.js'
removed '/usr/lib/node_modules/node-red/node_modules/domutils/lib/manipulation.d.ts.map'
removed '/usr/lib/node_modules/node-red/node_modules/domutils/lib/traversal.d.ts.map'
removed '/usr/lib/node_modules/node-red/node_modules/domutils/lib/stringify.d.ts'
removed '/usr/lib/node_modules/node-red/node_modules/domutils/lib/querying.js'
removed '/usr/lib/node_modules/node-red/node_modules/domutils/lib/traversal.js'
removed '/usr/lib/node_modules/node-red/node_modules/domutils/lib/stringify.d.ts.map'
removed '/usr/lib/node_modules/node-red/node_modules/domutils/lib/stringify.js'
removed '/usr/lib/node_modules/node-red/node_modules/domutils/lib/feeds.d.ts.map'
removed '/usr/lib/node_modules/node-red/node_modules/domutils/lib/helpers.d.ts'
removed '/usr/lib/node_modules/node-red/node_modules/domutils/lib/index.d.ts'
removed '/usr/lib/node_modules/node-red/node_modules/domutils/lib/index.d.ts.map'
removed '/usr/lib/node_modules/node-red/node_modules/domutils/lib/querying.d.ts'
removed directory '/usr/lib/node_modules/node-red/node_modules/domutils/lib'
removed '/usr/lib/node_modules/node-red/node_modules/domutils/LICENSE'
removed directory '/usr/lib/node_modules/node-red/node_modules/domutils'
removed '/usr/lib/node_modules/node-red/node_modules/uid2/package.json'
removed '/usr/lib/node_modules/node-red/node_modules/uid2/HISTORY.md'
removed '/usr/lib/node_modules/node-red/node_modules/uid2/index.js'
removed '/usr/lib/node_modules/node-red/node_modules/uid2/README.md'
removed '/usr/lib/node_modules/node-red/node_modules/uid2/LICENSE'
removed directory '/usr/lib/node_modules/node-red/node_modules/uid2'
removed '/usr/lib/node_modules/node-red/node_modules/function-bind/package.json'
removed '/usr/lib/node_modules/node-red/node_modules/function-bind/test/index.js'
removed '/usr/lib/node_modules/node-red/node_modules/function-bind/test/.eslintrc'
removed directory '/usr/lib/node_modules/node-red/node_modules/function-bind/test'
removed '/usr/lib/node_modules/node-red/node_modules/function-bind/index.js'
removed '/usr/lib/node_modules/node-red/node_modules/function-bind/README.md'
removed '/usr/lib/node_modules/node-red/node_modules/function-bind/.eslintrc'
removed '/usr/lib/node_modules/node-red/node_modules/function-bind/.github/FUNDING.yml'
removed '/usr/lib/node_modules/node-red/node_modules/function-bind/.github/SECURITY.md'
removed directory '/usr/lib/node_modules/node-red/node_modules/function-bind/.github'
removed '/usr/lib/node_modules/node-red/node_modules/function-bind/implementation.js'
removed '/usr/lib/node_modules/node-red/node_modules/function-bind/CHANGELOG.md'
removed '/usr/lib/node_modules/node-red/node_modules/function-bind/LICENSE'
removed '/usr/lib/node_modules/node-red/node_modules/function-bind/.nycrc'
removed directory '/usr/lib/node_modules/node-red/node_modules/function-bind'
removed '/usr/lib/node_modules/node-red/node_modules/graceful-fs/graceful-fs.js'
removed '/usr/lib/node_modules/node-red/node_modules/graceful-fs/package.json'
removed '/usr/lib/node_modules/node-red/node_modules/graceful-fs/polyfills.js'
removed '/usr/lib/node_modules/node-red/node_modules/graceful-fs/README.md'
removed '/usr/lib/node_modules/node-red/node_modules/graceful-fs/legacy-streams.js'
removed '/usr/lib/node_modules/node-red/node_modules/graceful-fs/clone.js'
removed '/usr/lib/node_modules/node-red/node_modules/graceful-fs/LICENSE'
removed directory '/usr/lib/node_modules/node-red/node_modules/graceful-fs'
removed '/usr/lib/node_modules/node-red/node_modules/ee-first/package.json'
removed '/usr/lib/node_modules/node-red/node_modules/ee-first/index.js'
removed '/usr/lib/node_modules/node-red/node_modules/ee-first/README.md'
removed '/usr/lib/node_modules/node-red/node_modules/ee-first/LICENSE'
removed directory '/usr/lib/node_modules/node-red/node_modules/ee-first'
removed '/usr/lib/node_modules/node-red/node_modules/smart-buffer/docs/ROADMAP.md'
removed '/usr/lib/node_modules/node-red/node_modules/smart-buffer/docs/README_v3.md'
removed '/usr/lib/node_modules/node-red/node_modules/smart-buffer/docs/CHANGELOG.md'
removed directory '/usr/lib/node_modules/node-red/node_modules/smart-buffer/docs'
removed '/usr/lib/node_modules/node-red/node_modules/smart-buffer/typings/utils.d.ts'
removed '/usr/lib/node_modules/node-red/node_modules/smart-buffer/typings/smartbuffer.d.ts'
removed directory '/usr/lib/node_modules/node-red/node_modules/smart-buffer/typings'
removed '/usr/lib/node_modules/node-red/node_modules/smart-buffer/package.json'
removed '/usr/lib/node_modules/node-red/node_modules/smart-buffer/build/smartbuffer.js'
removed '/usr/lib/node_modules/node-red/node_modules/smart-buffer/build/smartbuffer.js.map'
removed '/usr/lib/node_modules/node-red/node_modules/smart-buffer/build/utils.js'
removed '/usr/lib/node_modules/node-red/node_modules/smart-buffer/build/utils.js.map'
removed directory '/usr/lib/node_modules/node-red/node_modules/smart-buffer/build'
removed '/usr/lib/node_modules/node-red/node_modules/smart-buffer/README.md'
removed '/usr/lib/node_modules/node-red/node_modules/smart-buffer/.travis.yml'
removed '/usr/lib/node_modules/node-red/node_modules/smart-buffer/.prettierrc.yaml'
removed '/usr/lib/node_modules/node-red/node_modules/smart-buffer/LICENSE'
removed directory '/usr/lib/node_modules/node-red/node_modules/smart-buffer'
removed '/usr/lib/node_modules/node-red/node_modules/fast-uri/tsconfig.json'
removed '/usr/lib/node_modules/node-red/node_modules/fast-uri/benchmark/benchmark.mjs'
removed '/usr/lib/node_modules/node-red/node_modules/fast-uri/benchmark/package.json'
removed '/usr/lib/node_modules/node-red/node_modules/fast-uri/benchmark/ws-is-secure.mjs'
removed '/usr/lib/node_modules/node-red/node_modules/fast-uri/benchmark/string-array-to-hex-stripped.mjs'
removed '/usr/lib/node_modules/node-red/node_modules/fast-uri/benchmark/non-simple-domain.mjs'
removed '/usr/lib/node_modules/node-red/node_modules/fast-uri/benchmark/equal.mjs'
removed directory '/usr/lib/node_modules/node-red/node_modules/fast-uri/benchmark'
removed '/usr/lib/node_modules/node-red/node_modules/fast-uri/package.json'
removed '/usr/lib/node_modules/node-red/node_modules/fast-uri/test/equal.test.js'
removed '/usr/lib/node_modules/node-red/node_modules/fast-uri/test/uri-js.test.js'
removed '/usr/lib/node_modules/node-red/node_modules/fast-uri/test/util.test.js'
removed '/usr/lib/node_modules/node-red/node_modules/fast-uri/test/rfc-3986.test.js'
removed '/usr/lib/node_modules/node-red/node_modules/fast-uri/test/serialize.test.js'
removed '/usr/lib/node_modules/node-red/node_modules/fast-uri/test/uri-js-compatibility.test.js'
removed '/usr/lib/node_modules/node-red/node_modules/fast-uri/test/parse.test.js'
removed '/usr/lib/node_modules/node-red/node_modules/fast-uri/test/ajv.test.js'
removed '/usr/lib/node_modules/node-red/node_modules/fast-uri/test/fixtures/uri-js-serialize.json'
removed '/usr/lib/node_modules/node-red/node_modules/fast-uri/test/fixtures/uri-js-parse.json'
removed directory '/usr/lib/node_modules/node-red/node_modules/fast-uri/test/fixtures'
removed '/usr/lib/node_modules/node-red/node_modules/fast-uri/test/resolve.test.js'
removed directory '/usr/lib/node_modules/node-red/node_modules/fast-uri/test'
removed '/usr/lib/node_modules/node-red/node_modules/fast-uri/index.js'
removed '/usr/lib/node_modules/node-red/node_modules/fast-uri/README.md'
removed '/usr/lib/node_modules/node-red/node_modules/fast-uri/.github/tests_checker.yml'
removed '/usr/lib/node_modules/node-red/node_modules/fast-uri/.github/workflows/ci.yml'
removed '/usr/lib/node_modules/node-red/node_modules/fast-uri/.github/workflows/package-manager-ci.yml'
removed directory '/usr/lib/node_modules/node-red/node_modules/fast-uri/.github/workflows'
removed '/usr/lib/node_modules/node-red/node_modules/fast-uri/.github/.stale.yml'
removed '/usr/lib/node_modules/node-red/node_modules/fast-uri/.github/dependabot.yml'
removed directory '/usr/lib/node_modules/node-red/node_modules/fast-uri/.github'
removed '/usr/lib/node_modules/node-red/node_modules/fast-uri/lib/schemes.js'
removed '/usr/lib/node_modules/node-red/node_modules/fast-uri/lib/utils.js'
removed directory '/usr/lib/node_modules/node-red/node_modules/fast-uri/lib'
removed '/usr/lib/node_modules/node-red/node_modules/fast-uri/types/index.test-d.ts'
removed '/usr/lib/node_modules/node-red/node_modules/fast-uri/types/index.d.ts'
removed directory '/usr/lib/node_modules/node-red/node_modules/fast-uri/types'
removed '/usr/lib/node_modules/node-red/node_modules/fast-uri/.gitattributes'
removed '/usr/lib/node_modules/node-red/node_modules/fast-uri/eslint.config.js'
removed '/usr/lib/node_modules/node-red/node_modules/fast-uri/LICENSE'
removed directory '/usr/lib/node_modules/node-red/node_modules/fast-uri'
removed '/usr/lib/node_modules/node-red/node_modules/array-flatten/package.json'
removed '/usr/lib/node_modules/node-red/node_modules/array-flatten/README.md'
removed '/usr/lib/node_modules/node-red/node_modules/array-flatten/array-flatten.js'
removed '/usr/lib/node_modules/node-red/node_modules/array-flatten/LICENSE'
removed directory '/usr/lib/node_modules/node-red/node_modules/array-flatten'
removed '/usr/lib/node_modules/node-red/node_modules/jsonata/package.json'
removed '/usr/lib/node_modules/node-red/node_modules/jsonata/jsonata.min.js'
removed '/usr/lib/node_modules/node-red/node_modules/jsonata/jsonata-es5.js'
removed '/usr/lib/node_modules/node-red/node_modules/jsonata/README.md'
removed '/usr/lib/node_modules/node-red/node_modules/jsonata/jsonata-es5.min.js'
removed '/usr/lib/node_modules/node-red/node_modules/jsonata/jsonata.js'
removed '/usr/lib/node_modules/node-red/node_modules/jsonata/LICENSE'
removed '/usr/lib/node_modules/node-red/node_modules/jsonata/jsonata.d.ts'
removed directory '/usr/lib/node_modules/node-red/node_modules/jsonata'
removed '/usr/lib/node_modules/node-red/node_modules/media-typer/package.json'
removed '/usr/lib/node_modules/node-red/node_modules/media-typer/HISTORY.md'
removed '/usr/lib/node_modules/node-red/node_modules/media-typer/index.js'
removed '/usr/lib/node_modules/node-red/node_modules/media-typer/README.md'
removed '/usr/lib/node_modules/node-red/node_modules/media-typer/LICENSE'
removed directory '/usr/lib/node_modules/node-red/node_modules/media-typer'
removed directory '/usr/lib/node_modules/node-red/node_modules'
removed '/usr/lib/node_modules/node-red/lib/red.js'
removed directory '/usr/lib/node_modules/node-red/lib'
removed '/usr/lib/node_modules/node-red/CHANGELOG.md'
removed '/usr/lib/node_modules/node-red/LICENSE'
removed directory '/usr/lib/node_modules/node-red'
removed '/root/.node-red/.config.users.json.backup'
removed '/root/.node-red/package.json'
removed '/root/.node-red/flows.json'
removed '/root/.node-red/settings.js'
removed '/root/.node-red/.config.runtime.json.backup'
removed '/root/.node-red/flows_cred.json'
removed '/root/.node-red/.flows.json.backup'
removed '/root/.node-red/node_modules/debug/package.json'
removed '/root/.node-red/node_modules/debug/README.md'
removed '/root/.node-red/node_modules/debug/src/common.js'
removed '/root/.node-red/node_modules/debug/src/index.js'
removed '/root/.node-red/node_modules/debug/src/browser.js'
removed '/root/.node-red/node_modules/debug/src/node.js'
removed directory '/root/.node-red/node_modules/debug/src'
removed '/root/.node-red/node_modules/debug/LICENSE'
removed directory '/root/.node-red/node_modules/debug'
removed '/root/.node-red/node_modules/.package-lock.json'
removed '/root/.node-red/node_modules/node-red-node-random/package.json'
removed '/root/.node-red/node_modules/node-red-node-random/random.js'
removed '/root/.node-red/node_modules/node-red-node-random/random.html'
removed '/root/.node-red/node_modules/node-red-node-random/README.md'
removed '/root/.node-red/node_modules/node-red-node-random/locales/de/random.json'
removed directory '/root/.node-red/node_modules/node-red-node-random/locales/de'
removed '/root/.node-red/node_modules/node-red-node-random/locales/ja/random.html'
removed '/root/.node-red/node_modules/node-red-node-random/locales/ja/random.json'
removed directory '/root/.node-red/node_modules/node-red-node-random/locales/ja'
removed '/root/.node-red/node_modules/node-red-node-random/locales/en-US/random.html'
removed '/root/.node-red/node_modules/node-red-node-random/locales/en-US/random.json'
removed directory '/root/.node-red/node_modules/node-red-node-random/locales/en-US'
removed directory '/root/.node-red/node_modules/node-red-node-random/locales'
removed '/root/.node-red/node_modules/node-red-node-random/LICENSE'
removed directory '/root/.node-red/node_modules/node-red-node-random'
removed '/root/.node-red/node_modules/node-red-contrib-play-audio/package.json'
removed '/root/.node-red/node_modules/node-red-contrib-play-audio/examples/TTS Say Hello.json'
removed directory '/root/.node-red/node_modules/node-red-contrib-play-audio/examples'
removed '/root/.node-red/node_modules/node-red-contrib-play-audio/README.md'
removed '/root/.node-red/node_modules/node-red-contrib-play-audio/locales/ja/play-audio.html'
removed '/root/.node-red/node_modules/node-red-contrib-play-audio/locales/ja/play-audio.json'
removed directory '/root/.node-red/node_modules/node-red-contrib-play-audio/locales/ja'
removed '/root/.node-red/node_modules/node-red-contrib-play-audio/locales/en-US/play-audio.html'
removed '/root/.node-red/node_modules/node-red-contrib-play-audio/locales/en-US/play-audio.json'
removed directory '/root/.node-red/node_modules/node-red-contrib-play-audio/locales/en-US'
removed directory '/root/.node-red/node_modules/node-red-contrib-play-audio/locales'
removed '/root/.node-red/node_modules/node-red-contrib-play-audio/play-audio.js'
removed '/root/.node-red/node_modules/node-red-contrib-play-audio/play-audio.html'
removed '/root/.node-red/node_modules/node-red-contrib-play-audio/LICENSE'
removed directory '/root/.node-red/node_modules/node-red-contrib-play-audio'
removed '/root/.node-red/node_modules/.bin/node-gyp-build'
removed '/root/.node-red/node_modules/.bin/node-gyp-build-test'
removed '/root/.node-red/node_modules/.bin/node-gyp-build-optional'
removed directory '/root/.node-red/node_modules/.bin'
removed '/root/.node-red/node_modules/node-red-node-smooth/17-smooth.js'
removed '/root/.node-red/node_modules/node-red-node-smooth/package.json'
removed '/root/.node-red/node_modules/node-red-node-smooth/icons/smooth.png'
removed directory '/root/.node-red/node_modules/node-red-node-smooth/icons'
removed '/root/.node-red/node_modules/node-red-node-smooth/README.md'
removed '/root/.node-red/node_modules/node-red-node-smooth/17-smooth.html'
removed '/root/.node-red/node_modules/node-red-node-smooth/LICENSE'
removed directory '/root/.node-red/node_modules/node-red-node-smooth'
removed '/root/.node-red/node_modules/ms/readme.md'
removed '/root/.node-red/node_modules/ms/package.json'
removed '/root/.node-red/node_modules/ms/index.js'
removed '/root/.node-red/node_modules/ms/license.md'
removed directory '/root/.node-red/node_modules/ms'
removed '/root/.node-red/node_modules/node-gyp-build/node-gyp-build.js'
removed '/root/.node-red/node_modules/node-gyp-build/package.json'
removed '/root/.node-red/node_modules/node-gyp-build/index.js'
removed '/root/.node-red/node_modules/node-gyp-build/bin.js'
removed '/root/.node-red/node_modules/node-gyp-build/README.md'
removed '/root/.node-red/node_modules/node-gyp-build/build-test.js'
removed '/root/.node-red/node_modules/node-gyp-build/optional.js'
removed '/root/.node-red/node_modules/node-gyp-build/LICENSE'
removed directory '/root/.node-red/node_modules/node-gyp-build'
removed '/root/.node-red/node_modules/serialport/package.json'
removed '/root/.node-red/node_modules/serialport/dist/serialport.d.ts'
removed '/root/.node-red/node_modules/serialport/dist/serialport-mock.d.ts'
removed '/root/.node-red/node_modules/serialport/dist/index.js'
removed '/root/.node-red/node_modules/serialport/dist/serialport-mock.js'
removed '/root/.node-red/node_modules/serialport/dist/serialport.js'
removed '/root/.node-red/node_modules/serialport/dist/index.d.ts'
removed directory '/root/.node-red/node_modules/serialport/dist'
removed '/root/.node-red/node_modules/serialport/README.md'
removed '/root/.node-red/node_modules/serialport/LICENSE'
removed directory '/root/.node-red/node_modules/serialport'
removed '/root/.node-red/node_modules/node-red-node-serialport/25-serial.html'
removed '/root/.node-red/node_modules/node-red-node-serialport/package.json'
removed '/root/.node-red/node_modules/node-red-node-serialport/README.md'
removed '/root/.node-red/node_modules/node-red-node-serialport/locales/de/25-serial.html'
removed '/root/.node-red/node_modules/node-red-node-serialport/locales/de/25-serial.json'
removed directory '/root/.node-red/node_modules/node-red-node-serialport/locales/de'
removed '/root/.node-red/node_modules/node-red-node-serialport/locales/ja/25-serial.json'
removed directory '/root/.node-red/node_modules/node-red-node-serialport/locales/ja'
removed '/root/.node-red/node_modules/node-red-node-serialport/locales/en-US/25-serial.html'
removed '/root/.node-red/node_modules/node-red-node-serialport/locales/en-US/25-serial.json'
removed directory '/root/.node-red/node_modules/node-red-node-serialport/locales/en-US'
removed directory '/root/.node-red/node_modules/node-red-node-serialport/locales'
removed '/root/.node-red/node_modules/node-red-node-serialport/25-serial.js'
removed '/root/.node-red/node_modules/node-red-node-serialport/LICENSE'
removed directory '/root/.node-red/node_modules/node-red-node-serialport'
removed '/root/.node-red/node_modules/node-red-node-pi-gpio/testgpio.py'
removed '/root/.node-red/node_modules/node-red-node-pi-gpio/package.json'
removed '/root/.node-red/node_modules/node-red-node-pi-gpio/testgpio'
removed '/root/.node-red/node_modules/node-red-node-pi-gpio/nrgpio'
removed '/root/.node-red/node_modules/node-red-node-pi-gpio/36-rpi-gpio.js'
removed '/root/.node-red/node_modules/node-red-node-pi-gpio/nrgpio.py'
removed '/root/.node-red/node_modules/node-red-node-pi-gpio/README.md'
removed '/root/.node-red/node_modules/node-red-node-pi-gpio/locales/de/36-rpi-gpio.json'
removed '/root/.node-red/node_modules/node-red-node-pi-gpio/locales/de/36-rpi-gpio.html'
removed directory '/root/.node-red/node_modules/node-red-node-pi-gpio/locales/de'
removed '/root/.node-red/node_modules/node-red-node-pi-gpio/locales/ko/36-rpi-gpio.json'
removed '/root/.node-red/node_modules/node-red-node-pi-gpio/locales/ko/36-rpi-gpio.html'
removed directory '/root/.node-red/node_modules/node-red-node-pi-gpio/locales/ko'
removed '/root/.node-red/node_modules/node-red-node-pi-gpio/locales/ja/36-rpi-gpio.json'
removed '/root/.node-red/node_modules/node-red-node-pi-gpio/locales/ja/36-rpi-gpio.html'
removed directory '/root/.node-red/node_modules/node-red-node-pi-gpio/locales/ja'
removed '/root/.node-red/node_modules/node-red-node-pi-gpio/locales/en-US/36-rpi-gpio.json'
removed '/root/.node-red/node_modules/node-red-node-pi-gpio/locales/en-US/36-rpi-gpio.html'
removed directory '/root/.node-red/node_modules/node-red-node-pi-gpio/locales/en-US'
removed directory '/root/.node-red/node_modules/node-red-node-pi-gpio/locales'
removed '/root/.node-red/node_modules/node-red-node-pi-gpio/36-rpi-gpio.html'
removed '/root/.node-red/node_modules/node-red-node-pi-gpio/LICENSE'
removed directory '/root/.node-red/node_modules/node-red-node-pi-gpio'
removed '/root/.node-red/node_modules/@serialport/stream/package.json'
removed '/root/.node-red/node_modules/@serialport/stream/dist/index.js'
removed '/root/.node-red/node_modules/@serialport/stream/dist/index.d.ts'
removed directory '/root/.node-red/node_modules/@serialport/stream/dist'
removed '/root/.node-red/node_modules/@serialport/stream/README.md'
removed '/root/.node-red/node_modules/@serialport/stream/LICENSE'
removed directory '/root/.node-red/node_modules/@serialport/stream'
removed '/root/.node-red/node_modules/@serialport/parser-delimiter/package.json'
removed '/root/.node-red/node_modules/@serialport/parser-delimiter/dist/index.js'
removed '/root/.node-red/node_modules/@serialport/parser-delimiter/dist/index.d.ts'
removed directory '/root/.node-red/node_modules/@serialport/parser-delimiter/dist'
removed '/root/.node-red/node_modules/@serialport/parser-delimiter/README.md'
removed '/root/.node-red/node_modules/@serialport/parser-delimiter/LICENSE'
removed directory '/root/.node-red/node_modules/@serialport/parser-delimiter'
removed '/root/.node-red/node_modules/@serialport/parser-byte-length/package.json'
removed '/root/.node-red/node_modules/@serialport/parser-byte-length/dist/index.js'
removed '/root/.node-red/node_modules/@serialport/parser-byte-length/dist/index.d.ts'
removed directory '/root/.node-red/node_modules/@serialport/parser-byte-length/dist'
removed '/root/.node-red/node_modules/@serialport/parser-byte-length/README.md'
removed '/root/.node-red/node_modules/@serialport/parser-byte-length/LICENSE'
removed directory '/root/.node-red/node_modules/@serialport/parser-byte-length'
removed '/root/.node-red/node_modules/@serialport/parser-inter-byte-timeout/package.json'
removed '/root/.node-red/node_modules/@serialport/parser-inter-byte-timeout/dist/index.js'
removed '/root/.node-red/node_modules/@serialport/parser-inter-byte-timeout/dist/index.d.ts'
removed directory '/root/.node-red/node_modules/@serialport/parser-inter-byte-timeout/dist'
removed '/root/.node-red/node_modules/@serialport/parser-inter-byte-timeout/README.md'
removed '/root/.node-red/node_modules/@serialport/parser-inter-byte-timeout/LICENSE'
removed directory '/root/.node-red/node_modules/@serialport/parser-inter-byte-timeout'
removed '/root/.node-red/node_modules/@serialport/parser-spacepacket/package.json'
removed '/root/.node-red/node_modules/@serialport/parser-spacepacket/dist/utils.d.ts'
removed '/root/.node-red/node_modules/@serialport/parser-spacepacket/dist/index.js'
removed '/root/.node-red/node_modules/@serialport/parser-spacepacket/dist/utils.js'
removed '/root/.node-red/node_modules/@serialport/parser-spacepacket/dist/index.d.ts'
removed directory '/root/.node-red/node_modules/@serialport/parser-spacepacket/dist'
removed '/root/.node-red/node_modules/@serialport/parser-spacepacket/README.md'
removed '/root/.node-red/node_modules/@serialport/parser-spacepacket/LICENSE'
removed directory '/root/.node-red/node_modules/@serialport/parser-spacepacket'
removed '/root/.node-red/node_modules/@serialport/bindings-interface/package.json'
removed '/root/.node-red/node_modules/@serialport/bindings-interface/dist/index.js'
removed '/root/.node-red/node_modules/@serialport/bindings-interface/dist/index-esm.mjs'
removed '/root/.node-red/node_modules/@serialport/bindings-interface/dist/index.d.ts'
removed directory '/root/.node-red/node_modules/@serialport/bindings-interface/dist'
removed '/root/.node-red/node_modules/@serialport/bindings-interface/CODE_OF_CONDUCT.md'
removed '/root/.node-red/node_modules/@serialport/bindings-interface/README.md'
removed '/root/.node-red/node_modules/@serialport/bindings-interface/LICENSE'
removed directory '/root/.node-red/node_modules/@serialport/bindings-interface'
removed '/root/.node-red/node_modules/@serialport/binding-mock/package.json'
removed '/root/.node-red/node_modules/@serialport/binding-mock/dist/index.js'
removed '/root/.node-red/node_modules/@serialport/binding-mock/dist/index-esm.mjs'
removed '/root/.node-red/node_modules/@serialport/binding-mock/dist/index.d.ts'
removed directory '/root/.node-red/node_modules/@serialport/binding-mock/dist'
removed '/root/.node-red/node_modules/@serialport/binding-mock/README.md'
removed '/root/.node-red/node_modules/@serialport/binding-mock/.releaserc'
removed '/root/.node-red/node_modules/@serialport/binding-mock/LICENSE'
removed directory '/root/.node-red/node_modules/@serialport/binding-mock'
removed '/root/.node-red/node_modules/@serialport/bindings-cpp/package.json'
removed '/root/.node-red/node_modules/@serialport/bindings-cpp/binding.gyp'
removed '/root/.node-red/node_modules/@serialport/bindings-cpp/dist/linux-list.js'
removed '/root/.node-red/node_modules/@serialport/bindings-cpp/dist/linux.d.ts'
removed '/root/.node-red/node_modules/@serialport/bindings-cpp/dist/index.js'
removed '/root/.node-red/node_modules/@serialport/bindings-cpp/dist/unix-write.d.ts'
removed '/root/.node-red/node_modules/@serialport/bindings-cpp/dist/load-bindings.d.ts'
removed '/root/.node-red/node_modules/@serialport/bindings-cpp/dist/poller.d.ts'
removed '/root/.node-red/node_modules/@serialport/bindings-cpp/dist/win32-sn-parser.d.ts'
removed '/root/.node-red/node_modules/@serialport/bindings-cpp/dist/unix-read.d.ts'
removed '/root/.node-red/node_modules/@serialport/bindings-cpp/dist/linux.js'
removed '/root/.node-red/node_modules/@serialport/bindings-cpp/dist/errors.d.ts'
removed '/root/.node-red/node_modules/@serialport/bindings-cpp/dist/unix-read.js'
removed '/root/.node-red/node_modules/@serialport/bindings-cpp/dist/win32.js'
removed '/root/.node-red/node_modules/@serialport/bindings-cpp/dist/poller.js'
removed '/root/.node-red/node_modules/@serialport/bindings-cpp/dist/win32-sn-parser.js'
removed '/root/.node-red/node_modules/@serialport/bindings-cpp/dist/darwin.js'
removed '/root/.node-red/node_modules/@serialport/bindings-cpp/dist/linux-list.d.ts'
removed '/root/.node-red/node_modules/@serialport/bindings-cpp/dist/win32.d.ts'
removed '/root/.node-red/node_modules/@serialport/bindings-cpp/dist/load-bindings.js'
removed '/root/.node-red/node_modules/@serialport/bindings-cpp/dist/errors.js'
removed '/root/.node-red/node_modules/@serialport/bindings-cpp/dist/unix-write.js'
removed '/root/.node-red/node_modules/@serialport/bindings-cpp/dist/index.d.ts'
removed '/root/.node-red/node_modules/@serialport/bindings-cpp/dist/darwin.d.ts'
removed directory '/root/.node-red/node_modules/@serialport/bindings-cpp/dist'
removed '/root/.node-red/node_modules/@serialport/bindings-cpp/README.md'
removed '/root/.node-red/node_modules/@serialport/bindings-cpp/node_modules/@serialport/parser-delimiter/package.json'
removed '/root/.node-red/node_modules/@serialport/bindings-cpp/node_modules/@serialport/parser-delimiter/dist/index.js'
removed '/root/.node-red/node_modules/@serialport/bindings-cpp/node_modules/@serialport/parser-delimiter/dist/index.d.ts'
removed directory '/root/.node-red/node_modules/@serialport/bindings-cpp/node_modules/@serialport/parser-delimiter/dist'
removed '/root/.node-red/node_modules/@serialport/bindings-cpp/node_modules/@serialport/parser-delimiter/README.md'
removed '/root/.node-red/node_modules/@serialport/bindings-cpp/node_modules/@serialport/parser-delimiter/LICENSE'
removed directory '/root/.node-red/node_modules/@serialport/bindings-cpp/node_modules/@serialport/parser-delimiter'
removed '/root/.node-red/node_modules/@serialport/bindings-cpp/node_modules/@serialport/parser-readline/package.json'
removed '/root/.node-red/node_modules/@serialport/bindings-cpp/node_modules/@serialport/parser-readline/dist/index.js'
removed '/root/.node-red/node_modules/@serialport/bindings-cpp/node_modules/@serialport/parser-readline/dist/index.d.ts'
removed directory '/root/.node-red/node_modules/@serialport/bindings-cpp/node_modules/@serialport/parser-readline/dist'
removed '/root/.node-red/node_modules/@serialport/bindings-cpp/node_modules/@serialport/parser-readline/README.md'
removed '/root/.node-red/node_modules/@serialport/bindings-cpp/node_modules/@serialport/parser-readline/LICENSE'
removed directory '/root/.node-red/node_modules/@serialport/bindings-cpp/node_modules/@serialport/parser-readline'
removed directory '/root/.node-red/node_modules/@serialport/bindings-cpp/node_modules/@serialport'
removed directory '/root/.node-red/node_modules/@serialport/bindings-cpp/node_modules'
removed '/root/.node-red/node_modules/@serialport/bindings-cpp/src/serialport_unix.cpp'
removed '/root/.node-red/node_modules/@serialport/bindings-cpp/src/serialport.cpp'
removed '/root/.node-red/node_modules/@serialport/bindings-cpp/src/serialport_unix.h'
removed '/root/.node-red/node_modules/@serialport/bindings-cpp/src/serialport.h'
removed '/root/.node-red/node_modules/@serialport/bindings-cpp/src/poller.h'
removed '/root/.node-red/node_modules/@serialport/bindings-cpp/src/poller.cpp'
removed '/root/.node-red/node_modules/@serialport/bindings-cpp/src/darwin_list.cpp'
removed '/root/.node-red/node_modules/@serialport/bindings-cpp/src/serialport_win.h'
removed '/root/.node-red/node_modules/@serialport/bindings-cpp/src/serialport_win.cpp'
removed '/root/.node-red/node_modules/@serialport/bindings-cpp/src/serialport_linux.cpp'
removed '/root/.node-red/node_modules/@serialport/bindings-cpp/src/serialport_linux.h'
removed '/root/.node-red/node_modules/@serialport/bindings-cpp/src/darwin_list.h'
removed directory '/root/.node-red/node_modules/@serialport/bindings-cpp/src'
removed '/root/.node-red/node_modules/@serialport/bindings-cpp/prebuilds/linux-arm64/node.napi.armv8.node'
removed directory '/root/.node-red/node_modules/@serialport/bindings-cpp/prebuilds/linux-arm64'
removed '/root/.node-red/node_modules/@serialport/bindings-cpp/prebuilds/linux-x64/node.napi.glibc.node'
removed '/root/.node-red/node_modules/@serialport/bindings-cpp/prebuilds/linux-x64/node.napi.musl.node'
removed directory '/root/.node-red/node_modules/@serialport/bindings-cpp/prebuilds/linux-x64'
removed '/root/.node-red/node_modules/@serialport/bindings-cpp/prebuilds/android-arm64/node.napi.armv8.node'
removed directory '/root/.node-red/node_modules/@serialport/bindings-cpp/prebuilds/android-arm64'
removed '/root/.node-red/node_modules/@serialport/bindings-cpp/prebuilds/win32-x64/node.napi.node'
removed directory '/root/.node-red/node_modules/@serialport/bindings-cpp/prebuilds/win32-x64'
removed '/root/.node-red/node_modules/@serialport/bindings-cpp/prebuilds/darwin-x64+arm64/node.napi.node'
removed directory '/root/.node-red/node_modules/@serialport/bindings-cpp/prebuilds/darwin-x64+arm64'
removed '/root/.node-red/node_modules/@serialport/bindings-cpp/prebuilds/win32-ia32/node.napi.node'
removed directory '/root/.node-red/node_modules/@serialport/bindings-cpp/prebuilds/win32-ia32'
removed '/root/.node-red/node_modules/@serialport/bindings-cpp/prebuilds/android-arm/node.napi.armv7.node'
removed directory '/root/.node-red/node_modules/@serialport/bindings-cpp/prebuilds/android-arm'
removed '/root/.node-red/node_modules/@serialport/bindings-cpp/prebuilds/linux-arm/node.napi.armv6.node'
removed '/root/.node-red/node_modules/@serialport/bindings-cpp/prebuilds/linux-arm/node.napi.armv7.node'
removed directory '/root/.node-red/node_modules/@serialport/bindings-cpp/prebuilds/linux-arm'
removed directory '/root/.node-red/node_modules/@serialport/bindings-cpp/prebuilds'
removed '/root/.node-red/node_modules/@serialport/bindings-cpp/LICENSE'
removed directory '/root/.node-red/node_modules/@serialport/bindings-cpp'
removed '/root/.node-red/node_modules/@serialport/parser-packet-length/package.json'
removed '/root/.node-red/node_modules/@serialport/parser-packet-length/dist/index.js'
removed '/root/.node-red/node_modules/@serialport/parser-packet-length/dist/index.d.ts'
removed directory '/root/.node-red/node_modules/@serialport/parser-packet-length/dist'
removed '/root/.node-red/node_modules/@serialport/parser-packet-length/README.md'
removed '/root/.node-red/node_modules/@serialport/parser-packet-length/LICENSE'
removed directory '/root/.node-red/node_modules/@serialport/parser-packet-length'
removed '/root/.node-red/node_modules/@serialport/parser-slip-encoder/package.json'
removed '/root/.node-red/node_modules/@serialport/parser-slip-encoder/dist/decoder.js'
removed '/root/.node-red/node_modules/@serialport/parser-slip-encoder/dist/index.js'
removed '/root/.node-red/node_modules/@serialport/parser-slip-encoder/dist/encoder.js'
removed '/root/.node-red/node_modules/@serialport/parser-slip-encoder/dist/decoder.d.ts'
removed '/root/.node-red/node_modules/@serialport/parser-slip-encoder/dist/encoder.d.ts'
removed '/root/.node-red/node_modules/@serialport/parser-slip-encoder/dist/index.d.ts'
removed directory '/root/.node-red/node_modules/@serialport/parser-slip-encoder/dist'
removed '/root/.node-red/node_modules/@serialport/parser-slip-encoder/README.md'
removed '/root/.node-red/node_modules/@serialport/parser-slip-encoder/LICENSE'
removed directory '/root/.node-red/node_modules/@serialport/parser-slip-encoder'
removed '/root/.node-red/node_modules/@serialport/parser-regex/package.json'
removed '/root/.node-red/node_modules/@serialport/parser-regex/dist/index.js'
removed '/root/.node-red/node_modules/@serialport/parser-regex/dist/index.d.ts'
removed directory '/root/.node-red/node_modules/@serialport/parser-regex/dist'
removed '/root/.node-red/node_modules/@serialport/parser-regex/README.md'
removed '/root/.node-red/node_modules/@serialport/parser-regex/LICENSE'
removed directory '/root/.node-red/node_modules/@serialport/parser-regex'
removed '/root/.node-red/node_modules/@serialport/parser-cctalk/package.json'
removed '/root/.node-red/node_modules/@serialport/parser-cctalk/dist/index.js'
removed '/root/.node-red/node_modules/@serialport/parser-cctalk/dist/index.d.ts'
removed directory '/root/.node-red/node_modules/@serialport/parser-cctalk/dist'
removed '/root/.node-red/node_modules/@serialport/parser-cctalk/README.md'
removed '/root/.node-red/node_modules/@serialport/parser-cctalk/LICENSE'
removed directory '/root/.node-red/node_modules/@serialport/parser-cctalk'
removed '/root/.node-red/node_modules/@serialport/parser-ready/package.json'
removed '/root/.node-red/node_modules/@serialport/parser-ready/dist/index.js'
removed '/root/.node-red/node_modules/@serialport/parser-ready/dist/index.d.ts'
removed directory '/root/.node-red/node_modules/@serialport/parser-ready/dist'
removed '/root/.node-red/node_modules/@serialport/parser-ready/README.md'
removed '/root/.node-red/node_modules/@serialport/parser-ready/LICENSE'
removed directory '/root/.node-red/node_modules/@serialport/parser-ready'
removed '/root/.node-red/node_modules/@serialport/parser-readline/package.json'
removed '/root/.node-red/node_modules/@serialport/parser-readline/dist/index.js'
removed '/root/.node-red/node_modules/@serialport/parser-readline/dist/index.d.ts'
removed directory '/root/.node-red/node_modules/@serialport/parser-readline/dist'
removed '/root/.node-red/node_modules/@serialport/parser-readline/README.md'
removed '/root/.node-red/node_modules/@serialport/parser-readline/LICENSE'
removed directory '/root/.node-red/node_modules/@serialport/parser-readline'
removed directory '/root/.node-red/node_modules/@serialport'
removed '/root/.node-red/node_modules/node-red-contrib-buffer-parser/buffer-maker.js'
removed '/root/.node-red/node_modules/node-red-contrib-buffer-parser/package.json'
removed '/root/.node-red/node_modules/node-red-contrib-buffer-parser/buffer-parser.html'
removed '/root/.node-red/node_modules/node-red-contrib-buffer-parser/test/buffer-parser_spec.js'
removed '/root/.node-red/node_modules/node-red-contrib-buffer-parser/test/common-functions_spec.js'
removed '/root/.node-red/node_modules/node-red-contrib-buffer-parser/test/buffer-maker_spec.js'
removed directory '/root/.node-red/node_modules/node-red-contrib-buffer-parser/test'
removed '/root/.node-red/node_modules/node-red-contrib-buffer-parser/examples/buffer-parser examples.json'
removed '/root/.node-red/node_modules/node-red-contrib-buffer-parser/examples/buffer-maker examples.json'
removed directory '/root/.node-red/node_modules/node-red-contrib-buffer-parser/examples'
removed '/root/.node-red/node_modules/node-red-contrib-buffer-parser/common-functions.js'
removed '/root/.node-red/node_modules/node-red-contrib-buffer-parser/buffer-parser.js'
removed '/root/.node-red/node_modules/node-red-contrib-buffer-parser/images/example2.png'
removed '/root/.node-red/node_modules/node-red-contrib-buffer-parser/images/scaling.png'
removed '/root/.node-red/node_modules/node-red-contrib-buffer-parser/images/fanned.png'
removed '/root/.node-red/node_modules/node-red-contrib-buffer-parser/images/example1b.png'
removed '/root/.node-red/node_modules/node-red-contrib-buffer-parser/images/example3.png'
removed '/root/.node-red/node_modules/node-red-contrib-buffer-parser/images/example1a.png'
removed '/root/.node-red/node_modules/node-red-contrib-buffer-parser/images/ui.png'
removed '/root/.node-red/node_modules/node-red-contrib-buffer-parser/images/example2a.png'
removed '/root/.node-red/node_modules/node-red-contrib-buffer-parser/images/example2b.png'
removed '/root/.node-red/node_modules/node-red-contrib-buffer-parser/images/example1.png'
removed '/root/.node-red/node_modules/node-red-contrib-buffer-parser/images/node.png'
removed '/root/.node-red/node_modules/node-red-contrib-buffer-parser/images/help.png'
removed '/root/.node-red/node_modules/node-red-contrib-buffer-parser/images/example3b.png'
removed directory '/root/.node-red/node_modules/node-red-contrib-buffer-parser/images'
removed '/root/.node-red/node_modules/node-red-contrib-buffer-parser/README.md'
removed '/root/.node-red/node_modules/node-red-contrib-buffer-parser/buffer-maker.html'
removed '/root/.node-red/node_modules/node-red-contrib-buffer-parser/LICENSE'
removed directory '/root/.node-red/node_modules/node-red-contrib-buffer-parser'
removed '/root/.node-red/node_modules/node-red-node-ping/package.json'
removed '/root/.node-red/node_modules/node-red-node-ping/88-ping.html'
removed '/root/.node-red/node_modules/node-red-node-ping/88-ping.js'
removed '/root/.node-red/node_modules/node-red-node-ping/README.md'
removed '/root/.node-red/node_modules/node-red-node-ping/locales/de/88-ping.json'
removed directory '/root/.node-red/node_modules/node-red-node-ping/locales/de'
removed '/root/.node-red/node_modules/node-red-node-ping/locales/ja/88-ping.json'
removed '/root/.node-red/node_modules/node-red-node-ping/locales/ja/88-ping.html'
removed directory '/root/.node-red/node_modules/node-red-node-ping/locales/ja'
removed '/root/.node-red/node_modules/node-red-node-ping/locales/en-US/88-ping.json'
removed '/root/.node-red/node_modules/node-red-node-ping/locales/en-US/88-ping.html'
removed directory '/root/.node-red/node_modules/node-red-node-ping/locales/en-US'
removed directory '/root/.node-red/node_modules/node-red-node-ping/locales'
removed '/root/.node-red/node_modules/node-red-node-ping/LICENSE'
removed directory '/root/.node-red/node_modules/node-red-node-ping'
removed '/root/.node-red/node_modules/node-addon-api/package.json'
removed '/root/.node-red/node_modules/node-addon-api/index.js'
removed '/root/.node-red/node_modules/node-addon-api/napi-inl.deprecated.h'
removed '/root/.node-red/node_modules/node-addon-api/napi-inl.h'
removed '/root/.node-red/node_modules/node-addon-api/README.md'
removed '/root/.node-red/node_modules/node-addon-api/LICENSE.md'
removed '/root/.node-red/node_modules/node-addon-api/node_api.gyp'
removed '/root/.node-red/node_modules/node-addon-api/nothing.c'
removed '/root/.node-red/node_modules/node-addon-api/common.gypi'
removed '/root/.node-red/node_modules/node-addon-api/napi.h'
removed '/root/.node-red/node_modules/node-addon-api/tools/eslint-format.js'
removed '/root/.node-red/node_modules/node-addon-api/tools/clang-format.js'
removed '/root/.node-red/node_modules/node-addon-api/tools/conversion.js'
removed '/root/.node-red/node_modules/node-addon-api/tools/README.md'
removed '/root/.node-red/node_modules/node-addon-api/tools/check-napi.js'
removed directory '/root/.node-red/node_modules/node-addon-api/tools'
removed '/root/.node-red/node_modules/node-addon-api/noexcept.gypi'
removed '/root/.node-red/node_modules/node-addon-api/package-support.json'
removed '/root/.node-red/node_modules/node-addon-api/except.gypi'
removed directory '/root/.node-red/node_modules/node-addon-api'
removed directory '/root/.node-red/node_modules'
removed '/root/.node-red/.config.runtime.json'
removed '/root/.node-red/environment'
removed directory '/root/.node-red/lib/flows'
removed directory '/root/.node-red/lib'
removed '/root/.node-red/.config.nodes.json'
removed '/root/.node-red/.config.users.json'
removed '/root/.node-red/package-lock.json'
removed directory '/root/.node-red'
[14:25:35] === 5. Чистим journal/failed-state и daemon-reload ===
[14:25:38] === 6. Проверка после удаления ===
--- units ---
start_nodered.service                        masked          enabled
--- packages ---
--- processes ---
  (нет — OK)
--- residual files ---
/etc/systemd/system/start_nodered.service
  (нет — OK)
[14:25:41] === 7. Logs мусор за последние 5 минут (должно стать 0) ===
0
  nodered messages in last 5 min
